ISO-10303-21;
HEADER;
/* Generated by software containing ST-Developer
 * from STEP Tools, Inc. (www.steptools.com) 
 */

FILE_DESCRIPTION(
/* description */ (''),
/* implementation_level */ '2;1');

FILE_NAME(
/* name */ 'base-2026-06-10.step',
/* time_stamp */ '2026-06-10T03:16:50+02:00',
/* author */ (''),
/* organization */ (''),
/* preprocessor_version */ 'ST-DEVELOPER v20.1',
/* originating_system */ 'Autodesk Translation Framework v15.8.0.0',
/* authorisation */ '');

FILE_SCHEMA (('AUTOMOTIVE_DESIGN { 1 0 10303 214 3 1 1 }'));
ENDSEC;

DATA;
#10=MECHANICAL_DESIGN_GEOMETRIC_PRESENTATION_REPRESENTATION('',(#17),#7221);
#11=ITEM_DEFINED_TRANSFORMATION($,$,#3672,#4017);
#12=(
REPRESENTATION_RELATIONSHIP($,$,#7232,#7231)
REPRESENTATION_RELATIONSHIP_WITH_TRANSFORMATION(#11)
SHAPE_REPRESENTATION_RELATIONSHIP()
);
#13=CONTEXT_DEPENDENT_SHAPE_REPRESENTATION(#12,#7230);
#14=NEXT_ASSEMBLY_USAGE_OCCURRENCE('base:1','base:1','base:1',#7234,#7235,
'base:1');
#15=SHAPE_REPRESENTATION_RELATIONSHIP('SRR','None',#7232,#16);
#16=ADVANCED_BREP_SHAPE_REPRESENTATION('',(#18),#7220);
#17=STYLED_ITEM('',(#7247),#18);
#18=MANIFOLD_SOLID_BREP('base',#3658);
#19=(
BOUNDED_CURVE()
B_SPLINE_CURVE(2,(#6103,#6104,#6105),.UNSPECIFIED.,.F.,.F.)
B_SPLINE_CURVE_WITH_KNOTS((3,3),(0.,0.452281204570564),.UNSPECIFIED.)
CURVE()
GEOMETRIC_REPRESENTATION_ITEM()
RATIONAL_B_SPLINE_CURVE((1.,1.,1.))
REPRESENTATION_ITEM('')
);
#20=(
BOUNDED_CURVE()
B_SPLINE_CURVE(2,(#6109,#6110,#6111),.UNSPECIFIED.,.F.,.F.)
B_SPLINE_CURVE_WITH_KNOTS((3,3),(0.,0.452281204559772),.UNSPECIFIED.)
CURVE()
GEOMETRIC_REPRESENTATION_ITEM()
RATIONAL_B_SPLINE_CURVE((1.,1.,1.))
REPRESENTATION_ITEM('')
);
#21=(
BOUNDED_CURVE()
B_SPLINE_CURVE(2,(#6119,#6120,#6121),.UNSPECIFIED.,.F.,.F.)
B_SPLINE_CURVE_WITH_KNOTS((3,3),(0.,0.452281204536719),.UNSPECIFIED.)
CURVE()
GEOMETRIC_REPRESENTATION_ITEM()
RATIONAL_B_SPLINE_CURVE((1.,1.,1.))
REPRESENTATION_ITEM('')
);
#22=(
BOUNDED_CURVE()
B_SPLINE_CURVE(2,(#6125,#6126,#6127),.UNSPECIFIED.,.F.,.F.)
B_SPLINE_CURVE_WITH_KNOTS((3,3),(0.,0.452281204596465),.UNSPECIFIED.)
CURVE()
GEOMETRIC_REPRESENTATION_ITEM()
RATIONAL_B_SPLINE_CURVE((1.,1.,1.))
REPRESENTATION_ITEM('')
);
#23=TOROIDAL_SURFACE('',#3746,7.,2.5);
#24=TOROIDAL_SURFACE('',#3749,18.5000000006638,2.5);
#25=TOROIDAL_SURFACE('',#3759,7.,2.5);
#26=TOROIDAL_SURFACE('',#3766,18.5000000006638,2.5);
#27=TOROIDAL_SURFACE('',#3805,17.0000000006638,4.);
#28=TOROIDAL_SURFACE('',#3928,24.2999995258547,1.5);
#29=TOROIDAL_SURFACE('',#3931,24.2999995258547,1.5);
#30=TOROIDAL_SURFACE('',#3943,7.96228452060076,2.55);
#31=TOROIDAL_SURFACE('',#3956,7.96228452060076,2.55);
#32=TOROIDAL_SURFACE('',#3962,25.5377158221259,2.55);
#33=TOROIDAL_SURFACE('',#3971,25.5377158221259,2.55);
#34=(
BOUNDED_SURFACE()
B_SPLINE_SURFACE(2,2,((#5730,#5731,#5732),(#5733,#5734,#5735),(#5736,#5737,
#5738)),.UNSPECIFIED.,.F.,.F.,.F.)
B_SPLINE_SURFACE_WITH_KNOTS((3,3),(3,3),(-1.5707963267949,0.),(1.00971671223528,
2.30991645839502),.UNSPECIFIED.)
GEOMETRIC_REPRESENTATION_ITEM()
RATIONAL_B_SPLINE_SURFACE(((1.,0.796023352748598,1.),(0.707106781186547,
0.562873510711385,0.707106781186547),(1.,0.796023352748598,1.)))
REPRESENTATION_ITEM('')
SURFACE()
);
#35=(
BOUNDED_SURFACE()
B_SPLINE_SURFACE(2,2,((#5873,#5874,#5875),(#5876,#5877,#5878),(#5879,#5880,
#5881)),.UNSPECIFIED.,.F.,.F.,.F.)
B_SPLINE_SURFACE_WITH_KNOTS((3,3),(3,3),(-1.5707963267949,0.),(-2.30991645807696,
-1.00971671213152),.UNSPECIFIED.)
GEOMETRIC_REPRESENTATION_ITEM()
RATIONAL_B_SPLINE_SURFACE(((1.,0.796023352813453,1.),(0.70710678118655,
0.562873510757246,0.70710678118655),(1.,0.796023352813453,1.)))
REPRESENTATION_ITEM('')
SURFACE()
);
#36=(
BOUNDED_SURFACE()
B_SPLINE_SURFACE(5,1,((#7057,#7058),(#7059,#7060),(#7061,#7062),(#7063,
#7064),(#7065,#7066),(#7067,#7068),(#7069,#7070),(#7071,#7072),(#7073,#7074),
(#7075,#7076),(#7077,#7078),(#7079,#7080),(#7081,#7082),(#7083,#7084),(#7085,
#7086),(#7087,#7088),(#7089,#7090),(#7091,#7092),(#7093,#7094),(#7095,#7096),
(#7097,#7098),(#7099,#7100),(#7101,#7102),(#7103,#7104)),.UNSPECIFIED.,
 .F.,.F.,.F.)
B_SPLINE_SURFACE_WITH_KNOTS((6,1,1,1,1,1,1,1,1,1,1,1,1,1,1,1,1,1,1,6),(2,
2),(-0.739783728117316,-0.72,-0.68,-0.64,-0.6,-0.56,-0.52,-0.48,-0.44,-0.4,
-0.36,-0.32,-0.28,-0.24,-0.2,-0.16,-0.12,-0.08,-0.04,0.),(-1.560906,1.5606),
 .UNSPECIFIED.)
GEOMETRIC_REPRESENTATION_ITEM()
RATIONAL_B_SPLINE_SURFACE(((1.,1.),(1.,1.),(1.,1.),(1.,1.),(1.,1.),(1.,
1.),(1.,1.),(1.,1.),(1.,1.),(1.,1.),(1.,1.),(1.,1.),(1.,1.),(1.,1.),(1.,
1.),(1.,1.),(1.,1.),(1.,1.),(1.,1.),(1.,1.),(1.,1.),(1.,1.),(1.,1.),(1.,
1.)))
REPRESENTATION_ITEM('')
SURFACE()
);
#37=ELLIPSE('',#3690,4.14110472164033,4.);
#38=ELLIPSE('',#3693,4.14110472164033,4.);
#39=ELLIPSE('',#3771,21.2781384359361,16.2999997087652);
#40=ELLIPSE('',#3772,48.3962431756904,26.3264802035035);
#41=ELLIPSE('',#3788,21.2781384359361,16.2999997087652);
#42=ELLIPSE('',#3789,25.3582979247438,16.2999997087652);
#43=ELLIPSE('',#3791,25.3582979247438,16.2999997087652);
#44=ELLIPSE('',#3792,21.2781384359361,16.2999997087652);
#45=ELLIPSE('',#3793,21.2781384359361,16.2999997087652);
#46=ELLIPSE('',#3794,25.3582979247438,16.2999997087652);
#47=ELLIPSE('',#3796,25.3582979247439,16.2999997087652);
#48=ELLIPSE('',#3799,18.6010447249744,4.5);
#49=ELLIPSE('',#3801,48.3962431829993,26.3264802074793);
#50=ELLIPSE('',#3804,48.3962431885929,26.3264802105221);
#51=ELLIPSE('',#3811,48.3962431806687,26.3264802062112);
#52=CONICAL_SURFACE('',#3686,2.05,1.0471975511966);
#53=CONICAL_SURFACE('',#3696,2.05,1.0471975511966);
#54=CONICAL_SURFACE('',#3809,18.6505210333674,0.698131700797731);
#55=CONICAL_SURFACE('',#3812,18.6505210333674,0.698131700797731);
#56=B_SPLINE_CURVE_WITH_KNOTS('',3,(#5110,#5111,#5112,#5113),
 .UNSPECIFIED.,.F.,.F.,(4,4),(-0.0382141181982077,0.0382141182196678),
 .UNSPECIFIED.);
#57=B_SPLINE_CURVE_WITH_KNOTS('',3,(#5116,#5117,#5118,#5119),
 .UNSPECIFIED.,.F.,.F.,(4,4),(-0.0382141182196678,0.0382141181982077),
 .UNSPECIFIED.);
#58=B_SPLINE_CURVE_WITH_KNOTS('',3,(#5144,#5145,#5146,#5147),
 .UNSPECIFIED.,.F.,.F.,(4,4),(-2.51271768835342,-1.82548417119537),
 .UNSPECIFIED.);
#59=B_SPLINE_CURVE_WITH_KNOTS('',3,(#5148,#5149,#5150,#5151),
 .UNSPECIFIED.,.F.,.F.,(4,4),(1.82548417119537,2.51271768835342),
 .UNSPECIFIED.);
#60=B_SPLINE_CURVE_WITH_KNOTS('',3,(#5168,#5169,#5170,#5171),
 .UNSPECIFIED.,.F.,.F.,(4,4),(-1.31610848239442,-0.628874965238052),
 .UNSPECIFIED.);
#61=B_SPLINE_CURVE_WITH_KNOTS('',3,(#5172,#5173,#5174,#5175),
 .UNSPECIFIED.,.F.,.F.,(4,4),(0.628874965238052,1.31610848239442),
 .UNSPECIFIED.);
#62=B_SPLINE_CURVE_WITH_KNOTS('',3,(#5178,#5179,#5180,#5181),
 .UNSPECIFIED.,.F.,.F.,(4,4),(-1.31610848239442,-0.628874965238052),
 .UNSPECIFIED.);
#63=B_SPLINE_CURVE_WITH_KNOTS('',3,(#5183,#5184,#5185,#5186,#5187,#5188),
 .UNSPECIFIED.,.F.,.F.,(4,2,4),(-0.0382141181982082,0.,0.0382141182196682),
 .UNSPECIFIED.);
#64=B_SPLINE_CURVE_WITH_KNOTS('',3,(#5189,#5190,#5191,#5192),
 .UNSPECIFIED.,.F.,.F.,(4,4),(-2.51271768835342,-1.82548417119537),
 .UNSPECIFIED.);
#65=B_SPLINE_CURVE_WITH_KNOTS('',3,(#5194,#5195,#5196,#5197,#5198,#5199,
#5200,#5201,#5202,#5203),.UNSPECIFIED.,.F.,.F.,(4,2,2,2,4),(1.47155100593574,
1.50732167804689,1.61948149504776,1.7851281909902,1.95077488693265),
 .UNSPECIFIED.);
#66=B_SPLINE_CURVE_WITH_KNOTS('',3,(#5214,#5215,#5216,#5217,#5218,#5219,
#5220,#5221,#5222,#5223),.UNSPECIFIED.,.F.,.F.,(4,2,2,2,4),(0.,0.165646695942444,
0.331293391884888,0.443453208885755,0.479223880996172),.UNSPECIFIED.);
#67=B_SPLINE_CURVE_WITH_KNOTS('',3,(#5256,#5257,#5258,#5259,#5260,#5261),
 .UNSPECIFIED.,.F.,.F.,(4,2,4),(-0.0382141182196682,0.,0.0382141181982082),
 .UNSPECIFIED.);
#68=B_SPLINE_CURVE_WITH_KNOTS('',3,(#5286,#5287,#5288,#5289),
 .UNSPECIFIED.,.F.,.F.,(4,4),(1.82548417119537,2.51271768835342),
 .UNSPECIFIED.);
#69=B_SPLINE_CURVE_WITH_KNOTS('',3,(#5306,#5307,#5308,#5309),
 .UNSPECIFIED.,.F.,.F.,(4,4),(0.628874965238052,1.31610848239442),
 .UNSPECIFIED.);
#70=B_SPLINE_CURVE_WITH_KNOTS('',3,(#5414,#5415,#5416,#5417,#5418,#5419,
#5420,#5421,#5422,#5423,#5424,#5425,#5426,#5427,#5428,#5429,#5430,#5431,
#5432,#5433,#5434,#5435),.UNSPECIFIED.,.F.,.F.,(4,2,2,2,2,2,2,2,2,2,4),
(0.,0.246350563010142,0.397748223644451,0.459005492484615,0.483160237573331,
0.499891069025851,0.512924163608415,0.526875790121475,0.549043240412899,
0.591892882348916,0.706283260728937),.UNSPECIFIED.);
#71=B_SPLINE_CURVE_WITH_KNOTS('',3,(#5516,#5517,#5518,#5519,#5520,#5521,
#5522,#5523,#5524,#5525,#5526,#5527,#5528,#5529,#5530,#5531,#5532,#5533,
#5534,#5535,#5536,#5537,#5538,#5539,#5540,#5541,#5542,#5543,#5544,#5545,
#5546,#5547,#5548,#5549),.UNSPECIFIED.,.T.,.F.,(4,2,2,2,2,2,2,2,2,2,2,2,
2,2,2,2,4),(0.,0.0584295764685859,0.116859152937172,0.175288519869171,0.23371788680117,
0.292147253733169,0.350576620665168,0.409006197133754,0.46743577360234,
0.525865350070926,0.584294926539512,0.642724293471511,0.70115366040351,
0.759583027335509,0.818012394267508,0.876441970736094,0.93487154720468),
 .UNSPECIFIED.);
#72=B_SPLINE_CURVE_WITH_KNOTS('',3,(#5552,#5553,#5554,#5555,#5556,#5557,
#5558,#5559,#5560,#5561,#5562,#5563,#5564,#5565,#5566,#5567,#5568,#5569,
#5570,#5571,#5572,#5573,#5574,#5575,#5576,#5577,#5578,#5579,#5580,#5581,
#5582,#5583,#5584,#5585),.UNSPECIFIED.,.T.,.F.,(4,2,2,2,2,2,2,2,2,2,2,2,
2,2,2,2,4),(0.,0.0584092573218666,0.116818514643733,0.17522771321162,0.233636911779507,
0.292046110348013,0.35045530891652,0.40886456623845,0.467273823560379,0.525683080882309,
0.584092338204239,0.642501536772746,0.700910735341252,0.759319933909139,
0.817729132477026,0.876138389798892,0.934547647120759),.UNSPECIFIED.);
#73=B_SPLINE_CURVE_WITH_KNOTS('',3,(#5588,#5589,#5590,#5591,#5592,#5593,
#5594,#5595,#5596,#5597,#5598,#5599,#5600,#5601,#5602,#5603,#5604,#5605,
#5606,#5607,#5608,#5609,#5610,#5611,#5612,#5613,#5614,#5615,#5616,#5617,
#5618,#5619,#5620,#5621),.UNSPECIFIED.,.T.,.F.,(4,2,2,2,2,2,2,2,2,2,2,2,
2,2,2,2,4),(0.,0.0584295764685859,0.116859152937172,0.175288519869171,0.23371788680117,
0.292147253733169,0.350576620665169,0.409006197133755,0.46743577360234,
0.525865350070926,0.584294926539512,0.642724293471511,0.701153660403511,
0.75958302733551,0.818012394267509,0.876441970736095,0.934871547204681),
 .UNSPECIFIED.);
#74=B_SPLINE_CURVE_WITH_KNOTS('',3,(#5624,#5625,#5626,#5627,#5628,#5629,
#5630,#5631,#5632,#5633,#5634,#5635,#5636,#5637,#5638,#5639,#5640,#5641,
#5642,#5643,#5644,#5645,#5646,#5647,#5648,#5649,#5650,#5651,#5652,#5653,
#5654,#5655,#5656,#5657),.UNSPECIFIED.,.T.,.F.,(4,2,2,2,2,2,2,2,2,2,2,2,
2,2,2,2,4),(0.,0.0584092573218921,0.116818514643784,0.175227713211922,0.233636911780059,
0.292046110348315,0.350455308916571,0.408864566238475,0.46727382356038,
0.525683080882284,0.584092338204188,0.642501536772444,0.7009107353407,0.759319933908837,
0.817729132476974,0.876138389798866,0.934547647120758),.UNSPECIFIED.);
#75=B_SPLINE_CURVE_WITH_KNOTS('',3,(#5660,#5661,#5662,#5663,#5664,#5665,
#5666,#5667,#5668,#5669,#5670,#5671,#5672,#5673,#5674,#5675,#5676,#5677,
#5678,#5679,#5680,#5681,#5682,#5683,#5684,#5685,#5686,#5687,#5688,#5689,
#5690,#5691,#5692,#5693),.UNSPECIFIED.,.T.,.F.,(4,2,2,2,2,2,2,2,2,2,2,2,
2,2,2,2,4),(0.,0.058429576468586,0.116859152937172,0.175288519869171,0.23371788680117,
0.292147253733169,0.350576620665168,0.409006197133754,0.46743577360234,
0.525865350070926,0.584294926539512,0.642724293471511,0.701153660403511,
0.75958302733551,0.818012394267509,0.876441970736095,0.934871547204681),
 .UNSPECIFIED.);
#76=B_SPLINE_CURVE_WITH_KNOTS('',3,(#5696,#5697,#5698,#5699,#5700,#5701,
#5702,#5703,#5704,#5705,#5706,#5707,#5708,#5709,#5710,#5711,#5712,#5713,
#5714,#5715,#5716,#5717,#5718,#5719,#5720,#5721,#5722,#5723,#5724,#5725,
#5726,#5727,#5728,#5729),.UNSPECIFIED.,.T.,.F.,(4,2,2,2,2,2,2,2,2,2,2,2,
2,2,2,2,4),(0.,0.0584092573219219,0.116818514643844,0.17522771321227,0.233636911780697,
0.292046110348663,0.35045530891663,0.408864566238505,0.467273823560379,
0.525683080882254,0.584092338204129,0.642501536772096,0.700910735340062,
0.759319933908489,0.817729132476916,0.876138389798837,0.934547647120759),
 .UNSPECIFIED.);
#77=B_SPLINE_CURVE_WITH_KNOTS('',3,(#5750,#5751,#5752,#5753,#5754,#5755,
#5756,#5757,#5758,#5759),.UNSPECIFIED.,.F.,.F.,(4,2,2,2,4),(-0.000916356581816527,
0.,0.213342202414922,0.407159887917781,0.54224056939134),.UNSPECIFIED.);
#78=B_SPLINE_CURVE_WITH_KNOTS('',3,(#5795,#5796,#5797,#5798,#5799,#5800),
 .UNSPECIFIED.,.F.,.F.,(4,2,4),(0.265293544656546,0.39303507641086,0.393956226564779),
 .UNSPECIFIED.);
#79=B_SPLINE_CURVE_WITH_KNOTS('',3,(#5801,#5802,#5803,#5804,#5805),
 .UNSPECIFIED.,.F.,.F.,(4,1,4),(0.5144672828374,0.635980577414039,1.00588832047927),
 .UNSPECIFIED.);
#80=B_SPLINE_CURVE_WITH_KNOTS('',3,(#5807,#5808,#5809,#5810),
 .UNSPECIFIED.,.F.,.F.,(4,4),(-1.00588832047927,-0.689256335909419),
 .UNSPECIFIED.);
#81=B_SPLINE_CURVE_WITH_KNOTS('',3,(#5812,#5813,#5814,#5815,#5816,#5817,
#5818,#5819,#5820,#5821),.UNSPECIFIED.,.F.,.F.,(4,2,2,2,4),(-0.00103389060219402,
0.,0.0948787808179645,0.187270266926058,0.283519863457178),
 .UNSPECIFIED.);
#82=B_SPLINE_CURVE_WITH_KNOTS('',3,(#5822,#5823,#5824,#5825,#5826,#5827,
#5828,#5829,#5830,#5831,#5832,#5833,#5834,#5835,#5836,#5837,#5838,#5839,
#5840),.UNSPECIFIED.,.F.,.F.,(4,3,3,3,3,3,4),(0.00032367531281674,0.0235027337678304,
0.0482987572021812,0.0717444125776857,0.0842766621663809,0.0968196646507256,
0.107287743159373),.UNSPECIFIED.);
#83=B_SPLINE_CURVE_WITH_KNOTS('',3,(#5862,#5863,#5864,#5865,#5866,#5867,
#5868,#5869,#5870,#5871),.UNSPECIFIED.,.F.,.F.,(4,2,2,2,4),(1.30620842042507,
1.41892028373998,1.58064253919577,1.7586561300159,1.75942074163055),
 .UNSPECIFIED.);
#84=B_SPLINE_CURVE_WITH_KNOTS('',3,(#5920,#5921,#5922,#5923,#5924,#5925,
#5926,#5927,#5928,#5929),.UNSPECIFIED.,.F.,.F.,(4,2,2,2,4),(0.193131056720163,
0.283975722758632,0.37122947467391,0.460780833095174,0.461757067299164),
 .UNSPECIFIED.);
#85=B_SPLINE_CURVE_WITH_KNOTS('',3,(#5930,#5931,#5932,#5933),
 .UNSPECIFIED.,.F.,.F.,(4,4),(0.688008927196635,1.00369501048342),
 .UNSPECIFIED.);
#86=B_SPLINE_CURVE_WITH_KNOTS('',3,(#5935,#5936,#5937,#5938,#5939),
 .UNSPECIFIED.,.F.,.F.,(4,1,4),(-1.00369501048342,-0.634819135850613,-0.513419053612381),
 .UNSPECIFIED.);
#87=B_SPLINE_CURVE_WITH_KNOTS('',3,(#5941,#5942,#5943,#5944,#5945,#5946),
 .UNSPECIFIED.,.F.,.F.,(4,2,4),(-0.000917693113611039,0.,0.124640089295828),
 .UNSPECIFIED.);
#88=B_SPLINE_CURVE_WITH_KNOTS('',3,(#5947,#5948,#5949,#5950),
 .UNSPECIFIED.,.F.,.F.,(4,4),(0.146086457458512,0.337746063275642),
 .UNSPECIFIED.);
#89=B_SPLINE_CURVE_WITH_KNOTS('',3,(#5962,#5963,#5964,#5965,#5966,#5967),
 .UNSPECIFIED.,.F.,.F.,(4,2,4),(1.77292726126878,1.90640271526296,2.07870716013813),
 .UNSPECIFIED.);
#90=B_SPLINE_CURVE_WITH_KNOTS('',3,(#5998,#5999,#6000,#6001,#6002,#6003),
 .UNSPECIFIED.,.F.,.F.,(4,2,4),(0.711094506550504,0.88339895142238,1.01687440541467),
 .UNSPECIFIED.);
#91=B_SPLINE_CURVE_WITH_KNOTS('',3,(#6019,#6020,#6021,#6022,#6023,#6024),
 .UNSPECIFIED.,.F.,.F.,(4,2,4),(1.77292726126878,1.90640271526296,2.02316178954533),
 .UNSPECIFIED.);
#92=B_SPLINE_CURVE_WITH_KNOTS('',3,(#6026,#6027,#6028,#6029,#6030,#6031),
 .UNSPECIFIED.,.F.,.F.,(4,2,4),(0.766639877141809,0.88339895142238,1.01687440541467),
 .UNSPECIFIED.);
#93=B_SPLINE_CURVE_WITH_KNOTS('',3,(#6049,#6050,#6051,#6052,#6053,#6054),
 .UNSPECIFIED.,.F.,.F.,(4,2,4),(0.466584996837541,0.477478122539142,0.518471715329892),
 .UNSPECIFIED.);
#94=B_SPLINE_CURVE_WITH_KNOTS('',3,(#6056,#6057,#6058,#6059,#6060,#6061,
#6062,#6063),.UNSPECIFIED.,.F.,.F.,(4,2,2,4),(-0.367613048322313,-0.267091212980158,
-0.140561055762024,-0.0978764847248537),.UNSPECIFIED.);
#95=B_SPLINE_CURVE_WITH_KNOTS('',3,(#6075,#6076,#6077,#6078,#6079,#6080,
#6081,#6082),.UNSPECIFIED.,.F.,.F.,(4,2,2,4),(-2.76383638136159,-2.67555769892026,
-2.55417770218248,-2.49121863714327),.UNSPECIFIED.);
#96=B_SPLINE_CURVE_WITH_KNOTS('',3,(#6084,#6085,#6086,#6087,#6088,#6089),
 .UNSPECIFIED.,.F.,.F.,(4,2,4),(-0.51847171542649,-0.477478122564203,-0.466584996935534),
 .UNSPECIFIED.);
#97=B_SPLINE_CURVE_WITH_KNOTS('',3,(#6284,#6285,#6286,#6287,#6288,#6289,
#6290,#6291,#6292,#6293,#6294,#6295,#6296,#6297,#6298,#6299,#6300,#6301,
#6302,#6303,#6304,#6305,#6306,#6307,#6308,#6309,#6310,#6311,#6312,#6313,
#6314,#6315,#6316,#6317,#6318,#6319,#6320,#6321,#6322,#6323,#6324,#6325,
#6326,#6327,#6328,#6329,#6330,#6331,#6332,#6333,#6334,#6335,#6336,#6337,
#6338,#6339,#6340,#6341,#6342,#6343,#6344,#6345,#6346,#6347,#6348,#6349,
#6350,#6351,#6352,#6353,#6354,#6355,#6356,#6357,#6358,#6359,#6360,#6361,
#6362,#6363,#6364,#6365,#6366,#6367,#6368,#6369,#6370,#6371,#6372,#6373,
#6374,#6375,#6376,#6377,#6378,#6379,#6380,#6381,#6382,#6383,#6384,#6385,
#6386,#6387,#6388,#6389,#6390,#6391,#6392,#6393,#6394,#6395),
 .UNSPECIFIED.,.F.,.F.,(4,3,3,3,3,3,3,3,3,3,3,3,3,3,3,3,3,3,3,3,3,3,3,3,
3,3,3,3,3,3,3,3,3,3,3,3,3,4),(1.15147819262008,1.17675399273915,1.1967080157027,
1.21405929271775,1.23085166986751,1.24718394483524,1.26311922418119,1.27870701752004,
1.29442605036617,1.31126105721209,1.32983806795947,1.35038588901145,1.36951692091896,
1.38856727268138,1.40741550579277,1.42573570629643,1.44344785226294,1.46107811905566,
1.47898721587607,1.49717874926138,1.51564455911857,1.53438896028558,1.55363584273421,
1.57352938702985,1.59469753719569,1.61689728149855,1.6402067692713,1.6649578762645,
1.69178258499948,1.72455308307397,1.75394335934523,1.77921814647735,1.80321643633346,
1.82644206419035,1.84876143513698,1.87021019014408,1.889888033513,1.89611894776103),
 .UNSPECIFIED.);
#98=B_SPLINE_CURVE_WITH_KNOTS('',3,(#6470,#6471,#6472,#6473),
 .UNSPECIFIED.,.F.,.F.,(4,4),(0.381080777115356,0.385393810256939),
 .UNSPECIFIED.);
#99=B_SPLINE_CURVE_WITH_KNOTS('',3,(#6476,#6477,#6478,#6479),
 .UNSPECIFIED.,.F.,.F.,(4,4),(1.14025254347627,1.14456557661785),
 .UNSPECIFIED.);
#100=B_SPLINE_CURVE_WITH_KNOTS('',3,(#6482,#6483,#6484,#6485,#6486,#6487),
 .UNSPECIFIED.,.F.,.F.,(4,2,4),(0.181198250323638,0.260274290693159,0.437288749981474),
 .UNSPECIFIED.);
#101=B_SPLINE_CURVE_WITH_KNOTS('',3,(#6497,#6498,#6499,#6500,#6501,#6502,
#6503,#6504,#6505,#6506,#6507,#6508,#6509,#6510,#6511,#6512,#6513,#6514,
#6515,#6516,#6517,#6518,#6519,#6520,#6521,#6522,#6523,#6524),
 .UNSPECIFIED.,.F.,.F.,(4,2,2,2,2,2,2,2,2,2,2,2,2,4),(-1.49753265072656E-6,
0.,2.99759879443025E-6,9.43208426681737E-6,2.25545335641607E-5,4.89049805056161E-5,
0.000101665934320547,0.000207530544150219,0.000421289642139528,0.000858712147736461,
0.00177923222398921,0.00383922102088698,0.00825770357721108,0.0135944943722627),
 .UNSPECIFIED.);
#102=B_SPLINE_CURVE_WITH_KNOTS('',3,(#6610,#6611,#6612,#6613,#6614,#6615,
#6616,#6617,#6618,#6619,#6620,#6621),.UNSPECIFIED.,.F.,.F.,(4,2,2,2,2,4),
(0.0524586984767022,0.0890562949369901,0.200461772609746,0.298982801595883,
0.319382342893278,0.331482982024493),.UNSPECIFIED.);
#103=B_SPLINE_CURVE_WITH_KNOTS('',3,(#6623,#6624,#6625,#6626,#6627,#6628,
#6629,#6630,#6631,#6632),.UNSPECIFIED.,.F.,.F.,(4,2,2,2,4),(0.441594472883636,
0.468925552026034,0.499845981261277,0.552193505784929,0.557012075728715),
 .UNSPECIFIED.);
#104=B_SPLINE_CURVE_WITH_KNOTS('',3,(#6634,#6635,#6636,#6637,#6638,#6639),
 .UNSPECIFIED.,.F.,.F.,(4,2,4),(1.40112638586652,1.45553730255458,1.48095221911418),
 .UNSPECIFIED.);
#105=B_SPLINE_CURVE_WITH_KNOTS('',3,(#6641,#6642,#6643,#6644,#6645,#6646,
#6647,#6648),.UNSPECIFIED.,.F.,.F.,(4,2,2,4),(0.262269940953009,0.281591460984414,
0.303618321941479,0.323052556551565),.UNSPECIFIED.);
#106=B_SPLINE_CURVE_WITH_KNOTS('',3,(#6652,#6653,#6654,#6655),
 .UNSPECIFIED.,.F.,.F.,(4,4),(-0.0832153904334979,0.),.UNSPECIFIED.);
#107=B_SPLINE_CURVE_WITH_KNOTS('',3,(#6657,#6658,#6659,#6660,#6661,#6662,
#6663),.UNSPECIFIED.,.F.,.F.,(4,3,4),(-0.0073214790395724,-0.00365036275424631,
0.),.UNSPECIFIED.);
#108=B_SPLINE_CURVE_WITH_KNOTS('',3,(#6665,#6666,#6667,#6668,#6669,#6670,
#6671),.UNSPECIFIED.,.F.,.F.,(4,3,4),(-0.0165847864776426,-0.00829927865203462,
0.),.UNSPECIFIED.);
#109=B_SPLINE_CURVE_WITH_KNOTS('',3,(#6672,#6673,#6674,#6675),
 .UNSPECIFIED.,.F.,.F.,(4,4),(-0.0564698746670784,0.),.UNSPECIFIED.);
#110=B_SPLINE_CURVE_WITH_KNOTS('',3,(#6677,#6678,#6679,#6680,#6681,#6682,
#6683,#6684,#6685,#6686,#6687,#6688,#6689,#6690,#6691,#6692,#6693,#6694,
#6695,#6696,#6697,#6698,#6699,#6700,#6701,#6702,#6703,#6704,#6705,#6706,
#6707,#6708,#6709,#6710,#6711,#6712,#6713,#6714,#6715,#6716),
 .UNSPECIFIED.,.F.,.F.,(4,3,3,3,3,3,3,3,3,3,3,3,3,4),(-2.51209626416467,
-2.50592818141343,-2.49566337854711,-2.48464017547256,-2.47361697239801,
-2.46411005948445,-2.42652972905827,-2.40899694200107,-2.37656544488946,
-2.34409134067762,-2.29849455413576,-2.25435676505888,-2.21208096465166,
-2.18304711566319),.UNSPECIFIED.);
#111=B_SPLINE_CURVE_WITH_KNOTS('',3,(#6719,#6720,#6721,#6722,#6723,#6724,
#6725,#6726,#6727,#6728,#6729,#6730,#6731,#6732,#6733,#6734,#6735,#6736),
 .UNSPECIFIED.,.F.,.F.,(4,2,2,2,2,2,2,2,4),(0.428772816230888,0.430966175033673,
0.504213690949038,0.558435935261063,0.606587616529733,0.657711030018,0.726878126161868,
0.824639320177699,0.899601406133824),.UNSPECIFIED.);
#112=B_SPLINE_CURVE_WITH_KNOTS('',3,(#6740,#6741,#6742,#6743,#6744,#6745,
#6746,#6747,#6748,#6749),.UNSPECIFIED.,.F.,.F.,(4,2,2,2,4),(0.0265588219477991,
0.0458144725992134,0.0661245461099329,0.0864537581292518,0.0873207004548605),
 .UNSPECIFIED.);
#113=B_SPLINE_CURVE_WITH_KNOTS('',3,(#6751,#6752,#6753,#6754,#6755,#6756),
 .UNSPECIFIED.,.F.,.F.,(4,2,4),(0.177800519557415,0.203215436117282,0.257626352805323),
 .UNSPECIFIED.);
#114=B_SPLINE_CURVE_WITH_KNOTS('',3,(#6757,#6758,#6759,#6760,#6761,#6762,
#6763,#6764,#6765,#6766),.UNSPECIFIED.,.F.,.F.,(4,2,2,2,4),(-0.000918009932129691,
0.,0.00226509949229432,0.0664379898352079,0.0891288210726977),
 .UNSPECIFIED.);
#115=B_SPLINE_CURVE_WITH_KNOTS('',3,(#6773,#6774,#6775,#6776,#6777,#6778,
#6779,#6780,#6781,#6782,#6783,#6784,#6785,#6786,#6787,#6788,#6789,#6790,
#6791,#6792,#6793,#6794,#6795,#6796,#6797,#6798,#6799,#6800,#6801,#6802,
#6803,#6804,#6805,#6806,#6807,#6808,#6809,#6810,#6811,#6812),
 .UNSPECIFIED.,.F.,.F.,(4,3,3,3,3,3,3,3,3,3,3,3,3,4),(-0.377485603086279,
-0.361985465923284,-0.34759014501929,-0.332914161445125,-0.317502247367207,
-0.301067060134715,-0.283008196581751,-0.26216991217825,-0.241524775853743,
-0.221151971435278,-0.20084966434361,-0.179439508702515,-0.153747566548665,
-0.148091072131954),.UNSPECIFIED.);
#116=B_SPLINE_CURVE_WITH_KNOTS('',3,(#6850,#6851,#6852,#6853,#6854,#6855,
#6856,#6857,#6858,#6859,#6860,#6861,#6862,#6863,#6864,#6865,#6866,#6867,
#6868,#6869,#6870,#6871,#6872,#6873,#6874,#6875,#6876,#6877,#6878,#6879,
#6880,#6881,#6882,#6883,#6884,#6885,#6886,#6887,#6888,#6889),
 .UNSPECIFIED.,.F.,.F.,(4,3,3,3,3,3,3,3,3,3,3,3,3,4),(-0.744033254054097,
-0.722344023731455,-0.704470273484616,-0.687767552402308,-0.670755536856256,
-0.653516243612746,-0.636358364759419,-0.621199551959154,-0.607476798003466,
-0.594621009627471,-0.582605190095949,-0.570662349669171,-0.557335530986771,
-0.553336470704289),.UNSPECIFIED.);
#117=B_SPLINE_CURVE_WITH_KNOTS('',3,(#6932,#6933,#6934,#6935,#6936,#6937,
#6938,#6939,#6940,#6941,#6942,#6943,#6944,#6945),.UNSPECIFIED.,.F.,.F.,
(4,2,2,2,2,2,4),(-0.568203249902537,-0.456537873591197,-0.372745923686738,
-0.255251657701981,-0.127254042825179,-0.0375784817309635,0.),
 .UNSPECIFIED.);
#118=B_SPLINE_CURVE_WITH_KNOTS('',3,(#7043,#7044,#7045,#7046,#7047,#7048,
#7049,#7050,#7051,#7052,#7053,#7054,#7055,#7056),.UNSPECIFIED.,.F.,.F.,
(4,2,2,2,2,2,4),(-0.263426359490746,-0.246518718877399,-0.216891438359983,
-0.137712056898758,-0.0958085031209091,-0.0540346474428916,0.),
 .UNSPECIFIED.);
#119=B_SPLINE_CURVE_WITH_KNOTS('',3,(#7105,#7106,#7107,#7108),
 .UNSPECIFIED.,.F.,.F.,(4,4),(0.0206000291234787,0.2606),.UNSPECIFIED.);
#120=B_SPLINE_CURVE_WITH_KNOTS('',3,(#7110,#7111,#7112,#7113),
 .UNSPECIFIED.,.F.,.F.,(4,4),(2.8606,3.10059997087652),.UNSPECIFIED.);
#121=B_SPLINE_SURFACE_WITH_KNOTS('',3,3,((#5090,#5091,#5092,#5093),(#5094,
#5095,#5096,#5097),(#5098,#5099,#5100,#5101),(#5102,#5103,#5104,#5105)),
 .UNSPECIFIED.,.F.,.F.,.F.,(4,4),(4,4),(0.,1.),(-0.0382141182196678,0.0382141181982077),
 .UNSPECIFIED.);
#122=B_SPLINE_SURFACE_WITH_KNOTS('',3,3,((#5128,#5129,#5130,#5131),(#5132,
#5133,#5134,#5135),(#5136,#5137,#5138,#5139),(#5140,#5141,#5142,#5143)),
 .UNSPECIFIED.,.F.,.F.,.F.,(4,4),(4,4),(0.,1.),(1.82548417119537,2.51271768835342),
 .UNSPECIFIED.);
#123=B_SPLINE_SURFACE_WITH_KNOTS('',3,3,((#5152,#5153,#5154,#5155),(#5156,
#5157,#5158,#5159),(#5160,#5161,#5162,#5163),(#5164,#5165,#5166,#5167)),
 .UNSPECIFIED.,.F.,.F.,.F.,(4,4),(4,4),(0.,1.),(0.628874965238052,1.31610848239442),
 .UNSPECIFIED.);
#124=B_SPLINE_SURFACE_WITH_KNOTS('',3,3,((#5228,#5229,#5230,#5231,#5232,
#5233),(#5234,#5235,#5236,#5237,#5238,#5239),(#5240,#5241,#5242,#5243,#5244,
#5245),(#5246,#5247,#5248,#5249,#5250,#5251)),.UNSPECIFIED.,.F.,.F.,.F.,
(4,4),(4,2,4),(0.,1.),(-0.0382141182196682,0.,0.0382141181982082),
 .UNSPECIFIED.);
#125=B_SPLINE_SURFACE_WITH_KNOTS('',3,3,((#5270,#5271,#5272,#5273),(#5274,
#5275,#5276,#5277),(#5278,#5279,#5280,#5281),(#5282,#5283,#5284,#5285)),
 .UNSPECIFIED.,.F.,.F.,.F.,(4,4),(4,4),(0.,1.),(1.82548417119537,2.51271768835342),
 .UNSPECIFIED.);
#126=B_SPLINE_SURFACE_WITH_KNOTS('',3,3,((#5290,#5291,#5292,#5293),(#5294,
#5295,#5296,#5297),(#5298,#5299,#5300,#5301),(#5302,#5303,#5304,#5305)),
 .UNSPECIFIED.,.F.,.F.,.F.,(4,4),(4,4),(0.,1.),(0.628874965238052,1.31610848239442),
 .UNSPECIFIED.);
#127=B_SPLINE_SURFACE_WITH_KNOTS('',3,3,((#5768,#5769,#5770,#5771,#5772),
(#5773,#5774,#5775,#5776,#5777),(#5778,#5779,#5780,#5781,#5782),(#5783,
#5784,#5785,#5786,#5787),(#5788,#5789,#5790,#5791,#5792)),.UNSPECIFIED.,
 .F.,.F.,.F.,(4,1,4),(4,1,4),(0.,0.571428571428571,1.),(0.358549770115119,
0.635980577414039,1.00588832047927),.UNSPECIFIED.);
#128=B_SPLINE_SURFACE_WITH_KNOTS('',3,3,((#5893,#5894,#5895,#5896,#5897),
(#5898,#5899,#5900,#5901,#5902),(#5903,#5904,#5905,#5906,#5907),(#5908,
#5909,#5910,#5911,#5912),(#5913,#5914,#5915,#5916,#5917)),.UNSPECIFIED.,
 .F.,.F.,.F.,(4,1,4),(4,1,4),(0.,0.571428571428571,1.),(0.358162229876007,
0.634819135850613,1.00369501048342),.UNSPECIFIED.);
#129=B_SPLINE_SURFACE_WITH_KNOTS('',3,3,((#6907,#6908,#6909,#6910),(#6911,
#6912,#6913,#6914),(#6915,#6916,#6917,#6918),(#6919,#6920,#6921,#6922),
(#6923,#6924,#6925,#6926)),.UNSPECIFIED.,.F.,.F.,.F.,(4,1,4),(4,4),(0.,
0.571428571428571,1.),(4.01943486832107,4.24868095319718),.UNSPECIFIED.);
#130=B_SPLINE_SURFACE_WITH_KNOTS('',3,3,((#6946,#6947,#6948,#6949),(#6950,
#6951,#6952,#6953),(#6954,#6955,#6956,#6957),(#6958,#6959,#6960,#6961),
(#6962,#6963,#6964,#6965)),.UNSPECIFIED.,.F.,.F.,.F.,(4,1,4),(4,4),(0.0367741640075049,
0.449585236575717,1.),(1.9512549831751,1.95936077718967),.UNSPECIFIED.);
#131=B_SPLINE_SURFACE_WITH_KNOTS('',3,3,((#6969,#6970,#6971,#6972),(#6973,
#6974,#6975,#6976),(#6977,#6978,#6979,#6980),(#6981,#6982,#6983,#6984),
(#6985,#6986,#6987,#6988)),.UNSPECIFIED.,.F.,.F.,.F.,(4,1,4),(4,4),(0.,
0.409811081672352,0.956225857235489),(-2.31684340118939,-2.29985447513808),
 .UNSPECIFIED.);
#132=B_SPLINE_SURFACE_WITH_KNOTS('',3,3,((#6992,#6993,#6994,#6995,#6996,
#6997,#6998,#6999,#7000),(#7001,#7002,#7003,#7004,#7005,#7006,#7007,#7008,
#7009),(#7010,#7011,#7012,#7013,#7014,#7015,#7016,#7017,#7018),(#7019,#7020,
#7021,#7022,#7023,#7024,#7025,#7026,#7027),(#7028,#7029,#7030,#7031,#7032,
#7033,#7034,#7035,#7036)),.UNSPECIFIED.,.F.,.F.,.F.,(4,1,4),(4,1,1,1,1,
1,4),(0.,0.571428571428571,1.),(-2.53768617400314,-2.5053711711643,-2.47305616832547,
-2.40842616264779,-2.37611115980895,-2.34379615697011,-2.08527613425941),
 .UNSPECIFIED.);
#133=FACE_BOUND('',#449,.T.);
#134=FACE_BOUND('',#450,.T.);
#135=FACE_BOUND('',#475,.T.);
#136=FACE_BOUND('',#476,.T.);
#137=FACE_BOUND('',#501,.T.);
#138=FACE_BOUND('',#503,.T.);
#139=FACE_BOUND('',#504,.T.);
#140=FACE_BOUND('',#505,.T.);
#141=FACE_BOUND('',#529,.T.);
#142=FACE_BOUND('',#533,.T.);
#143=FACE_BOUND('',#555,.T.);
#144=FACE_BOUND('',#556,.T.);
#145=FACE_BOUND('',#569,.T.);
#146=FACE_BOUND('',#570,.T.);
#147=FACE_BOUND('',#571,.T.);
#148=FACE_BOUND('',#582,.T.);
#149=FACE_BOUND('',#583,.T.);
#150=FACE_BOUND('',#594,.T.);
#151=FACE_BOUND('',#595,.T.);
#152=FACE_BOUND('',#601,.T.);
#153=FACE_BOUND('',#604,.T.);
#154=FACE_BOUND('',#651,.T.);
#155=FACE_BOUND('',#652,.T.);
#156=FACE_BOUND('',#653,.T.);
#157=FACE_BOUND('',#654,.T.);
#158=PLANE('',#3676);
#159=PLANE('',#3677);
#160=PLANE('',#3682);
#161=PLANE('',#3704);
#162=PLANE('',#3706);
#163=PLANE('',#3710);
#164=PLANE('',#3714);
#165=PLANE('',#3720);
#166=PLANE('',#3726);
#167=PLANE('',#3727);
#168=PLANE('',#3735);
#169=PLANE('',#3736);
#170=PLANE('',#3737);
#171=PLANE('',#3738);
#172=PLANE('',#3757);
#173=PLANE('',#3770);
#174=PLANE('',#3774);
#175=PLANE('',#3780);
#176=PLANE('',#3800);
#177=PLANE('',#3803);
#178=PLANE('',#3814);
#179=PLANE('',#3815);
#180=PLANE('',#3816);
#181=PLANE('',#3817);
#182=PLANE('',#3818);
#183=PLANE('',#3819);
#184=PLANE('',#3820);
#185=PLANE('',#3821);
#186=PLANE('',#3822);
#187=PLANE('',#3823);
#188=PLANE('',#3824);
#189=PLANE('',#3825);
#190=PLANE('',#3826);
#191=PLANE('',#3827);
#192=PLANE('',#3829);
#193=PLANE('',#3830);
#194=PLANE('',#3831);
#195=PLANE('',#3833);
#196=PLANE('',#3834);
#197=PLANE('',#3836);
#198=PLANE('',#3837);
#199=PLANE('',#3838);
#200=PLANE('',#3843);
#201=PLANE('',#3844);
#202=PLANE('',#3849);
#203=PLANE('',#3850);
#204=PLANE('',#3856);
#205=PLANE('',#3858);
#206=PLANE('',#3859);
#207=PLANE('',#3864);
#208=PLANE('',#3867);
#209=PLANE('',#3872);
#210=PLANE('',#3877);
#211=PLANE('',#3879);
#212=PLANE('',#3880);
#213=PLANE('',#3881);
#214=PLANE('',#3882);
#215=PLANE('',#3885);
#216=PLANE('',#3886);
#217=PLANE('',#3887);
#218=PLANE('',#3890);
#219=PLANE('',#3899);
#220=PLANE('',#3909);
#221=PLANE('',#3910);
#222=PLANE('',#3916);
#223=PLANE('',#3917);
#224=PLANE('',#3918);
#225=PLANE('',#3919);
#226=PLANE('',#3924);
#227=PLANE('',#3925);
#228=PLANE('',#3926);
#229=PLANE('',#3927);
#230=PLANE('',#3933);
#231=PLANE('',#3945);
#232=PLANE('',#3969);
#233=PLANE('',#3972);
#234=PLANE('',#3975);
#235=PLANE('',#3979);
#236=PLANE('',#3982);
#237=PLANE('',#3986);
#238=PLANE('',#3990);
#239=PLANE('',#3993);
#240=PLANE('',#3994);
#241=PLANE('',#3996);
#242=PLANE('',#3997);
#243=PLANE('',#3999);
#244=PLANE('',#4000);
#245=PLANE('',#4001);
#246=PLANE('',#4004);
#247=PLANE('',#4005);
#248=PLANE('',#4006);
#249=PLANE('',#4007);
#250=PLANE('',#4008);
#251=PLANE('',#4011);
#252=PLANE('',#4012);
#253=PLANE('',#4013);
#254=PLANE('',#4014);
#255=PLANE('',#4016);
#256=FACE_OUTER_BOUND('',#444,.T.);
#257=FACE_OUTER_BOUND('',#445,.T.);
#258=FACE_OUTER_BOUND('',#446,.T.);
#259=FACE_OUTER_BOUND('',#447,.T.);
#260=FACE_OUTER_BOUND('',#448,.T.);
#261=FACE_OUTER_BOUND('',#451,.T.);
#262=FACE_OUTER_BOUND('',#452,.T.);
#263=FACE_OUTER_BOUND('',#453,.T.);
#264=FACE_OUTER_BOUND('',#454,.T.);
#265=FACE_OUTER_BOUND('',#455,.T.);
#266=FACE_OUTER_BOUND('',#456,.T.);
#267=FACE_OUTER_BOUND('',#457,.T.);
#268=FACE_OUTER_BOUND('',#458,.T.);
#269=FACE_OUTER_BOUND('',#459,.T.);
#270=FACE_OUTER_BOUND('',#460,.T.);
#271=FACE_OUTER_BOUND('',#461,.T.);
#272=FACE_OUTER_BOUND('',#462,.T.);
#273=FACE_OUTER_BOUND('',#463,.T.);
#274=FACE_OUTER_BOUND('',#464,.T.);
#275=FACE_OUTER_BOUND('',#465,.T.);
#276=FACE_OUTER_BOUND('',#466,.T.);
#277=FACE_OUTER_BOUND('',#467,.T.);
#278=FACE_OUTER_BOUND('',#468,.T.);
#279=FACE_OUTER_BOUND('',#469,.T.);
#280=FACE_OUTER_BOUND('',#470,.T.);
#281=FACE_OUTER_BOUND('',#471,.T.);
#282=FACE_OUTER_BOUND('',#472,.T.);
#283=FACE_OUTER_BOUND('',#473,.T.);
#284=FACE_OUTER_BOUND('',#474,.T.);
#285=FACE_OUTER_BOUND('',#477,.T.);
#286=FACE_OUTER_BOUND('',#478,.T.);
#287=FACE_OUTER_BOUND('',#479,.T.);
#288=FACE_OUTER_BOUND('',#480,.T.);
#289=FACE_OUTER_BOUND('',#481,.T.);
#290=FACE_OUTER_BOUND('',#482,.T.);
#291=FACE_OUTER_BOUND('',#483,.T.);
#292=FACE_OUTER_BOUND('',#484,.T.);
#293=FACE_OUTER_BOUND('',#485,.T.);
#294=FACE_OUTER_BOUND('',#486,.T.);
#295=FACE_OUTER_BOUND('',#487,.T.);
#296=FACE_OUTER_BOUND('',#488,.T.);
#297=FACE_OUTER_BOUND('',#489,.T.);
#298=FACE_OUTER_BOUND('',#490,.T.);
#299=FACE_OUTER_BOUND('',#491,.T.);
#300=FACE_OUTER_BOUND('',#492,.T.);
#301=FACE_OUTER_BOUND('',#493,.T.);
#302=FACE_OUTER_BOUND('',#494,.T.);
#303=FACE_OUTER_BOUND('',#495,.T.);
#304=FACE_OUTER_BOUND('',#496,.T.);
#305=FACE_OUTER_BOUND('',#497,.T.);
#306=FACE_OUTER_BOUND('',#498,.T.);
#307=FACE_OUTER_BOUND('',#499,.T.);
#308=FACE_OUTER_BOUND('',#500,.T.);
#309=FACE_OUTER_BOUND('',#502,.T.);
#310=FACE_OUTER_BOUND('',#506,.T.);
#311=FACE_OUTER_BOUND('',#507,.T.);
#312=FACE_OUTER_BOUND('',#508,.T.);
#313=FACE_OUTER_BOUND('',#509,.T.);
#314=FACE_OUTER_BOUND('',#510,.T.);
#315=FACE_OUTER_BOUND('',#511,.T.);
#316=FACE_OUTER_BOUND('',#512,.T.);
#317=FACE_OUTER_BOUND('',#513,.T.);
#318=FACE_OUTER_BOUND('',#514,.T.);
#319=FACE_OUTER_BOUND('',#515,.T.);
#320=FACE_OUTER_BOUND('',#516,.T.);
#321=FACE_OUTER_BOUND('',#517,.T.);
#322=FACE_OUTER_BOUND('',#518,.T.);
#323=FACE_OUTER_BOUND('',#519,.T.);
#324=FACE_OUTER_BOUND('',#520,.T.);
#325=FACE_OUTER_BOUND('',#521,.T.);
#326=FACE_OUTER_BOUND('',#522,.T.);
#327=FACE_OUTER_BOUND('',#523,.T.);
#328=FACE_OUTER_BOUND('',#524,.T.);
#329=FACE_OUTER_BOUND('',#525,.T.);
#330=FACE_OUTER_BOUND('',#526,.T.);
#331=FACE_OUTER_BOUND('',#527,.T.);
#332=FACE_OUTER_BOUND('',#528,.T.);
#333=FACE_OUTER_BOUND('',#530,.T.);
#334=FACE_OUTER_BOUND('',#531,.T.);
#335=FACE_OUTER_BOUND('',#532,.T.);
#336=FACE_OUTER_BOUND('',#534,.T.);
#337=FACE_OUTER_BOUND('',#535,.T.);
#338=FACE_OUTER_BOUND('',#536,.T.);
#339=FACE_OUTER_BOUND('',#537,.T.);
#340=FACE_OUTER_BOUND('',#538,.T.);
#341=FACE_OUTER_BOUND('',#539,.T.);
#342=FACE_OUTER_BOUND('',#540,.T.);
#343=FACE_OUTER_BOUND('',#541,.T.);
#344=FACE_OUTER_BOUND('',#542,.T.);
#345=FACE_OUTER_BOUND('',#543,.T.);
#346=FACE_OUTER_BOUND('',#544,.T.);
#347=FACE_OUTER_BOUND('',#545,.T.);
#348=FACE_OUTER_BOUND('',#546,.T.);
#349=FACE_OUTER_BOUND('',#547,.T.);
#350=FACE_OUTER_BOUND('',#548,.T.);
#351=FACE_OUTER_BOUND('',#549,.T.);
#352=FACE_OUTER_BOUND('',#550,.T.);
#353=FACE_OUTER_BOUND('',#551,.T.);
#354=FACE_OUTER_BOUND('',#552,.T.);
#355=FACE_OUTER_BOUND('',#553,.T.);
#356=FACE_OUTER_BOUND('',#554,.T.);
#357=FACE_OUTER_BOUND('',#557,.T.);
#358=FACE_OUTER_BOUND('',#558,.T.);
#359=FACE_OUTER_BOUND('',#559,.T.);
#360=FACE_OUTER_BOUND('',#560,.T.);
#361=FACE_OUTER_BOUND('',#561,.T.);
#362=FACE_OUTER_BOUND('',#562,.T.);
#363=FACE_OUTER_BOUND('',#563,.T.);
#364=FACE_OUTER_BOUND('',#564,.T.);
#365=FACE_OUTER_BOUND('',#565,.T.);
#366=FACE_OUTER_BOUND('',#566,.T.);
#367=FACE_OUTER_BOUND('',#567,.T.);
#368=FACE_OUTER_BOUND('',#568,.T.);
#369=FACE_OUTER_BOUND('',#572,.T.);
#370=FACE_OUTER_BOUND('',#573,.T.);
#371=FACE_OUTER_BOUND('',#574,.T.);
#372=FACE_OUTER_BOUND('',#575,.T.);
#373=FACE_OUTER_BOUND('',#576,.T.);
#374=FACE_OUTER_BOUND('',#577,.T.);
#375=FACE_OUTER_BOUND('',#578,.T.);
#376=FACE_OUTER_BOUND('',#579,.T.);
#377=FACE_OUTER_BOUND('',#580,.T.);
#378=FACE_OUTER_BOUND('',#581,.T.);
#379=FACE_OUTER_BOUND('',#584,.T.);
#380=FACE_OUTER_BOUND('',#585,.T.);
#381=FACE_OUTER_BOUND('',#586,.T.);
#382=FACE_OUTER_BOUND('',#587,.T.);
#383=FACE_OUTER_BOUND('',#588,.T.);
#384=FACE_OUTER_BOUND('',#589,.T.);
#385=FACE_OUTER_BOUND('',#590,.T.);
#386=FACE_OUTER_BOUND('',#591,.T.);
#387=FACE_OUTER_BOUND('',#592,.T.);
#388=FACE_OUTER_BOUND('',#593,.T.);
#389=FACE_OUTER_BOUND('',#596,.T.);
#390=FACE_OUTER_BOUND('',#597,.T.);
#391=FACE_OUTER_BOUND('',#598,.T.);
#392=FACE_OUTER_BOUND('',#599,.T.);
#393=FACE_OUTER_BOUND('',#600,.T.);
#394=FACE_OUTER_BOUND('',#602,.T.);
#395=FACE_OUTER_BOUND('',#603,.T.);
#396=FACE_OUTER_BOUND('',#605,.T.);
#397=FACE_OUTER_BOUND('',#606,.T.);
#398=FACE_OUTER_BOUND('',#607,.T.);
#399=FACE_OUTER_BOUND('',#608,.T.);
#400=FACE_OUTER_BOUND('',#609,.T.);
#401=FACE_OUTER_BOUND('',#610,.T.);
#402=FACE_OUTER_BOUND('',#611,.T.);
#403=FACE_OUTER_BOUND('',#612,.T.);
#404=FACE_OUTER_BOUND('',#613,.T.);
#405=FACE_OUTER_BOUND('',#614,.T.);
#406=FACE_OUTER_BOUND('',#615,.T.);
#407=FACE_OUTER_BOUND('',#616,.T.);
#408=FACE_OUTER_BOUND('',#617,.T.);
#409=FACE_OUTER_BOUND('',#618,.T.);
#410=FACE_OUTER_BOUND('',#619,.T.);
#411=FACE_OUTER_BOUND('',#620,.T.);
#412=FACE_OUTER_BOUND('',#621,.T.);
#413=FACE_OUTER_BOUND('',#622,.T.);
#414=FACE_OUTER_BOUND('',#623,.T.);
#415=FACE_OUTER_BOUND('',#624,.T.);
#416=FACE_OUTER_BOUND('',#625,.T.);
#417=FACE_OUTER_BOUND('',#626,.T.);
#418=FACE_OUTER_BOUND('',#627,.T.);
#419=FACE_OUTER_BOUND('',#628,.T.);
#420=FACE_OUTER_BOUND('',#629,.T.);
#421=FACE_OUTER_BOUND('',#630,.T.);
#422=FACE_OUTER_BOUND('',#631,.T.);
#423=FACE_OUTER_BOUND('',#632,.T.);
#424=FACE_OUTER_BOUND('',#633,.T.);
#425=FACE_OUTER_BOUND('',#634,.T.);
#426=FACE_OUTER_BOUND('',#635,.T.);
#427=FACE_OUTER_BOUND('',#636,.T.);
#428=FACE_OUTER_BOUND('',#637,.T.);
#429=FACE_OUTER_BOUND('',#638,.T.);
#430=FACE_OUTER_BOUND('',#639,.T.);
#431=FACE_OUTER_BOUND('',#640,.T.);
#432=FACE_OUTER_BOUND('',#641,.T.);
#433=FACE_OUTER_BOUND('',#642,.T.);
#434=FACE_OUTER_BOUND('',#643,.T.);
#435=FACE_OUTER_BOUND('',#644,.T.);
#436=FACE_OUTER_BOUND('',#645,.T.);
#437=FACE_OUTER_BOUND('',#646,.T.);
#438=FACE_OUTER_BOUND('',#647,.T.);
#439=FACE_OUTER_BOUND('',#648,.T.);
#440=FACE_OUTER_BOUND('',#649,.T.);
#441=FACE_OUTER_BOUND('',#650,.T.);
#442=FACE_OUTER_BOUND('',#655,.T.);
#443=FACE_OUTER_BOUND('',#656,.T.);
#444=EDGE_LOOP('',(#2322,#2323,#2324,#2325));
#445=EDGE_LOOP('',(#2326,#2327,#2328,#2329));
#446=EDGE_LOOP('',(#2330,#2331,#2332,#2333));
#447=EDGE_LOOP('',(#2334,#2335,#2336,#2337,#2338));
#448=EDGE_LOOP('',(#2339,#2340,#2341,#2342,#2343,#2344,#2345,#2346,#2347,
#2348));
#449=EDGE_LOOP('',(#2349,#2350,#2351,#2352));
#450=EDGE_LOOP('',(#2353,#2354,#2355,#2356,#2357,#2358,#2359,#2360,#2361,
#2362,#2363,#2364,#2365,#2366));
#451=EDGE_LOOP('',(#2367,#2368,#2369,#2370));
#452=EDGE_LOOP('',(#2371,#2372,#2373,#2374,#2375));
#453=EDGE_LOOP('',(#2376,#2377,#2378,#2379));
#454=EDGE_LOOP('',(#2380,#2381,#2382,#2383));
#455=EDGE_LOOP('',(#2384,#2385,#2386,#2387,#2388,#2389,#2390,#2391,#2392,
#2393,#2394,#2395,#2396,#2397,#2398,#2399,#2400));
#456=EDGE_LOOP('',(#2401,#2402,#2403,#2404,#2405,#2406,#2407,#2408));
#457=EDGE_LOOP('',(#2409,#2410,#2411,#2412));
#458=EDGE_LOOP('',(#2413,#2414,#2415,#2416,#2417));
#459=EDGE_LOOP('',(#2418,#2419,#2420,#2421));
#460=EDGE_LOOP('',(#2422,#2423,#2424,#2425));
#461=EDGE_LOOP('',(#2426,#2427,#2428,#2429,#2430,#2431,#2432,#2433));
#462=EDGE_LOOP('',(#2434,#2435,#2436,#2437));
#463=EDGE_LOOP('',(#2438,#2439,#2440,#2441,#2442,#2443,#2444));
#464=EDGE_LOOP('',(#2445,#2446,#2447,#2448));
#465=EDGE_LOOP('',(#2449,#2450,#2451,#2452));
#466=EDGE_LOOP('',(#2453,#2454,#2455,#2456));
#467=EDGE_LOOP('',(#2457,#2458,#2459,#2460));
#468=EDGE_LOOP('',(#2461,#2462,#2463,#2464));
#469=EDGE_LOOP('',(#2465,#2466,#2467,#2468));
#470=EDGE_LOOP('',(#2469,#2470,#2471,#2472));
#471=EDGE_LOOP('',(#2473,#2474,#2475,#2476,#2477,#2478,#2479,#2480,#2481,
#2482));
#472=EDGE_LOOP('',(#2483,#2484,#2485,#2486));
#473=EDGE_LOOP('',(#2487,#2488,#2489,#2490,#2491,#2492,#2493));
#474=EDGE_LOOP('',(#2494,#2495,#2496,#2497,#2498,#2499,#2500,#2501));
#475=EDGE_LOOP('',(#2502));
#476=EDGE_LOOP('',(#2503,#2504,#2505,#2506,#2507,#2508,#2509,#2510));
#477=EDGE_LOOP('',(#2511,#2512,#2513,#2514));
#478=EDGE_LOOP('',(#2515,#2516,#2517,#2518,#2519,#2520,#2521,#2522,#2523,
#2524,#2525,#2526,#2527,#2528,#2529,#2530));
#479=EDGE_LOOP('',(#2531,#2532,#2533,#2534,#2535,#2536,#2537,#2538));
#480=EDGE_LOOP('',(#2539,#2540,#2541,#2542,#2543,#2544,#2545,#2546));
#481=EDGE_LOOP('',(#2547,#2548,#2549,#2550));
#482=EDGE_LOOP('',(#2551,#2552,#2553,#2554));
#483=EDGE_LOOP('',(#2555,#2556,#2557,#2558));
#484=EDGE_LOOP('',(#2559,#2560,#2561,#2562));
#485=EDGE_LOOP('',(#2563,#2564,#2565,#2566));
#486=EDGE_LOOP('',(#2567,#2568,#2569,#2570));
#487=EDGE_LOOP('',(#2571,#2572,#2573,#2574,#2575,#2576));
#488=EDGE_LOOP('',(#2577,#2578,#2579,#2580));
#489=EDGE_LOOP('',(#2581,#2582,#2583,#2584));
#490=EDGE_LOOP('',(#2585,#2586,#2587,#2588,#2589));
#491=EDGE_LOOP('',(#2590,#2591,#2592,#2593));
#492=EDGE_LOOP('',(#2594,#2595,#2596,#2597));
#493=EDGE_LOOP('',(#2598,#2599,#2600,#2601));
#494=EDGE_LOOP('',(#2602,#2603,#2604,#2605,#2606,#2607));
#495=EDGE_LOOP('',(#2608,#2609,#2610,#2611,#2612));
#496=EDGE_LOOP('',(#2613,#2614,#2615,#2616));
#497=EDGE_LOOP('',(#2617,#2618,#2619,#2620,#2621));
#498=EDGE_LOOP('',(#2622,#2623,#2624,#2625));
#499=EDGE_LOOP('',(#2626,#2627,#2628,#2629));
#500=EDGE_LOOP('',(#2630,#2631,#2632,#2633,#2634,#2635,#2636,#2637,#2638,
#2639,#2640,#2641,#2642,#2643));
#501=EDGE_LOOP('',(#2644,#2645,#2646,#2647));
#502=EDGE_LOOP('',(#2648,#2649,#2650,#2651,#2652,#2653,#2654,#2655));
#503=EDGE_LOOP('',(#2656));
#504=EDGE_LOOP('',(#2657));
#505=EDGE_LOOP('',(#2658));
#506=EDGE_LOOP('',(#2659,#2660,#2661,#2662,#2663,#2664,#2665,#2666,#2667,
#2668,#2669,#2670,#2671,#2672,#2673,#2674,#2675,#2676,#2677,#2678,#2679,
#2680,#2681,#2682,#2683,#2684,#2685,#2686,#2687));
#507=EDGE_LOOP('',(#2688,#2689,#2690,#2691));
#508=EDGE_LOOP('',(#2692,#2693,#2694,#2695,#2696,#2697));
#509=EDGE_LOOP('',(#2698,#2699,#2700,#2701));
#510=EDGE_LOOP('',(#2702,#2703,#2704,#2705,#2706,#2707));
#511=EDGE_LOOP('',(#2708,#2709,#2710,#2711));
#512=EDGE_LOOP('',(#2712,#2713,#2714,#2715,#2716,#2717,#2718,#2719));
#513=EDGE_LOOP('',(#2720,#2721,#2722,#2723,#2724,#2725,#2726,#2727,#2728,
#2729));
#514=EDGE_LOOP('',(#2730,#2731,#2732,#2733,#2734,#2735,#2736,#2737,#2738,
#2739));
#515=EDGE_LOOP('',(#2740,#2741,#2742,#2743));
#516=EDGE_LOOP('',(#2744,#2745,#2746,#2747));
#517=EDGE_LOOP('',(#2748,#2749,#2750,#2751));
#518=EDGE_LOOP('',(#2752,#2753,#2754,#2755));
#519=EDGE_LOOP('',(#2756,#2757,#2758,#2759));
#520=EDGE_LOOP('',(#2760,#2761,#2762));
#521=EDGE_LOOP('',(#2763,#2764,#2765,#2766));
#522=EDGE_LOOP('',(#2767,#2768,#2769,#2770));
#523=EDGE_LOOP('',(#2771,#2772,#2773,#2774,#2775));
#524=EDGE_LOOP('',(#2776,#2777,#2778,#2779));
#525=EDGE_LOOP('',(#2780,#2781,#2782,#2783));
#526=EDGE_LOOP('',(#2784,#2785,#2786,#2787));
#527=EDGE_LOOP('',(#2788,#2789,#2790,#2791));
#528=EDGE_LOOP('',(#2792,#2793,#2794,#2795));
#529=EDGE_LOOP('',(#2796));
#530=EDGE_LOOP('',(#2797,#2798,#2799,#2800));
#531=EDGE_LOOP('',(#2801,#2802,#2803,#2804));
#532=EDGE_LOOP('',(#2805,#2806,#2807,#2808));
#533=EDGE_LOOP('',(#2809));
#534=EDGE_LOOP('',(#2810,#2811,#2812,#2813));
#535=EDGE_LOOP('',(#2814,#2815));
#536=EDGE_LOOP('',(#2816,#2817,#2818,#2819));
#537=EDGE_LOOP('',(#2820,#2821,#2822,#2823));
#538=EDGE_LOOP('',(#2824,#2825,#2826,#2827));
#539=EDGE_LOOP('',(#2828,#2829,#2830,#2831,#2832,#2833));
#540=EDGE_LOOP('',(#2834,#2835));
#541=EDGE_LOOP('',(#2836,#2837,#2838,#2839));
#542=EDGE_LOOP('',(#2840,#2841,#2842,#2843,#2844,#2845));
#543=EDGE_LOOP('',(#2846,#2847,#2848,#2849,#2850,#2851));
#544=EDGE_LOOP('',(#2852,#2853,#2854,#2855,#2856,#2857,#2858,#2859,#2860,
#2861,#2862,#2863,#2864,#2865));
#545=EDGE_LOOP('',(#2866,#2867,#2868,#2869));
#546=EDGE_LOOP('',(#2870,#2871,#2872,#2873));
#547=EDGE_LOOP('',(#2874,#2875,#2876,#2877,#2878,#2879,#2880,#2881,#2882,
#2883,#2884,#2885,#2886,#2887));
#548=EDGE_LOOP('',(#2888,#2889,#2890,#2891,#2892,#2893,#2894,#2895,#2896,
#2897,#2898,#2899,#2900,#2901));
#549=EDGE_LOOP('',(#2902,#2903,#2904,#2905,#2906,#2907));
#550=EDGE_LOOP('',(#2908,#2909,#2910,#2911));
#551=EDGE_LOOP('',(#2912,#2913,#2914,#2915));
#552=EDGE_LOOP('',(#2916,#2917,#2918,#2919,#2920,#2921,#2922));
#553=EDGE_LOOP('',(#2923,#2924,#2925,#2926));
#554=EDGE_LOOP('',(#2927,#2928,#2929,#2930,#2931,#2932,#2933,#2934));
#555=EDGE_LOOP('',(#2935));
#556=EDGE_LOOP('',(#2936,#2937,#2938,#2939,#2940,#2941,#2942,#2943));
#557=EDGE_LOOP('',(#2944,#2945,#2946,#2947,#2948,#2949,#2950,#2951));
#558=EDGE_LOOP('',(#2952,#2953,#2954,#2955,#2956));
#559=EDGE_LOOP('',(#2957,#2958,#2959,#2960));
#560=EDGE_LOOP('',(#2961,#2962,#2963,#2964));
#561=EDGE_LOOP('',(#2965,#2966,#2967,#2968));
#562=EDGE_LOOP('',(#2969,#2970,#2971,#2972,#2973,#2974,#2975,#2976));
#563=EDGE_LOOP('',(#2977,#2978,#2979,#2980));
#564=EDGE_LOOP('',(#2981,#2982,#2983,#2984));
#565=EDGE_LOOP('',(#2985,#2986,#2987,#2988));
#566=EDGE_LOOP('',(#2989,#2990,#2991,#2992,#2993,#2994,#2995,#2996));
#567=EDGE_LOOP('',(#2997,#2998,#2999,#3000));
#568=EDGE_LOOP('',(#3001,#3002,#3003,#3004));
#569=EDGE_LOOP('',(#3005));
#570=EDGE_LOOP('',(#3006));
#571=EDGE_LOOP('',(#3007));
#572=EDGE_LOOP('',(#3008,#3009,#3010,#3011,#3012,#3013));
#573=EDGE_LOOP('',(#3014,#3015,#3016,#3017,#3018,#3019,#3020,#3021,#3022));
#574=EDGE_LOOP('',(#3023,#3024,#3025,#3026));
#575=EDGE_LOOP('',(#3027,#3028,#3029,#3030));
#576=EDGE_LOOP('',(#3031,#3032,#3033,#3034));
#577=EDGE_LOOP('',(#3035,#3036,#3037,#3038));
#578=EDGE_LOOP('',(#3039,#3040,#3041,#3042));
#579=EDGE_LOOP('',(#3043,#3044,#3045,#3046));
#580=EDGE_LOOP('',(#3047,#3048,#3049,#3050));
#581=EDGE_LOOP('',(#3051,#3052,#3053,#3054,#3055,#3056,#3057,#3058));
#582=EDGE_LOOP('',(#3059));
#583=EDGE_LOOP('',(#3060));
#584=EDGE_LOOP('',(#3061,#3062,#3063,#3064));
#585=EDGE_LOOP('',(#3065,#3066,#3067,#3068));
#586=EDGE_LOOP('',(#3069,#3070,#3071,#3072));
#587=EDGE_LOOP('',(#3073,#3074,#3075,#3076));
#588=EDGE_LOOP('',(#3077,#3078,#3079,#3080));
#589=EDGE_LOOP('',(#3081,#3082,#3083,#3084));
#590=EDGE_LOOP('',(#3085,#3086,#3087,#3088));
#591=EDGE_LOOP('',(#3089,#3090,#3091,#3092,#3093,#3094,#3095,#3096));
#592=EDGE_LOOP('',(#3097,#3098,#3099,#3100));
#593=EDGE_LOOP('',(#3101,#3102,#3103,#3104,#3105,#3106,#3107,#3108));
#594=EDGE_LOOP('',(#3109));
#595=EDGE_LOOP('',(#3110));
#596=EDGE_LOOP('',(#3111,#3112,#3113,#3114));
#597=EDGE_LOOP('',(#3115,#3116,#3117,#3118,#3119,#3120,#3121,#3122,#3123,
#3124));
#598=EDGE_LOOP('',(#3125,#3126,#3127));
#599=EDGE_LOOP('',(#3128,#3129,#3130,#3131,#3132,#3133));
#600=EDGE_LOOP('',(#3134,#3135,#3136,#3137,#3138,#3139,#3140,#3141,#3142,
#3143,#3144));
#601=EDGE_LOOP('',(#3145,#3146,#3147));
#602=EDGE_LOOP('',(#3148,#3149,#3150,#3151,#3152));
#603=EDGE_LOOP('',(#3153,#3154,#3155,#3156,#3157,#3158,#3159,#3160,#3161,
#3162,#3163,#3164));
#604=EDGE_LOOP('',(#3165,#3166,#3167));
#605=EDGE_LOOP('',(#3168,#3169,#3170,#3171));
#606=EDGE_LOOP('',(#3172,#3173,#3174,#3175,#3176));
#607=EDGE_LOOP('',(#3177,#3178,#3179,#3180,#3181));
#608=EDGE_LOOP('',(#3182,#3183,#3184,#3185));
#609=EDGE_LOOP('',(#3186,#3187,#3188,#3189));
#610=EDGE_LOOP('',(#3190,#3191,#3192,#3193,#3194));
#611=EDGE_LOOP('',(#3195,#3196,#3197,#3198,#3199,#3200,#3201,#3202,#3203,
#3204,#3205,#3206));
#612=EDGE_LOOP('',(#3207,#3208,#3209,#3210,#3211));
#613=EDGE_LOOP('',(#3212,#3213,#3214,#3215,#3216,#3217,#3218,#3219,#3220,
#3221));
#614=EDGE_LOOP('',(#3222,#3223,#3224,#3225));
#615=EDGE_LOOP('',(#3226,#3227,#3228,#3229));
#616=EDGE_LOOP('',(#3230,#3231,#3232,#3233));
#617=EDGE_LOOP('',(#3234,#3235,#3236,#3237));
#618=EDGE_LOOP('',(#3238,#3239,#3240,#3241));
#619=EDGE_LOOP('',(#3242,#3243,#3244,#3245));
#620=EDGE_LOOP('',(#3246,#3247,#3248,#3249));
#621=EDGE_LOOP('',(#3250,#3251,#3252,#3253,#3254,#3255));
#622=EDGE_LOOP('',(#3256,#3257,#3258,#3259));
#623=EDGE_LOOP('',(#3260,#3261,#3262,#3263));
#624=EDGE_LOOP('',(#3264,#3265,#3266,#3267));
#625=EDGE_LOOP('',(#3268,#3269,#3270,#3271));
#626=EDGE_LOOP('',(#3272,#3273,#3274,#3275));
#627=EDGE_LOOP('',(#3276,#3277,#3278,#3279));
#628=EDGE_LOOP('',(#3280,#3281,#3282,#3283));
#629=EDGE_LOOP('',(#3284,#3285,#3286,#3287));
#630=EDGE_LOOP('',(#3288,#3289,#3290,#3291));
#631=EDGE_LOOP('',(#3292,#3293,#3294));
#632=EDGE_LOOP('',(#3295,#3296,#3297,#3298));
#633=EDGE_LOOP('',(#3299,#3300,#3301,#3302));
#634=EDGE_LOOP('',(#3303,#3304,#3305,#3306));
#635=EDGE_LOOP('',(#3307,#3308,#3309));
#636=EDGE_LOOP('',(#3310,#3311,#3312,#3313));
#637=EDGE_LOOP('',(#3314,#3315,#3316,#3317));
#638=EDGE_LOOP('',(#3318,#3319,#3320,#3321));
#639=EDGE_LOOP('',(#3322,#3323,#3324,#3325));
#640=EDGE_LOOP('',(#3326,#3327,#3328,#3329));
#641=EDGE_LOOP('',(#3330,#3331,#3332,#3333));
#642=EDGE_LOOP('',(#3334,#3335,#3336,#3337,#3338,#3339,#3340,#3341,#3342,
#3343,#3344,#3345));
#643=EDGE_LOOP('',(#3346,#3347,#3348,#3349));
#644=EDGE_LOOP('',(#3350,#3351,#3352,#3353));
#645=EDGE_LOOP('',(#3354,#3355,#3356,#3357));
#646=EDGE_LOOP('',(#3358,#3359,#3360,#3361));
#647=EDGE_LOOP('',(#3362,#3363,#3364,#3365));
#648=EDGE_LOOP('',(#3366,#3367,#3368,#3369));
#649=EDGE_LOOP('',(#3370,#3371,#3372,#3373));
#650=EDGE_LOOP('',(#3374,#3375,#3376,#3377,#3378,#3379,#3380,#3381,#3382,
#3383,#3384,#3385,#3386,#3387,#3388,#3389));
#651=EDGE_LOOP('',(#3390,#3391,#3392,#3393));
#652=EDGE_LOOP('',(#3394));
#653=EDGE_LOOP('',(#3395));
#654=EDGE_LOOP('',(#3396,#3397,#3398,#3399));
#655=EDGE_LOOP('',(#3400,#3401,#3402,#3403,#3404,#3405));
#656=EDGE_LOOP('',(#3406,#3407,#3408,#3409));
#657=LINE('',#5023,#961);
#658=LINE('',#5026,#962);
#659=LINE('',#5029,#963);
#660=LINE('',#5031,#964);
#661=LINE('',#5032,#965);
#662=LINE('',#5035,#966);
#663=LINE('',#5037,#967);
#664=LINE('',#5038,#968);
#665=LINE('',#5047,#969);
#666=LINE('',#5049,#970);
#667=LINE('',#5051,#971);
#668=LINE('',#5055,#972);
#669=LINE('',#5057,#973);
#670=LINE('',#5059,#974);
#671=LINE('',#5061,#975);
#672=LINE('',#5063,#976);
#673=LINE('',#5064,#977);
#674=LINE('',#5067,#978);
#675=LINE('',#5069,#979);
#676=LINE('',#5071,#980);
#677=LINE('',#5072,#981);
#678=LINE('',#5077,#982);
#679=LINE('',#5079,#983);
#680=LINE('',#5081,#984);
#681=LINE('',#5083,#985);
#682=LINE('',#5085,#986);
#683=LINE('',#5088,#987);
#684=LINE('',#5089,#988);
#685=LINE('',#5108,#989);
#686=LINE('',#5115,#990);
#687=LINE('',#5122,#991);
#688=LINE('',#5127,#992);
#689=LINE('',#5209,#993);
#690=LINE('',#5227,#994);
#691=LINE('',#5253,#995);
#692=LINE('',#5255,#996);
#693=LINE('',#5264,#997);
#694=LINE('',#5269,#998);
#695=LINE('',#5313,#999);
#696=LINE('',#5319,#1000);
#697=LINE('',#5322,#1001);
#698=LINE('',#5325,#1002);
#699=LINE('',#5329,#1003);
#700=LINE('',#5331,#1004);
#701=LINE('',#5333,#1005);
#702=LINE('',#5334,#1006);
#703=LINE('',#5337,#1007);
#704=LINE('',#5338,#1008);
#705=LINE('',#5344,#1009);
#706=LINE('',#5347,#1010);
#707=LINE('',#5350,#1011);
#708=LINE('',#5352,#1012);
#709=LINE('',#5353,#1013);
#710=LINE('',#5359,#1014);
#711=LINE('',#5362,#1015);
#712=LINE('',#5365,#1016);
#713=LINE('',#5367,#1017);
#714=LINE('',#5368,#1018);
#715=LINE('',#5375,#1019);
#716=LINE('',#5378,#1020);
#717=LINE('',#5380,#1021);
#718=LINE('',#5384,#1022);
#719=LINE('',#5386,#1023);
#720=LINE('',#5388,#1024);
#721=LINE('',#5390,#1025);
#722=LINE('',#5397,#1026);
#723=LINE('',#5399,#1027);
#724=LINE('',#5400,#1028);
#725=LINE('',#5406,#1029);
#726=LINE('',#5410,#1030);
#727=LINE('',#5412,#1031);
#728=LINE('',#5438,#1032);
#729=LINE('',#5443,#1033);
#730=LINE('',#5447,#1034);
#731=LINE('',#5449,#1035);
#732=LINE('',#5451,#1036);
#733=LINE('',#5455,#1037);
#734=LINE('',#5459,#1038);
#735=LINE('',#5461,#1039);
#736=LINE('',#5462,#1040);
#737=LINE('',#5465,#1041);
#738=LINE('',#5467,#1042);
#739=LINE('',#5468,#1043);
#740=LINE('',#5470,#1044);
#741=LINE('',#5472,#1045);
#742=LINE('',#5474,#1046);
#743=LINE('',#5476,#1047);
#744=LINE('',#5478,#1048);
#745=LINE('',#5480,#1049);
#746=LINE('',#5482,#1050);
#747=LINE('',#5484,#1051);
#748=LINE('',#5486,#1052);
#749=LINE('',#5488,#1053);
#750=LINE('',#5489,#1054);
#751=LINE('',#5492,#1055);
#752=LINE('',#5494,#1056);
#753=LINE('',#5496,#1057);
#754=LINE('',#5498,#1058);
#755=LINE('',#5500,#1059);
#756=LINE('',#5501,#1060);
#757=LINE('',#5504,#1061);
#758=LINE('',#5506,#1062);
#759=LINE('',#5508,#1063);
#760=LINE('',#5510,#1064);
#761=LINE('',#5512,#1065);
#762=LINE('',#5513,#1066);
#763=LINE('',#5551,#1067);
#764=LINE('',#5623,#1068);
#765=LINE('',#5695,#1069);
#766=LINE('',#5843,#1070);
#767=LINE('',#5846,#1071);
#768=LINE('',#5849,#1072);
#769=LINE('',#5853,#1073);
#770=LINE('',#5953,#1074);
#771=LINE('',#5957,#1075);
#772=LINE('',#5961,#1076);
#773=LINE('',#5972,#1077);
#774=LINE('',#5975,#1078);
#775=LINE('',#5979,#1079);
#776=LINE('',#5983,#1080);
#777=LINE('',#5984,#1081);
#778=LINE('',#5988,#1082);
#779=LINE('',#5992,#1083);
#780=LINE('',#5993,#1084);
#781=LINE('',#6007,#1085);
#782=LINE('',#6015,#1086);
#783=LINE('',#6035,#1087);
#784=LINE('',#6042,#1088);
#785=LINE('',#6044,#1089);
#786=LINE('',#6047,#1090);
#787=LINE('',#6065,#1091);
#788=LINE('',#6069,#1092);
#789=LINE('',#6073,#1093);
#790=LINE('',#6090,#1094);
#791=LINE('',#6094,#1095);
#792=LINE('',#6101,#1096);
#793=LINE('',#6113,#1097);
#794=LINE('',#6117,#1098);
#795=LINE('',#6128,#1099);
#796=LINE('',#6130,#1100);
#797=LINE('',#6131,#1101);
#798=LINE('',#6133,#1102);
#799=LINE('',#6135,#1103);
#800=LINE('',#6137,#1104);
#801=LINE('',#6141,#1105);
#802=LINE('',#6143,#1106);
#803=LINE('',#6146,#1107);
#804=LINE('',#6147,#1108);
#805=LINE('',#6151,#1109);
#806=LINE('',#6152,#1110);
#807=LINE('',#6154,#1111);
#808=LINE('',#6159,#1112);
#809=LINE('',#6160,#1113);
#810=LINE('',#6162,#1114);
#811=LINE('',#6169,#1115);
#812=LINE('',#6173,#1116);
#813=LINE('',#6175,#1117);
#814=LINE('',#6176,#1118);
#815=LINE('',#6180,#1119);
#816=LINE('',#6182,#1120);
#817=LINE('',#6184,#1121);
#818=LINE('',#6185,#1122);
#819=LINE('',#6188,#1123);
#820=LINE('',#6190,#1124);
#821=LINE('',#6191,#1125);
#822=LINE('',#6199,#1126);
#823=LINE('',#6203,#1127);
#824=LINE('',#6205,#1128);
#825=LINE('',#6207,#1129);
#826=LINE('',#6208,#1130);
#827=LINE('',#6214,#1131);
#828=LINE('',#6215,#1132);
#829=LINE('',#6220,#1133);
#830=LINE('',#6222,#1134);
#831=LINE('',#6224,#1135);
#832=LINE('',#6226,#1136);
#833=LINE('',#6227,#1137);
#834=LINE('',#6231,#1138);
#835=LINE('',#6235,#1139);
#836=LINE('',#6240,#1140);
#837=LINE('',#6242,#1141);
#838=LINE('',#6244,#1142);
#839=LINE('',#6246,#1143);
#840=LINE('',#6247,#1144);
#841=LINE('',#6248,#1145);
#842=LINE('',#6250,#1146);
#843=LINE('',#6252,#1147);
#844=LINE('',#6254,#1148);
#845=LINE('',#6256,#1149);
#846=LINE('',#6258,#1150);
#847=LINE('',#6259,#1151);
#848=LINE('',#6262,#1152);
#849=LINE('',#6267,#1153);
#850=LINE('',#6270,#1154);
#851=LINE('',#6273,#1155);
#852=LINE('',#6280,#1156);
#853=LINE('',#6397,#1157);
#854=LINE('',#6399,#1158);
#855=LINE('',#6402,#1159);
#856=LINE('',#6406,#1160);
#857=LINE('',#6408,#1161);
#858=LINE('',#6409,#1162);
#859=LINE('',#6412,#1163);
#860=LINE('',#6414,#1164);
#861=LINE('',#6423,#1165);
#862=LINE('',#6425,#1166);
#863=LINE('',#6427,#1167);
#864=LINE('',#6429,#1168);
#865=LINE('',#6431,#1169);
#866=LINE('',#6434,#1170);
#867=LINE('',#6436,#1171);
#868=LINE('',#6437,#1172);
#869=LINE('',#6439,#1173);
#870=LINE('',#6443,#1174);
#871=LINE('',#6446,#1175);
#872=LINE('',#6447,#1176);
#873=LINE('',#6450,#1177);
#874=LINE('',#6452,#1178);
#875=LINE('',#6454,#1179);
#876=LINE('',#6455,#1180);
#877=LINE('',#6458,#1181);
#878=LINE('',#6460,#1182);
#879=LINE('',#6461,#1183);
#880=LINE('',#6465,#1184);
#881=LINE('',#6468,#1185);
#882=LINE('',#6475,#1186);
#883=LINE('',#6491,#1187);
#884=LINE('',#6495,#1188);
#885=LINE('',#6527,#1189);
#886=LINE('',#6531,#1190);
#887=LINE('',#6534,#1191);
#888=LINE('',#6538,#1192);
#889=LINE('',#6539,#1193);
#890=LINE('',#6545,#1194);
#891=LINE('',#6551,#1195);
#892=LINE('',#6557,#1196);
#893=LINE('',#6560,#1197);
#894=LINE('',#6562,#1198);
#895=LINE('',#6563,#1199);
#896=LINE('',#6566,#1200);
#897=LINE('',#6569,#1201);
#898=LINE('',#6576,#1202);
#899=LINE('',#6579,#1203);
#900=LINE('',#6581,#1204);
#901=LINE('',#6584,#1205);
#902=LINE('',#6585,#1206);
#903=LINE('',#6588,#1207);
#904=LINE('',#6589,#1208);
#905=LINE('',#6592,#1209);
#906=LINE('',#6593,#1210);
#907=LINE('',#6596,#1211);
#908=LINE('',#6600,#1212);
#909=LINE('',#6603,#1213);
#910=LINE('',#6606,#1214);
#911=LINE('',#6816,#1215);
#912=LINE('',#6822,#1216);
#913=LINE('',#6828,#1217);
#914=LINE('',#6840,#1218);
#915=LINE('',#6846,#1219);
#916=LINE('',#6897,#1220);
#917=LINE('',#7040,#1221);
#918=LINE('',#7109,#1222);
#919=LINE('',#7115,#1223);
#920=LINE('',#7116,#1224);
#921=LINE('',#7119,#1225);
#922=LINE('',#7122,#1226);
#923=LINE('',#7125,#1227);
#924=LINE('',#7126,#1228);
#925=LINE('',#7131,#1229);
#926=LINE('',#7132,#1230);
#927=LINE('',#7134,#1231);
#928=LINE('',#7136,#1232);
#929=LINE('',#7138,#1233);
#930=LINE('',#7142,#1234);
#931=LINE('',#7145,#1235);
#932=LINE('',#7148,#1236);
#933=LINE('',#7149,#1237);
#934=LINE('',#7153,#1238);
#935=LINE('',#7155,#1239);
#936=LINE('',#7157,#1240);
#937=LINE('',#7159,#1241);
#938=LINE('',#7162,#1242);
#939=LINE('',#7164,#1243);
#940=LINE('',#7168,#1244);
#941=LINE('',#7169,#1245);
#942=LINE('',#7171,#1246);
#943=LINE('',#7174,#1247);
#944=LINE('',#7175,#1248);
#945=LINE('',#7178,#1249);
#946=LINE('',#7179,#1250);
#947=LINE('',#7183,#1251);
#948=LINE('',#7186,#1252);
#949=LINE('',#7187,#1253);
#950=LINE('',#7190,#1254);
#951=LINE('',#7191,#1255);
#952=LINE('',#7193,#1256);
#953=LINE('',#7195,#1257);
#954=LINE('',#7198,#1258);
#955=LINE('',#7199,#1259);
#956=LINE('',#7203,#1260);
#957=LINE('',#7205,#1261);
#958=LINE('',#7208,#1262);
#959=LINE('',#7209,#1263);
#960=LINE('',#7211,#1264);
#961=VECTOR('',#4026,10.);
#962=VECTOR('',#4029,10.);
#963=VECTOR('',#4032,10.);
#964=VECTOR('',#4033,10.);
#965=VECTOR('',#4034,10.);
#966=VECTOR('',#4037,10.);
#967=VECTOR('',#4038,10.);
#968=VECTOR('',#4039,10.);
#969=VECTOR('',#4050,10.);
#970=VECTOR('',#4051,10.);
#971=VECTOR('',#4052,10.);
#972=VECTOR('',#4055,10.);
#973=VECTOR('',#4056,10.);
#974=VECTOR('',#4057,10.);
#975=VECTOR('',#4058,10.);
#976=VECTOR('',#4059,10.);
#977=VECTOR('',#4060,10.);
#978=VECTOR('',#4061,10.);
#979=VECTOR('',#4062,10.);
#980=VECTOR('',#4063,10.);
#981=VECTOR('',#4064,10.);
#982=VECTOR('',#4067,10.);
#983=VECTOR('',#4068,10.);
#984=VECTOR('',#4069,10.);
#985=VECTOR('',#4070,10.);
#986=VECTOR('',#4071,10.);
#987=VECTOR('',#4074,10.);
#988=VECTOR('',#4075,10.);
#989=VECTOR('',#4076,10.);
#990=VECTOR('',#4077,10.);
#991=VECTOR('',#4080,10.);
#992=VECTOR('',#4085,10.);
#993=VECTOR('',#4092,10.);
#994=VECTOR('',#4101,1.55);
#995=VECTOR('',#4102,10.);
#996=VECTOR('',#4103,10.);
#997=VECTOR('',#4106,10.);
#998=VECTOR('',#4111,10.);
#999=VECTOR('',#4116,1.55);
#1000=VECTOR('',#4121,10.);
#1001=VECTOR('',#4124,10.);
#1002=VECTOR('',#4127,10.);
#1003=VECTOR('',#4130,10.);
#1004=VECTOR('',#4131,10.);
#1005=VECTOR('',#4132,10.);
#1006=VECTOR('',#4133,10.);
#1007=VECTOR('',#4136,10.);
#1008=VECTOR('',#4137,10.);
#1009=VECTOR('',#4142,10.);
#1010=VECTOR('',#4145,10.);
#1011=VECTOR('',#4148,10.);
#1012=VECTOR('',#4149,10.);
#1013=VECTOR('',#4150,10.);
#1014=VECTOR('',#4155,10.);
#1015=VECTOR('',#4158,10.);
#1016=VECTOR('',#4161,10.);
#1017=VECTOR('',#4162,10.);
#1018=VECTOR('',#4163,10.);
#1019=VECTOR('',#4174,10.);
#1020=VECTOR('',#4177,10.);
#1021=VECTOR('',#4178,10.);
#1022=VECTOR('',#4181,10.);
#1023=VECTOR('',#4182,10.);
#1024=VECTOR('',#4183,10.);
#1025=VECTOR('',#4184,10.);
#1026=VECTOR('',#4195,10.);
#1027=VECTOR('',#4196,10.);
#1028=VECTOR('',#4197,10.);
#1029=VECTOR('',#4202,10.);
#1030=VECTOR('',#4205,10.);
#1031=VECTOR('',#4206,10.);
#1032=VECTOR('',#4209,10.);
#1033=VECTOR('',#4212,10.);
#1034=VECTOR('',#4215,10.);
#1035=VECTOR('',#4216,10.);
#1036=VECTOR('',#4217,10.);
#1037=VECTOR('',#4220,10.);
#1038=VECTOR('',#4225,10.);
#1039=VECTOR('',#4226,10.);
#1040=VECTOR('',#4227,10.);
#1041=VECTOR('',#4230,10.);
#1042=VECTOR('',#4231,10.);
#1043=VECTOR('',#4232,10.);
#1044=VECTOR('',#4233,10.);
#1045=VECTOR('',#4234,10.);
#1046=VECTOR('',#4235,10.);
#1047=VECTOR('',#4236,10.);
#1048=VECTOR('',#4237,10.);
#1049=VECTOR('',#4238,10.);
#1050=VECTOR('',#4239,10.);
#1051=VECTOR('',#4240,10.);
#1052=VECTOR('',#4241,10.);
#1053=VECTOR('',#4242,10.);
#1054=VECTOR('',#4243,10.);
#1055=VECTOR('',#4246,10.);
#1056=VECTOR('',#4247,10.);
#1057=VECTOR('',#4248,10.);
#1058=VECTOR('',#4249,10.);
#1059=VECTOR('',#4250,10.);
#1060=VECTOR('',#4251,10.);
#1061=VECTOR('',#4254,10.);
#1062=VECTOR('',#4255,10.);
#1063=VECTOR('',#4256,10.);
#1064=VECTOR('',#4257,10.);
#1065=VECTOR('',#4258,10.);
#1066=VECTOR('',#4259,10.);
#1067=VECTOR('',#4262,1.55);
#1068=VECTOR('',#4265,1.55);
#1069=VECTOR('',#4268,1.55);
#1070=VECTOR('',#4293,4.5);
#1071=VECTOR('',#4296,4.5);
#1072=VECTOR('',#4299,10.);
#1073=VECTOR('',#4304,10.);
#1074=VECTOR('',#4331,10.);
#1075=VECTOR('',#4334,10.);
#1076=VECTOR('',#4339,10.);
#1077=VECTOR('',#4346,4.5);
#1078=VECTOR('',#4349,4.5);
#1079=VECTOR('',#4354,10.);
#1080=VECTOR('',#4361,10.);
#1081=VECTOR('',#4362,10.);
#1082=VECTOR('',#4365,10.);
#1083=VECTOR('',#4368,10.);
#1084=VECTOR('',#4369,10.);
#1085=VECTOR('',#4378,10.);
#1086=VECTOR('',#4385,10.);
#1087=VECTOR('',#4390,10.);
#1088=VECTOR('',#4397,10.);
#1089=VECTOR('',#4400,10.);
#1090=VECTOR('',#4403,10.);
#1091=VECTOR('',#4404,10.);
#1092=VECTOR('',#4409,10.);
#1093=VECTOR('',#4414,10.);
#1094=VECTOR('',#4415,10.);
#1095=VECTOR('',#4420,10.);
#1096=VECTOR('',#4431,10.);
#1097=VECTOR('',#4434,10.);
#1098=VECTOR('',#4439,10.);
#1099=VECTOR('',#4442,10.);
#1100=VECTOR('',#4445,10.);
#1101=VECTOR('',#4446,10.);
#1102=VECTOR('',#4449,10.);
#1103=VECTOR('',#4452,10.);
#1104=VECTOR('',#4455,10.);
#1105=VECTOR('',#4462,10.);
#1106=VECTOR('',#4465,10.);
#1107=VECTOR('',#4470,10.);
#1108=VECTOR('',#4471,10.);
#1109=VECTOR('',#4478,10.);
#1110=VECTOR('',#4479,10.);
#1111=VECTOR('',#4482,10.);
#1112=VECTOR('',#4489,10.);
#1113=VECTOR('',#4490,10.);
#1114=VECTOR('',#4493,10.);
#1115=VECTOR('',#4500,10.);
#1116=VECTOR('',#4505,10.);
#1117=VECTOR('',#4506,10.);
#1118=VECTOR('',#4507,10.);
#1119=VECTOR('',#4510,10.);
#1120=VECTOR('',#4511,10.);
#1121=VECTOR('',#4512,10.);
#1122=VECTOR('',#4513,10.);
#1123=VECTOR('',#4516,10.);
#1124=VECTOR('',#4517,10.);
#1125=VECTOR('',#4518,10.);
#1126=VECTOR('',#4529,10.);
#1127=VECTOR('',#4532,10.);
#1128=VECTOR('',#4533,10.);
#1129=VECTOR('',#4534,10.);
#1130=VECTOR('',#4535,10.);
#1131=VECTOR('',#4546,10.);
#1132=VECTOR('',#4547,10.);
#1133=VECTOR('',#4552,10.);
#1134=VECTOR('',#4553,10.);
#1135=VECTOR('',#4554,10.);
#1136=VECTOR('',#4555,10.);
#1137=VECTOR('',#4556,10.);
#1138=VECTOR('',#4561,10.);
#1139=VECTOR('',#4566,10.);
#1140=VECTOR('',#4571,10.);
#1141=VECTOR('',#4572,10.);
#1142=VECTOR('',#4573,10.);
#1143=VECTOR('',#4574,10.);
#1144=VECTOR('',#4575,10.);
#1145=VECTOR('',#4576,10.);
#1146=VECTOR('',#4579,10.);
#1147=VECTOR('',#4580,10.);
#1148=VECTOR('',#4581,10.);
#1149=VECTOR('',#4582,10.);
#1150=VECTOR('',#4583,10.);
#1151=VECTOR('',#4584,10.);
#1152=VECTOR('',#4589,1.12249997491017);
#1153=VECTOR('',#4594,10.);
#1154=VECTOR('',#4599,10.);
#1155=VECTOR('',#4602,1.12249997491017);
#1156=VECTOR('',#4609,10.);
#1157=VECTOR('',#4612,10.);
#1158=VECTOR('',#4613,10.);
#1159=VECTOR('',#4616,10.);
#1160=VECTOR('',#4619,10.);
#1161=VECTOR('',#4620,10.);
#1162=VECTOR('',#4621,10.);
#1163=VECTOR('',#4624,10.);
#1164=VECTOR('',#4625,10.);
#1165=VECTOR('',#4634,10.);
#1166=VECTOR('',#4637,10.);
#1167=VECTOR('',#4640,10.);
#1168=VECTOR('',#4643,10.);
#1169=VECTOR('',#4646,10.);
#1170=VECTOR('',#4649,10.);
#1171=VECTOR('',#4650,10.);
#1172=VECTOR('',#4651,10.);
#1173=VECTOR('',#4654,10.);
#1174=VECTOR('',#4659,10.);
#1175=VECTOR('',#4662,10.);
#1176=VECTOR('',#4663,10.);
#1177=VECTOR('',#4666,10.);
#1178=VECTOR('',#4667,10.);
#1179=VECTOR('',#4668,10.);
#1180=VECTOR('',#4669,10.);
#1181=VECTOR('',#4672,10.);
#1182=VECTOR('',#4673,10.);
#1183=VECTOR('',#4674,10.);
#1184=VECTOR('',#4679,10.);
#1185=VECTOR('',#4682,10.);
#1186=VECTOR('',#4683,10.);
#1187=VECTOR('',#4688,10.);
#1188=VECTOR('',#4691,10.);
#1189=VECTOR('',#4694,10.);
#1190=VECTOR('',#4699,10.);
#1191=VECTOR('',#4702,10.);
#1192=VECTOR('',#4707,10.);
#1193=VECTOR('',#4708,10.);
#1194=VECTOR('',#4715,10.);
#1195=VECTOR('',#4722,10.);
#1196=VECTOR('',#4727,10.);
#1197=VECTOR('',#4730,10.);
#1198=VECTOR('',#4733,10.);
#1199=VECTOR('',#4734,10.);
#1200=VECTOR('',#4737,10.);
#1201=VECTOR('',#4740,10.);
#1202=VECTOR('',#4747,10.);
#1203=VECTOR('',#4750,10.);
#1204=VECTOR('',#4753,10.);
#1205=VECTOR('',#4756,10.);
#1206=VECTOR('',#4757,10.);
#1207=VECTOR('',#4760,10.);
#1208=VECTOR('',#4761,10.);
#1209=VECTOR('',#4764,10.);
#1210=VECTOR('',#4765,10.);
#1211=VECTOR('',#4768,1.4);
#1212=VECTOR('',#4773,1.4);
#1213=VECTOR('',#4778,10.);
#1214=VECTOR('',#4783,10.);
#1215=VECTOR('',#4804,10.);
#1216=VECTOR('',#4809,10.);
#1217=VECTOR('',#4814,10.);
#1218=VECTOR('',#4829,10.);
#1219=VECTOR('',#4834,10.);
#1220=VECTOR('',#4843,10.);
#1221=VECTOR('',#4876,10.);
#1222=VECTOR('',#4881,10.);
#1223=VECTOR('',#4884,10.);
#1224=VECTOR('',#4885,10.);
#1225=VECTOR('',#4888,10.);
#1226=VECTOR('',#4891,10.);
#1227=VECTOR('',#4894,10.);
#1228=VECTOR('',#4895,10.);
#1229=VECTOR('',#4904,10.);
#1230=VECTOR('',#4905,10.);
#1231=VECTOR('',#4908,10.);
#1232=VECTOR('',#4911,10.);
#1233=VECTOR('',#4914,10.);
#1234=VECTOR('',#4919,10.);
#1235=VECTOR('',#4922,10.);
#1236=VECTOR('',#4925,10.);
#1237=VECTOR('',#4926,10.);
#1238=VECTOR('',#4933,10.);
#1239=VECTOR('',#4936,10.);
#1240=VECTOR('',#4939,10.);
#1241=VECTOR('',#4942,10.);
#1242=VECTOR('',#4947,10.);
#1243=VECTOR('',#4950,10.);
#1244=VECTOR('',#4957,10.);
#1245=VECTOR('',#4958,10.);
#1246=VECTOR('',#4961,10.);
#1247=VECTOR('',#4964,10.);
#1248=VECTOR('',#4965,10.);
#1249=VECTOR('',#4968,10.);
#1250=VECTOR('',#4969,10.);
#1251=VECTOR('',#4974,10.);
#1252=VECTOR('',#4977,10.);
#1253=VECTOR('',#4978,10.);
#1254=VECTOR('',#4981,10.);
#1255=VECTOR('',#4982,10.);
#1256=VECTOR('',#4985,10.);
#1257=VECTOR('',#4988,10.);
#1258=VECTOR('',#4991,10.);
#1259=VECTOR('',#4992,10.);
#1260=VECTOR('',#4997,10.);
#1261=VECTOR('',#5000,10.);
#1262=VECTOR('',#5003,10.);
#1263=VECTOR('',#5004,10.);
#1264=VECTOR('',#5007,10.);
#1265=CIRCLE('',#3674,1.50000002235174);
#1266=CIRCLE('',#3675,1.50000002235174);
#1267=CIRCLE('',#3679,1.50000002235174);
#1268=CIRCLE('',#3680,1.50000002235174);
#1269=CIRCLE('',#3681,1.50000002235174);
#1270=CIRCLE('',#3683,51.45);
#1271=CIRCLE('',#3684,2.55);
#1272=CIRCLE('',#3685,2.55);
#1273=CIRCLE('',#3687,1.55);
#1274=CIRCLE('',#3688,1.55);
#1275=CIRCLE('',#3691,4.);
#1276=CIRCLE('',#3692,4.);
#1277=CIRCLE('',#3695,1.55);
#1278=CIRCLE('',#3697,1.55);
#1279=CIRCLE('',#3698,1.55);
#1280=CIRCLE('',#3700,1.55);
#1281=CIRCLE('',#3702,25.5);
#1282=CIRCLE('',#3703,25.5);
#1283=CIRCLE('',#3705,10.);
#1284=CIRCLE('',#3708,25.5);
#1285=CIRCLE('',#3709,25.5);
#1286=CIRCLE('',#3712,25.5);
#1287=CIRCLE('',#3713,25.5);
#1288=CIRCLE('',#3716,10.);
#1289=CIRCLE('',#3717,10.);
#1290=CIRCLE('',#3719,10.);
#1291=CIRCLE('',#3721,51.45);
#1292=CIRCLE('',#3722,16.2999997087652);
#1293=CIRCLE('',#3724,10.);
#1294=CIRCLE('',#3725,10.);
#1295=CIRCLE('',#3728,24.7999995258547);
#1296=CIRCLE('',#3729,3.);
#1297=CIRCLE('',#3730,21.9999993219972);
#1298=CIRCLE('',#3731,1.12249997491017);
#1299=CIRCLE('',#3732,6.28465853058509);
#1300=CIRCLE('',#3733,6.28465853058509);
#1301=CIRCLE('',#3734,3.10000001490116);
#1302=CIRCLE('',#3742,2.5);
#1303=CIRCLE('',#3743,2.);
#1304=CIRCLE('',#3744,2.5);
#1305=CIRCLE('',#3745,4.5);
#1306=CIRCLE('',#3747,4.5);
#1307=CIRCLE('',#3748,7.);
#1308=CIRCLE('',#3750,2.5);
#1309=CIRCLE('',#3751,18.5000000006638);
#1310=CIRCLE('',#3752,21.0000000006638);
#1311=CIRCLE('',#3754,4.5);
#1312=CIRCLE('',#3756,4.5);
#1313=CIRCLE('',#3758,16.2999997087652);
#1314=CIRCLE('',#3760,2.5);
#1315=CIRCLE('',#3761,4.5);
#1316=CIRCLE('',#3762,7.);
#1317=CIRCLE('',#3763,2.5);
#1318=CIRCLE('',#3764,4.5);
#1319=CIRCLE('',#3765,2.);
#1320=CIRCLE('',#3767,2.5);
#1321=CIRCLE('',#3768,21.0000000006638);
#1322=CIRCLE('',#3769,18.5000000006638);
#1323=CIRCLE('',#3775,16.2999997087652);
#1324=CIRCLE('',#3777,4.5);
#1325=CIRCLE('',#3779,4.5);
#1326=CIRCLE('',#3781,21.0000000006638);
#1327=CIRCLE('',#3782,16.2999997087652);
#1328=CIRCLE('',#3783,16.2999997087652);
#1329=CIRCLE('',#3784,15.2999997087652);
#1330=CIRCLE('',#3786,21.0000000006638);
#1331=CIRCLE('',#3790,16.2999997087652);
#1332=CIRCLE('',#3795,16.2999997087652);
#1333=CIRCLE('',#3806,20.0641777731397);
#1334=CIRCLE('',#3807,20.5666101823369);
#1335=CIRCLE('',#3808,20.0641777731397);
#1336=CIRCLE('',#3810,16.301042066071);
#1337=CIRCLE('',#3813,16.301042066071);
#1338=CIRCLE('',#3828,1.12249997491017);
#1339=CIRCLE('',#3832,1.12249997491017);
#1340=CIRCLE('',#3835,3.10000001490116);
#1341=CIRCLE('',#3840,3.10000001490116);
#1342=CIRCLE('',#3841,3.10000001490116);
#1343=CIRCLE('',#3842,3.10000001490116);
#1344=CIRCLE('',#3846,3.10000001490116);
#1345=CIRCLE('',#3847,3.10000001490116);
#1346=CIRCLE('',#3848,3.10000001490116);
#1347=CIRCLE('',#3851,6.28465853058509);
#1348=CIRCLE('',#3853,6.28465853058509);
#1349=CIRCLE('',#3855,6.28465853058509);
#1350=CIRCLE('',#3857,6.28465853058509);
#1351=CIRCLE('',#3862,25.7999995258547);
#1352=CIRCLE('',#3863,25.7999995258547);
#1353=CIRCLE('',#3866,1.12249997491017);
#1354=CIRCLE('',#3868,24.7999995258547);
#1355=CIRCLE('',#3869,21.9999993219972);
#1356=CIRCLE('',#3870,3.);
#1357=CIRCLE('',#3871,6.28465853058509);
#1358=CIRCLE('',#3873,25.537715822126);
#1359=CIRCLE('',#3874,7.96228452060076);
#1360=CIRCLE('',#3875,25.7999995258547);
#1361=CIRCLE('',#3876,1.5);
#1362=CIRCLE('',#3884,6.28465853058509);
#1363=CIRCLE('',#3889,15.2999997087652);
#1364=CIRCLE('',#3892,25.7999995258547);
#1365=CIRCLE('',#3893,25.7999995258547);
#1366=CIRCLE('',#3894,25.7999995258547);
#1367=CIRCLE('',#3896,2.75);
#1368=CIRCLE('',#3898,2.75);
#1369=CIRCLE('',#3901,3.5);
#1370=CIRCLE('',#3902,3.5);
#1371=CIRCLE('',#3904,3.5);
#1372=CIRCLE('',#3905,3.5);
#1373=CIRCLE('',#3907,4.);
#1374=CIRCLE('',#3908,4.);
#1375=CIRCLE('',#3911,4.);
#1376=CIRCLE('',#3912,1.4);
#1377=CIRCLE('',#3913,1.4);
#1378=CIRCLE('',#3915,4.);
#1379=CIRCLE('',#3921,1.4);
#1380=CIRCLE('',#3923,1.4);
#1381=CIRCLE('',#3929,24.2999995258547);
#1382=CIRCLE('',#3932,24.2999995258547);
#1383=CIRCLE('',#3934,10.5);
#1384=CIRCLE('',#3935,23.0000003427267);
#1385=CIRCLE('',#3936,21.9999993219972);
#1386=CIRCLE('',#3937,24.8000003129244);
#1387=CIRCLE('',#3938,3.65000000000015);
#1388=CIRCLE('',#3939,0.300000000000001);
#1389=CIRCLE('',#3940,0.550000000000009);
#1390=CIRCLE('',#3941,0.249999999999993);
#1391=CIRCLE('',#3942,0.749999999999992);
#1392=CIRCLE('',#3944,2.55);
#1393=CIRCLE('',#3946,0.550000000000009);
#1394=CIRCLE('',#3947,0.300000000000001);
#1395=CIRCLE('',#3948,3.65000000000015);
#1396=CIRCLE('',#3949,24.8000003129244);
#1397=CIRCLE('',#3950,21.9999993219972);
#1398=CIRCLE('',#3951,23.0000003427267);
#1399=CIRCLE('',#3952,10.5);
#1400=CIRCLE('',#3953,10.5);
#1401=CIRCLE('',#3954,0.749999999999992);
#1402=CIRCLE('',#3955,0.249999999999993);
#1403=CIRCLE('',#3957,2.55);
#1404=CIRCLE('',#3958,2.55);
#1405=CIRCLE('',#3959,7.96228452060076);
#1406=CIRCLE('',#3960,25.7999995258547);
#1407=CIRCLE('',#3961,2.55);
#1408=CIRCLE('',#3963,25.5377158221259);
#1409=CIRCLE('',#3964,25.7999995258547);
#1410=CIRCLE('',#3965,2.55);
#1411=CIRCLE('',#3966,25.7999995258547);
#1412=CIRCLE('',#3967,2.55);
#1413=CIRCLE('',#3968,25.7999995258547);
#1414=CIRCLE('',#3970,1.5);
#1415=CIRCLE('',#3974,0.749999999999992);
#1416=CIRCLE('',#3978,0.249999999999993);
#1417=CIRCLE('',#3985,0.249999999999993);
#1418=CIRCLE('',#3988,0.749999999999992);
#1419=CIRCLE('',#4003,51.45);
#1420=CIRCLE('',#4010,51.45);
#1421=VERTEX_POINT('',#5019);
#1422=VERTEX_POINT('',#5020);
#1423=VERTEX_POINT('',#5022);
#1424=VERTEX_POINT('',#5024);
#1425=VERTEX_POINT('',#5028);
#1426=VERTEX_POINT('',#5030);
#1427=VERTEX_POINT('',#5034);
#1428=VERTEX_POINT('',#5036);
#1429=VERTEX_POINT('',#5041);
#1430=VERTEX_POINT('',#5045);
#1431=VERTEX_POINT('',#5046);
#1432=VERTEX_POINT('',#5048);
#1433=VERTEX_POINT('',#5050);
#1434=VERTEX_POINT('',#5052);
#1435=VERTEX_POINT('',#5054);
#1436=VERTEX_POINT('',#5056);
#1437=VERTEX_POINT('',#5058);
#1438=VERTEX_POINT('',#5060);
#1439=VERTEX_POINT('',#5062);
#1440=VERTEX_POINT('',#5065);
#1441=VERTEX_POINT('',#5066);
#1442=VERTEX_POINT('',#5068);
#1443=VERTEX_POINT('',#5070);
#1444=VERTEX_POINT('',#5073);
#1445=VERTEX_POINT('',#5074);
#1446=VERTEX_POINT('',#5076);
#1447=VERTEX_POINT('',#5078);
#1448=VERTEX_POINT('',#5080);
#1449=VERTEX_POINT('',#5082);
#1450=VERTEX_POINT('',#5084);
#1451=VERTEX_POINT('',#5086);
#1452=VERTEX_POINT('',#5106);
#1453=VERTEX_POINT('',#5107);
#1454=VERTEX_POINT('',#5109);
#1455=VERTEX_POINT('',#5114);
#1456=VERTEX_POINT('',#5121);
#1457=VERTEX_POINT('',#5123);
#1458=VERTEX_POINT('',#5125);
#1459=VERTEX_POINT('',#5177);
#1460=VERTEX_POINT('',#5182);
#1461=VERTEX_POINT('',#5193);
#1462=VERTEX_POINT('',#5204);
#1463=VERTEX_POINT('',#5206);
#1464=VERTEX_POINT('',#5208);
#1465=VERTEX_POINT('',#5210);
#1466=VERTEX_POINT('',#5212);
#1467=VERTEX_POINT('',#5225);
#1468=VERTEX_POINT('',#5252);
#1469=VERTEX_POINT('',#5254);
#1470=VERTEX_POINT('',#5263);
#1471=VERTEX_POINT('',#5265);
#1472=VERTEX_POINT('',#5267);
#1473=VERTEX_POINT('',#5311);
#1474=VERTEX_POINT('',#5315);
#1475=VERTEX_POINT('',#5316);
#1476=VERTEX_POINT('',#5318);
#1477=VERTEX_POINT('',#5320);
#1478=VERTEX_POINT('',#5324);
#1479=VERTEX_POINT('',#5326);
#1480=VERTEX_POINT('',#5328);
#1481=VERTEX_POINT('',#5330);
#1482=VERTEX_POINT('',#5332);
#1483=VERTEX_POINT('',#5336);
#1484=VERTEX_POINT('',#5340);
#1485=VERTEX_POINT('',#5341);
#1486=VERTEX_POINT('',#5343);
#1487=VERTEX_POINT('',#5345);
#1488=VERTEX_POINT('',#5349);
#1489=VERTEX_POINT('',#5351);
#1490=VERTEX_POINT('',#5355);
#1491=VERTEX_POINT('',#5356);
#1492=VERTEX_POINT('',#5358);
#1493=VERTEX_POINT('',#5360);
#1494=VERTEX_POINT('',#5364);
#1495=VERTEX_POINT('',#5366);
#1496=VERTEX_POINT('',#5373);
#1497=VERTEX_POINT('',#5377);
#1498=VERTEX_POINT('',#5379);
#1499=VERTEX_POINT('',#5381);
#1500=VERTEX_POINT('',#5383);
#1501=VERTEX_POINT('',#5385);
#1502=VERTEX_POINT('',#5387);
#1503=VERTEX_POINT('',#5389);
#1504=VERTEX_POINT('',#5396);
#1505=VERTEX_POINT('',#5398);
#1506=VERTEX_POINT('',#5402);
#1507=VERTEX_POINT('',#5403);
#1508=VERTEX_POINT('',#5405);
#1509=VERTEX_POINT('',#5407);
#1510=VERTEX_POINT('',#5409);
#1511=VERTEX_POINT('',#5411);
#1512=VERTEX_POINT('',#5413);
#1513=VERTEX_POINT('',#5436);
#1514=VERTEX_POINT('',#5439);
#1515=VERTEX_POINT('',#5441);
#1516=VERTEX_POINT('',#5442);
#1517=VERTEX_POINT('',#5444);
#1518=VERTEX_POINT('',#5446);
#1519=VERTEX_POINT('',#5448);
#1520=VERTEX_POINT('',#5450);
#1521=VERTEX_POINT('',#5452);
#1522=VERTEX_POINT('',#5454);
#1523=VERTEX_POINT('',#5458);
#1524=VERTEX_POINT('',#5460);
#1525=VERTEX_POINT('',#5464);
#1526=VERTEX_POINT('',#5466);
#1527=VERTEX_POINT('',#5469);
#1528=VERTEX_POINT('',#5471);
#1529=VERTEX_POINT('',#5473);
#1530=VERTEX_POINT('',#5475);
#1531=VERTEX_POINT('',#5477);
#1532=VERTEX_POINT('',#5479);
#1533=VERTEX_POINT('',#5481);
#1534=VERTEX_POINT('',#5483);
#1535=VERTEX_POINT('',#5485);
#1536=VERTEX_POINT('',#5487);
#1537=VERTEX_POINT('',#5491);
#1538=VERTEX_POINT('',#5493);
#1539=VERTEX_POINT('',#5495);
#1540=VERTEX_POINT('',#5497);
#1541=VERTEX_POINT('',#5499);
#1542=VERTEX_POINT('',#5503);
#1543=VERTEX_POINT('',#5505);
#1544=VERTEX_POINT('',#5507);
#1545=VERTEX_POINT('',#5509);
#1546=VERTEX_POINT('',#5511);
#1547=VERTEX_POINT('',#5515);
#1548=VERTEX_POINT('',#5550);
#1549=VERTEX_POINT('',#5587);
#1550=VERTEX_POINT('',#5622);
#1551=VERTEX_POINT('',#5659);
#1552=VERTEX_POINT('',#5694);
#1553=VERTEX_POINT('',#5739);
#1554=VERTEX_POINT('',#5740);
#1555=VERTEX_POINT('',#5742);
#1556=VERTEX_POINT('',#5744);
#1557=VERTEX_POINT('',#5748);
#1558=VERTEX_POINT('',#5749);
#1559=VERTEX_POINT('',#5763);
#1560=VERTEX_POINT('',#5764);
#1561=VERTEX_POINT('',#5793);
#1562=VERTEX_POINT('',#5794);
#1563=VERTEX_POINT('',#5806);
#1564=VERTEX_POINT('',#5811);
#1565=VERTEX_POINT('',#5842);
#1566=VERTEX_POINT('',#5844);
#1567=VERTEX_POINT('',#5848);
#1568=VERTEX_POINT('',#5852);
#1569=VERTEX_POINT('',#5856);
#1570=VERTEX_POINT('',#5857);
#1571=VERTEX_POINT('',#5859);
#1572=VERTEX_POINT('',#5861);
#1573=VERTEX_POINT('',#5882);
#1574=VERTEX_POINT('',#5883);
#1575=VERTEX_POINT('',#5888);
#1576=VERTEX_POINT('',#5889);
#1577=VERTEX_POINT('',#5918);
#1578=VERTEX_POINT('',#5919);
#1579=VERTEX_POINT('',#5934);
#1580=VERTEX_POINT('',#5940);
#1581=VERTEX_POINT('',#5952);
#1582=VERTEX_POINT('',#5954);
#1583=VERTEX_POINT('',#5956);
#1584=VERTEX_POINT('',#5960);
#1585=VERTEX_POINT('',#5971);
#1586=VERTEX_POINT('',#5973);
#1587=VERTEX_POINT('',#5977);
#1588=VERTEX_POINT('',#5986);
#1589=VERTEX_POINT('',#5987);
#1590=VERTEX_POINT('',#5989);
#1591=VERTEX_POINT('',#5991);
#1592=VERTEX_POINT('',#5997);
#1593=VERTEX_POINT('',#6004);
#1594=VERTEX_POINT('',#6006);
#1595=VERTEX_POINT('',#6008);
#1596=VERTEX_POINT('',#6010);
#1597=VERTEX_POINT('',#6012);
#1598=VERTEX_POINT('',#6014);
#1599=VERTEX_POINT('',#6016);
#1600=VERTEX_POINT('',#6018);
#1601=VERTEX_POINT('',#6025);
#1602=VERTEX_POINT('',#6032);
#1603=VERTEX_POINT('',#6034);
#1604=VERTEX_POINT('',#6036);
#1605=VERTEX_POINT('',#6038);
#1606=VERTEX_POINT('',#6040);
#1607=VERTEX_POINT('',#6046);
#1608=VERTEX_POINT('',#6048);
#1609=VERTEX_POINT('',#6055);
#1610=VERTEX_POINT('',#6064);
#1611=VERTEX_POINT('',#6068);
#1612=VERTEX_POINT('',#6072);
#1613=VERTEX_POINT('',#6074);
#1614=VERTEX_POINT('',#6083);
#1615=VERTEX_POINT('',#6092);
#1616=VERTEX_POINT('',#6100);
#1617=VERTEX_POINT('',#6102);
#1618=VERTEX_POINT('',#6106);
#1619=VERTEX_POINT('',#6108);
#1620=VERTEX_POINT('',#6112);
#1621=VERTEX_POINT('',#6116);
#1622=VERTEX_POINT('',#6118);
#1623=VERTEX_POINT('',#6122);
#1624=VERTEX_POINT('',#6124);
#1625=VERTEX_POINT('',#6155);
#1626=VERTEX_POINT('',#6163);
#1627=VERTEX_POINT('',#6167);
#1628=VERTEX_POINT('',#6168);
#1629=VERTEX_POINT('',#6172);
#1630=VERTEX_POINT('',#6174);
#1631=VERTEX_POINT('',#6178);
#1632=VERTEX_POINT('',#6179);
#1633=VERTEX_POINT('',#6181);
#1634=VERTEX_POINT('',#6183);
#1635=VERTEX_POINT('',#6187);
#1636=VERTEX_POINT('',#6189);
#1637=VERTEX_POINT('',#6193);
#1638=VERTEX_POINT('',#6195);
#1639=VERTEX_POINT('',#6201);
#1640=VERTEX_POINT('',#6202);
#1641=VERTEX_POINT('',#6204);
#1642=VERTEX_POINT('',#6206);
#1643=VERTEX_POINT('',#6217);
#1644=VERTEX_POINT('',#6219);
#1645=VERTEX_POINT('',#6221);
#1646=VERTEX_POINT('',#6223);
#1647=VERTEX_POINT('',#6225);
#1648=VERTEX_POINT('',#6229);
#1649=VERTEX_POINT('',#6233);
#1650=VERTEX_POINT('',#6237);
#1651=VERTEX_POINT('',#6239);
#1652=VERTEX_POINT('',#6241);
#1653=VERTEX_POINT('',#6243);
#1654=VERTEX_POINT('',#6245);
#1655=VERTEX_POINT('',#6251);
#1656=VERTEX_POINT('',#6253);
#1657=VERTEX_POINT('',#6255);
#1658=VERTEX_POINT('',#6257);
#1659=VERTEX_POINT('',#6264);
#1660=VERTEX_POINT('',#6266);
#1661=VERTEX_POINT('',#6272);
#1662=VERTEX_POINT('',#6276);
#1663=VERTEX_POINT('',#6277);
#1664=VERTEX_POINT('',#6279);
#1665=VERTEX_POINT('',#6281);
#1666=VERTEX_POINT('',#6283);
#1667=VERTEX_POINT('',#6396);
#1668=VERTEX_POINT('',#6398);
#1669=VERTEX_POINT('',#6400);
#1670=VERTEX_POINT('',#6403);
#1671=VERTEX_POINT('',#6405);
#1672=VERTEX_POINT('',#6407);
#1673=VERTEX_POINT('',#6411);
#1674=VERTEX_POINT('',#6413);
#1675=VERTEX_POINT('',#6415);
#1676=VERTEX_POINT('',#6417);
#1677=VERTEX_POINT('',#6419);
#1678=VERTEX_POINT('',#6421);
#1679=VERTEX_POINT('',#6433);
#1680=VERTEX_POINT('',#6435);
#1681=VERTEX_POINT('',#6441);
#1682=VERTEX_POINT('',#6445);
#1683=VERTEX_POINT('',#6449);
#1684=VERTEX_POINT('',#6451);
#1685=VERTEX_POINT('',#6453);
#1686=VERTEX_POINT('',#6457);
#1687=VERTEX_POINT('',#6459);
#1688=VERTEX_POINT('',#6463);
#1689=VERTEX_POINT('',#6467);
#1690=VERTEX_POINT('',#6469);
#1691=VERTEX_POINT('',#6474);
#1692=VERTEX_POINT('',#6481);
#1693=VERTEX_POINT('',#6488);
#1694=VERTEX_POINT('',#6490);
#1695=VERTEX_POINT('',#6492);
#1696=VERTEX_POINT('',#6494);
#1697=VERTEX_POINT('',#6496);
#1698=VERTEX_POINT('',#6525);
#1699=VERTEX_POINT('',#6529);
#1700=VERTEX_POINT('',#6533);
#1701=VERTEX_POINT('',#6537);
#1702=VERTEX_POINT('',#6541);
#1703=VERTEX_POINT('',#6543);
#1704=VERTEX_POINT('',#6547);
#1705=VERTEX_POINT('',#6549);
#1706=VERTEX_POINT('',#6553);
#1707=VERTEX_POINT('',#6554);
#1708=VERTEX_POINT('',#6556);
#1709=VERTEX_POINT('',#6558);
#1710=VERTEX_POINT('',#6565);
#1711=VERTEX_POINT('',#6567);
#1712=VERTEX_POINT('',#6570);
#1713=VERTEX_POINT('',#6572);
#1714=VERTEX_POINT('',#6575);
#1715=VERTEX_POINT('',#6577);
#1716=VERTEX_POINT('',#6583);
#1717=VERTEX_POINT('',#6587);
#1718=VERTEX_POINT('',#6591);
#1719=VERTEX_POINT('',#6595);
#1720=VERTEX_POINT('',#6599);
#1721=VERTEX_POINT('',#6609);
#1722=VERTEX_POINT('',#6622);
#1723=VERTEX_POINT('',#6633);
#1724=VERTEX_POINT('',#6640);
#1725=VERTEX_POINT('',#6649);
#1726=VERTEX_POINT('',#6651);
#1727=VERTEX_POINT('',#6656);
#1728=VERTEX_POINT('',#6664);
#1729=VERTEX_POINT('',#6718);
#1730=VERTEX_POINT('',#6737);
#1731=VERTEX_POINT('',#6739);
#1732=VERTEX_POINT('',#6750);
#1733=VERTEX_POINT('',#6768);
#1734=VERTEX_POINT('',#6770);
#1735=VERTEX_POINT('',#6772);
#1736=VERTEX_POINT('',#6813);
#1737=VERTEX_POINT('',#6815);
#1738=VERTEX_POINT('',#6817);
#1739=VERTEX_POINT('',#6819);
#1740=VERTEX_POINT('',#6821);
#1741=VERTEX_POINT('',#6823);
#1742=VERTEX_POINT('',#6826);
#1743=VERTEX_POINT('',#6827);
#1744=VERTEX_POINT('',#6829);
#1745=VERTEX_POINT('',#6835);
#1746=VERTEX_POINT('',#6837);
#1747=VERTEX_POINT('',#6839);
#1748=VERTEX_POINT('',#6841);
#1749=VERTEX_POINT('',#6843);
#1750=VERTEX_POINT('',#6845);
#1751=VERTEX_POINT('',#6847);
#1752=VERTEX_POINT('',#6849);
#1753=VERTEX_POINT('',#6890);
#1754=VERTEX_POINT('',#6892);
#1755=VERTEX_POINT('',#6895);
#1756=VERTEX_POINT('',#6896);
#1757=VERTEX_POINT('',#6898);
#1758=VERTEX_POINT('',#6902);
#1759=VERTEX_POINT('',#6904);
#1760=VERTEX_POINT('',#6927);
#1761=VERTEX_POINT('',#6966);
#1762=VERTEX_POINT('',#6989);
#1763=VERTEX_POINT('',#7039);
#1764=VERTEX_POINT('',#7118);
#1765=VERTEX_POINT('',#7120);
#1766=VERTEX_POINT('',#7124);
#1767=VERTEX_POINT('',#7141);
#1768=VERTEX_POINT('',#7143);
#1769=VERTEX_POINT('',#7147);
#1770=VERTEX_POINT('',#7173);
#1771=VERTEX_POINT('',#7177);
#1772=VERTEX_POINT('',#7181);
#1773=VERTEX_POINT('',#7185);
#1774=VERTEX_POINT('',#7189);
#1775=VERTEX_POINT('',#7197);
#1776=VERTEX_POINT('',#7201);
#1777=VERTEX_POINT('',#7207);
#1778=EDGE_CURVE('',#1421,#1422,#1265,.T.);
#1779=EDGE_CURVE('',#1423,#1421,#657,.T.);
#1780=EDGE_CURVE('',#1424,#1423,#1266,.T.);
#1781=EDGE_CURVE('',#1422,#1424,#658,.T.);
#1782=EDGE_CURVE('',#1425,#1421,#659,.T.);
#1783=EDGE_CURVE('',#1426,#1425,#660,.T.);
#1784=EDGE_CURVE('',#1423,#1426,#661,.T.);
#1785=EDGE_CURVE('',#1422,#1427,#662,.T.);
#1786=EDGE_CURVE('',#1428,#1424,#663,.T.);
#1787=EDGE_CURVE('',#1428,#1427,#664,.T.);
#1788=EDGE_CURVE('',#1427,#1425,#1267,.T.);
#1789=EDGE_CURVE('',#1429,#1428,#1268,.T.);
#1790=EDGE_CURVE('',#1426,#1429,#1269,.T.);
#1791=EDGE_CURVE('',#1430,#1431,#665,.T.);
#1792=EDGE_CURVE('',#1430,#1432,#666,.T.);
#1793=EDGE_CURVE('',#1432,#1433,#667,.T.);
#1794=EDGE_CURVE('',#1433,#1434,#1270,.F.);
#1795=EDGE_CURVE('',#1435,#1434,#668,.T.);
#1796=EDGE_CURVE('',#1435,#1436,#669,.T.);
#1797=EDGE_CURVE('',#1437,#1436,#670,.T.);
#1798=EDGE_CURVE('',#1437,#1438,#671,.T.);
#1799=EDGE_CURVE('',#1438,#1439,#672,.T.);
#1800=EDGE_CURVE('',#1439,#1431,#673,.T.);
#1801=EDGE_CURVE('',#1440,#1441,#674,.T.);
#1802=EDGE_CURVE('',#1442,#1441,#675,.T.);
#1803=EDGE_CURVE('',#1442,#1443,#676,.T.);
#1804=EDGE_CURVE('',#1440,#1443,#677,.T.);
#1805=EDGE_CURVE('',#1444,#1445,#1271,.T.);
#1806=EDGE_CURVE('',#1446,#1444,#678,.T.);
#1807=EDGE_CURVE('',#1447,#1446,#679,.T.);
#1808=EDGE_CURVE('',#1447,#1448,#680,.T.);
#1809=EDGE_CURVE('',#1449,#1448,#681,.T.);
#1810=EDGE_CURVE('',#1450,#1449,#682,.T.);
#1811=EDGE_CURVE('',#1451,#1450,#1272,.T.);
#1812=EDGE_CURVE('',#1429,#1451,#683,.T.);
#1813=EDGE_CURVE('',#1445,#1429,#684,.T.);
#1814=EDGE_CURVE('',#1452,#1453,#685,.T.);
#1815=EDGE_CURVE('',#1453,#1454,#56,.T.);
#1816=EDGE_CURVE('',#1454,#1455,#686,.T.);
#1817=EDGE_CURVE('',#1455,#1452,#57,.T.);
#1818=EDGE_CURVE('',#1445,#1456,#687,.T.);
#1819=EDGE_CURVE('',#1456,#1457,#1273,.T.);
#1820=EDGE_CURVE('',#1457,#1458,#1274,.T.);
#1821=EDGE_CURVE('',#1458,#1444,#688,.T.);
#1822=EDGE_CURVE('',#1445,#1453,#58,.T.);
#1823=EDGE_CURVE('',#1452,#1456,#59,.T.);
#1824=EDGE_CURVE('',#1454,#1444,#60,.T.);
#1825=EDGE_CURVE('',#1458,#1455,#61,.T.);
#1826=EDGE_CURVE('',#1459,#1451,#62,.T.);
#1827=EDGE_CURVE('',#1460,#1459,#63,.T.);
#1828=EDGE_CURVE('',#1450,#1460,#64,.T.);
#1829=EDGE_CURVE('',#1461,#1449,#65,.T.);
#1830=EDGE_CURVE('',#1461,#1462,#37,.T.);
#1831=EDGE_CURVE('',#1463,#1462,#1275,.F.);
#1832=EDGE_CURVE('',#1464,#1463,#689,.T.);
#1833=EDGE_CURVE('',#1464,#1465,#1276,.T.);
#1834=EDGE_CURVE('',#1466,#1465,#38,.F.);
#1835=EDGE_CURVE('',#1446,#1466,#66,.T.);
#1836=EDGE_CURVE('',#1467,#1467,#1277,.T.);
#1837=EDGE_CURVE('',#1467,#1457,#690,.T.);
#1838=EDGE_CURVE('',#1468,#1460,#691,.T.);
#1839=EDGE_CURVE('',#1459,#1469,#692,.T.);
#1840=EDGE_CURVE('',#1469,#1468,#67,.T.);
#1841=EDGE_CURVE('',#1450,#1470,#693,.T.);
#1842=EDGE_CURVE('',#1470,#1471,#1278,.T.);
#1843=EDGE_CURVE('',#1471,#1472,#1279,.T.);
#1844=EDGE_CURVE('',#1472,#1451,#694,.T.);
#1845=EDGE_CURVE('',#1468,#1470,#68,.T.);
#1846=EDGE_CURVE('',#1472,#1469,#69,.T.);
#1847=EDGE_CURVE('',#1473,#1473,#1280,.T.);
#1848=EDGE_CURVE('',#1473,#1471,#695,.T.);
#1849=EDGE_CURVE('',#1474,#1475,#1281,.T.);
#1850=EDGE_CURVE('',#1474,#1476,#696,.T.);
#1851=EDGE_CURVE('',#1476,#1477,#1282,.T.);
#1852=EDGE_CURVE('',#1477,#1475,#697,.T.);
#1853=EDGE_CURVE('',#1475,#1478,#698,.T.);
#1854=EDGE_CURVE('',#1478,#1479,#1283,.T.);
#1855=EDGE_CURVE('',#1480,#1479,#699,.T.);
#1856=EDGE_CURVE('',#1480,#1481,#700,.T.);
#1857=EDGE_CURVE('',#1482,#1481,#701,.T.);
#1858=EDGE_CURVE('',#1474,#1482,#702,.T.);
#1859=EDGE_CURVE('',#1477,#1483,#703,.T.);
#1860=EDGE_CURVE('',#1478,#1483,#704,.T.);
#1861=EDGE_CURVE('',#1484,#1485,#1284,.T.);
#1862=EDGE_CURVE('',#1484,#1486,#705,.T.);
#1863=EDGE_CURVE('',#1486,#1487,#1285,.T.);
#1864=EDGE_CURVE('',#1487,#1485,#706,.T.);
#1865=EDGE_CURVE('',#1487,#1488,#707,.T.);
#1866=EDGE_CURVE('',#1489,#1488,#708,.T.);
#1867=EDGE_CURVE('',#1485,#1489,#709,.T.);
#1868=EDGE_CURVE('',#1490,#1491,#1286,.T.);
#1869=EDGE_CURVE('',#1490,#1492,#710,.T.);
#1870=EDGE_CURVE('',#1492,#1493,#1287,.T.);
#1871=EDGE_CURVE('',#1493,#1491,#711,.T.);
#1872=EDGE_CURVE('',#1494,#1490,#712,.T.);
#1873=EDGE_CURVE('',#1495,#1494,#713,.T.);
#1874=EDGE_CURVE('',#1495,#1492,#714,.T.);
#1875=EDGE_CURVE('',#1489,#1431,#1288,.T.);
#1876=EDGE_CURVE('',#1488,#1430,#1289,.T.);
#1877=EDGE_CURVE('',#1483,#1496,#1290,.T.);
#1878=EDGE_CURVE('',#1496,#1479,#715,.T.);
#1879=EDGE_CURVE('',#1496,#1497,#716,.T.);
#1880=EDGE_CURVE('',#1497,#1498,#717,.T.);
#1881=EDGE_CURVE('',#1498,#1499,#1291,.F.);
#1882=EDGE_CURVE('',#1500,#1499,#718,.T.);
#1883=EDGE_CURVE('',#1500,#1501,#719,.T.);
#1884=EDGE_CURVE('',#1502,#1501,#720,.T.);
#1885=EDGE_CURVE('',#1502,#1503,#721,.T.);
#1886=EDGE_CURVE('',#1503,#1480,#1292,.T.);
#1887=EDGE_CURVE('',#1502,#1494,#1293,.T.);
#1888=EDGE_CURVE('',#1501,#1495,#1294,.T.);
#1889=EDGE_CURVE('',#1504,#1491,#722,.T.);
#1890=EDGE_CURVE('',#1505,#1504,#723,.T.);
#1891=EDGE_CURVE('',#1505,#1503,#724,.T.);
#1892=EDGE_CURVE('',#1506,#1507,#1295,.F.);
#1893=EDGE_CURVE('',#1508,#1507,#725,.T.);
#1894=EDGE_CURVE('',#1509,#1508,#1296,.T.);
#1895=EDGE_CURVE('',#1510,#1509,#726,.T.);
#1896=EDGE_CURVE('',#1510,#1511,#727,.F.);
#1897=EDGE_CURVE('',#1511,#1512,#70,.T.);
#1898=EDGE_CURVE('',#1512,#1513,#1297,.F.);
#1899=EDGE_CURVE('',#1513,#1506,#728,.F.);
#1900=EDGE_CURVE('',#1514,#1514,#1298,.T.);
#1901=EDGE_CURVE('',#1515,#1516,#729,.F.);
#1902=EDGE_CURVE('',#1517,#1516,#1299,.F.);
#1903=EDGE_CURVE('',#1518,#1517,#730,.F.);
#1904=EDGE_CURVE('',#1519,#1518,#731,.F.);
#1905=EDGE_CURVE('',#1520,#1519,#732,.F.);
#1906=EDGE_CURVE('',#1521,#1520,#1300,.F.);
#1907=EDGE_CURVE('',#1521,#1522,#733,.F.);
#1908=EDGE_CURVE('',#1522,#1515,#1301,.F.);
#1909=EDGE_CURVE('',#1437,#1523,#734,.T.);
#1910=EDGE_CURVE('',#1436,#1524,#735,.T.);
#1911=EDGE_CURVE('',#1524,#1523,#736,.T.);
#1912=EDGE_CURVE('',#1484,#1525,#737,.T.);
#1913=EDGE_CURVE('',#1526,#1525,#738,.T.);
#1914=EDGE_CURVE('',#1523,#1526,#739,.T.);
#1915=EDGE_CURVE('',#1527,#1524,#740,.T.);
#1916=EDGE_CURVE('',#1527,#1528,#741,.T.);
#1917=EDGE_CURVE('',#1529,#1528,#742,.T.);
#1918=EDGE_CURVE('',#1530,#1529,#743,.T.);
#1919=EDGE_CURVE('',#1531,#1530,#744,.T.);
#1920=EDGE_CURVE('',#1531,#1532,#745,.T.);
#1921=EDGE_CURVE('',#1533,#1532,#746,.T.);
#1922=EDGE_CURVE('',#1533,#1534,#747,.T.);
#1923=EDGE_CURVE('',#1535,#1534,#748,.T.);
#1924=EDGE_CURVE('',#1536,#1535,#749,.T.);
#1925=EDGE_CURVE('',#1486,#1536,#750,.T.);
#1926=EDGE_CURVE('',#1537,#1493,#751,.T.);
#1927=EDGE_CURVE('',#1537,#1538,#752,.T.);
#1928=EDGE_CURVE('',#1539,#1538,#753,.T.);
#1929=EDGE_CURVE('',#1540,#1539,#754,.T.);
#1930=EDGE_CURVE('',#1541,#1540,#755,.T.);
#1931=EDGE_CURVE('',#1504,#1541,#756,.T.);
#1932=EDGE_CURVE('',#1482,#1542,#757,.T.);
#1933=EDGE_CURVE('',#1543,#1542,#758,.T.);
#1934=EDGE_CURVE('',#1543,#1544,#759,.T.);
#1935=EDGE_CURVE('',#1545,#1544,#760,.T.);
#1936=EDGE_CURVE('',#1546,#1545,#761,.T.);
#1937=EDGE_CURVE('',#1476,#1546,#762,.T.);
#1938=EDGE_CURVE('',#1547,#1547,#71,.T.);
#1939=EDGE_CURVE('',#1547,#1548,#763,.T.);
#1940=EDGE_CURVE('',#1548,#1548,#72,.T.);
#1941=EDGE_CURVE('',#1549,#1549,#73,.T.);
#1942=EDGE_CURVE('',#1549,#1550,#764,.T.);
#1943=EDGE_CURVE('',#1550,#1550,#74,.T.);
#1944=EDGE_CURVE('',#1551,#1551,#75,.T.);
#1945=EDGE_CURVE('',#1551,#1552,#765,.T.);
#1946=EDGE_CURVE('',#1552,#1552,#76,.T.);
#1947=EDGE_CURVE('',#1553,#1554,#1302,.T.);
#1948=EDGE_CURVE('',#1554,#1555,#1303,.T.);
#1949=EDGE_CURVE('',#1555,#1556,#1304,.T.);
#1950=EDGE_CURVE('',#1556,#1553,#1305,.T.);
#1951=EDGE_CURVE('',#1557,#1558,#77,.F.);
#1952=EDGE_CURVE('',#1558,#1556,#1306,.T.);
#1953=EDGE_CURVE('',#1555,#1557,#1307,.T.);
#1954=EDGE_CURVE('',#1559,#1560,#1308,.T.);
#1955=EDGE_CURVE('',#1560,#1554,#1309,.T.);
#1956=EDGE_CURVE('',#1553,#1559,#1310,.T.);
#1957=EDGE_CURVE('',#1561,#1562,#78,.T.);
#1958=EDGE_CURVE('',#1562,#1560,#79,.T.);
#1959=EDGE_CURVE('',#1559,#1563,#80,.T.);
#1960=EDGE_CURVE('',#1563,#1564,#81,.T.);
#1961=EDGE_CURVE('',#1564,#1561,#82,.T.);
#1962=EDGE_CURVE('',#1556,#1565,#766,.T.);
#1963=EDGE_CURVE('',#1565,#1566,#1311,.T.);
#1964=EDGE_CURVE('',#1566,#1553,#767,.T.);
#1965=EDGE_CURVE('',#1558,#1567,#768,.T.);
#1966=EDGE_CURVE('',#1567,#1565,#1312,.T.);
#1967=EDGE_CURVE('',#1568,#1560,#769,.T.);
#1968=EDGE_CURVE('',#1557,#1568,#1313,.T.);
#1969=EDGE_CURVE('',#1569,#1570,#1314,.T.);
#1970=EDGE_CURVE('',#1570,#1571,#1315,.T.);
#1971=EDGE_CURVE('',#1571,#1572,#83,.F.);
#1972=EDGE_CURVE('',#1572,#1569,#1316,.T.);
#1973=EDGE_CURVE('',#1573,#1574,#1317,.T.);
#1974=EDGE_CURVE('',#1574,#1570,#1318,.T.);
#1975=EDGE_CURVE('',#1569,#1573,#1319,.T.);
#1976=EDGE_CURVE('',#1575,#1576,#1320,.T.);
#1977=EDGE_CURVE('',#1576,#1574,#1321,.T.);
#1978=EDGE_CURVE('',#1573,#1575,#1322,.T.);
#1979=EDGE_CURVE('',#1577,#1578,#84,.T.);
#1980=EDGE_CURVE('',#1578,#1576,#85,.T.);
#1981=EDGE_CURVE('',#1575,#1579,#86,.T.);
#1982=EDGE_CURVE('',#1579,#1580,#87,.T.);
#1983=EDGE_CURVE('',#1580,#1577,#88,.T.);
#1984=EDGE_CURVE('',#1581,#1579,#770,.T.);
#1985=EDGE_CURVE('',#1582,#1581,#39,.T.);
#1986=EDGE_CURVE('',#1582,#1583,#771,.T.);
#1987=EDGE_CURVE('',#1580,#1583,#40,.T.);
#1988=EDGE_CURVE('',#1575,#1584,#772,.T.);
#1989=EDGE_CURVE('',#1581,#1584,#89,.T.);
#1990=EDGE_CURVE('',#1584,#1572,#1323,.T.);
#1991=EDGE_CURVE('',#1574,#1585,#773,.T.);
#1992=EDGE_CURVE('',#1585,#1586,#1324,.T.);
#1993=EDGE_CURVE('',#1586,#1570,#774,.T.);
#1994=EDGE_CURVE('',#1586,#1587,#1325,.T.);
#1995=EDGE_CURVE('',#1587,#1571,#775,.T.);
#1996=EDGE_CURVE('',#1585,#1566,#1326,.T.);
#1997=EDGE_CURVE('',#1567,#1505,#1327,.T.);
#1998=EDGE_CURVE('',#1532,#1541,#776,.T.);
#1999=EDGE_CURVE('',#1542,#1531,#777,.T.);
#2000=EDGE_CURVE('',#1481,#1587,#1328,.T.);
#2001=EDGE_CURVE('',#1588,#1589,#778,.T.);
#2002=EDGE_CURVE('',#1589,#1590,#1329,.T.);
#2003=EDGE_CURVE('',#1590,#1591,#779,.T.);
#2004=EDGE_CURVE('',#1591,#1588,#780,.T.);
#2005=EDGE_CURVE('',#1563,#1578,#1330,.T.);
#2006=EDGE_CURVE('',#1568,#1592,#90,.T.);
#2007=EDGE_CURVE('',#1592,#1593,#41,.T.);
#2008=EDGE_CURVE('',#1593,#1594,#781,.T.);
#2009=EDGE_CURVE('',#1595,#1594,#42,.F.);
#2010=EDGE_CURVE('',#1595,#1596,#1331,.T.);
#2011=EDGE_CURVE('',#1597,#1596,#43,.F.);
#2012=EDGE_CURVE('',#1597,#1598,#782,.T.);
#2013=EDGE_CURVE('',#1598,#1599,#44,.T.);
#2014=EDGE_CURVE('',#1599,#1600,#91,.T.);
#2015=EDGE_CURVE('',#1600,#1601,#92,.T.);
#2016=EDGE_CURVE('',#1601,#1602,#45,.T.);
#2017=EDGE_CURVE('',#1602,#1603,#783,.T.);
#2018=EDGE_CURVE('',#1604,#1603,#46,.F.);
#2019=EDGE_CURVE('',#1604,#1605,#1332,.T.);
#2020=EDGE_CURVE('',#1606,#1605,#47,.F.);
#2021=EDGE_CURVE('',#1606,#1582,#784,.T.);
#2022=EDGE_CURVE('',#1562,#1592,#785,.T.);
#2023=EDGE_CURVE('',#1599,#1607,#786,.T.);
#2024=EDGE_CURVE('',#1607,#1608,#93,.T.);
#2025=EDGE_CURVE('',#1609,#1608,#94,.F.);
#2026=EDGE_CURVE('',#1609,#1610,#787,.T.);
#2027=EDGE_CURVE('',#1600,#1610,#48,.T.);
#2028=EDGE_CURVE('',#1598,#1611,#788,.T.);
#2029=EDGE_CURVE('',#1607,#1611,#49,.T.);
#2030=EDGE_CURVE('',#1610,#1612,#789,.T.);
#2031=EDGE_CURVE('',#1612,#1613,#95,.T.);
#2032=EDGE_CURVE('',#1614,#1613,#96,.F.);
#2033=EDGE_CURVE('',#1614,#1601,#790,.T.);
#2034=EDGE_CURVE('',#1615,#1614,#50,.T.);
#2035=EDGE_CURVE('',#1615,#1602,#791,.T.);
#2036=EDGE_CURVE('',#1577,#1613,#1333,.T.);
#2037=EDGE_CURVE('',#1612,#1609,#1334,.T.);
#2038=EDGE_CURVE('',#1564,#1608,#1335,.F.);
#2039=EDGE_CURVE('',#1611,#1616,#792,.T.);
#2040=EDGE_CURVE('',#1616,#1617,#19,.T.);
#2041=EDGE_CURVE('',#1617,#1618,#1336,.T.);
#2042=EDGE_CURVE('',#1618,#1619,#20,.T.);
#2043=EDGE_CURVE('',#1619,#1620,#793,.T.);
#2044=EDGE_CURVE('',#1620,#1561,#51,.T.);
#2045=EDGE_CURVE('',#1583,#1621,#794,.T.);
#2046=EDGE_CURVE('',#1621,#1622,#21,.T.);
#2047=EDGE_CURVE('',#1622,#1623,#1337,.T.);
#2048=EDGE_CURVE('',#1623,#1624,#22,.T.);
#2049=EDGE_CURVE('',#1624,#1615,#795,.T.);
#2050=EDGE_CURVE('',#1594,#1619,#796,.T.);
#2051=EDGE_CURVE('',#1620,#1593,#797,.T.);
#2052=EDGE_CURVE('',#1618,#1595,#798,.T.);
#2053=EDGE_CURVE('',#1596,#1617,#799,.T.);
#2054=EDGE_CURVE('',#1616,#1597,#800,.T.);
#2055=EDGE_CURVE('',#1603,#1624,#801,.T.);
#2056=EDGE_CURVE('',#1623,#1604,#802,.T.);
#2057=EDGE_CURVE('',#1621,#1606,#803,.T.);
#2058=EDGE_CURVE('',#1605,#1622,#804,.T.);
#2059=EDGE_CURVE('',#1530,#1543,#805,.T.);
#2060=EDGE_CURVE('',#1544,#1529,#806,.T.);
#2061=EDGE_CURVE('',#1528,#1545,#807,.T.);
#2062=EDGE_CURVE('',#1625,#1625,#1338,.T.);
#2063=EDGE_CURVE('',#1540,#1533,#808,.T.);
#2064=EDGE_CURVE('',#1534,#1539,#809,.T.);
#2065=EDGE_CURVE('',#1538,#1535,#810,.T.);
#2066=EDGE_CURVE('',#1626,#1626,#1339,.T.);
#2067=EDGE_CURVE('',#1627,#1628,#811,.T.);
#2068=EDGE_CURVE('',#1628,#1627,#1340,.T.);
#2069=EDGE_CURVE('',#1515,#1629,#812,.T.);
#2070=EDGE_CURVE('',#1630,#1629,#813,.T.);
#2071=EDGE_CURVE('',#1516,#1630,#814,.T.);
#2072=EDGE_CURVE('',#1631,#1632,#815,.T.);
#2073=EDGE_CURVE('',#1631,#1633,#816,.T.);
#2074=EDGE_CURVE('',#1634,#1633,#817,.F.);
#2075=EDGE_CURVE('',#1632,#1634,#818,.T.);
#2076=EDGE_CURVE('',#1635,#1521,#819,.T.);
#2077=EDGE_CURVE('',#1636,#1635,#820,.T.);
#2078=EDGE_CURVE('',#1636,#1522,#821,.T.);
#2079=EDGE_CURVE('',#1629,#1637,#1341,.T.);
#2080=EDGE_CURVE('',#1638,#1636,#1342,.T.);
#2081=EDGE_CURVE('',#1638,#1637,#1343,.T.);
#2082=EDGE_CURVE('',#1637,#1638,#822,.T.);
#2083=EDGE_CURVE('',#1639,#1640,#823,.T.);
#2084=EDGE_CURVE('',#1641,#1639,#824,.T.);
#2085=EDGE_CURVE('',#1642,#1641,#825,.F.);
#2086=EDGE_CURVE('',#1642,#1640,#826,.T.);
#2087=EDGE_CURVE('',#1640,#1627,#1344,.T.);
#2088=EDGE_CURVE('',#1633,#1642,#1345,.F.);
#2089=EDGE_CURVE('',#1628,#1631,#1346,.T.);
#2090=EDGE_CURVE('',#1546,#1628,#827,.T.);
#2091=EDGE_CURVE('',#1627,#1527,#828,.T.);
#2092=EDGE_CURVE('',#1632,#1643,#1347,.T.);
#2093=EDGE_CURVE('',#1643,#1644,#829,.T.);
#2094=EDGE_CURVE('',#1644,#1645,#830,.T.);
#2095=EDGE_CURVE('',#1645,#1646,#831,.T.);
#2096=EDGE_CURVE('',#1647,#1646,#832,.T.);
#2097=EDGE_CURVE('',#1497,#1647,#833,.T.);
#2098=EDGE_CURVE('',#1634,#1648,#1348,.F.);
#2099=EDGE_CURVE('',#1648,#1643,#834,.T.);
#2100=EDGE_CURVE('',#1649,#1630,#1349,.T.);
#2101=EDGE_CURVE('',#1517,#1649,#835,.T.);
#2102=EDGE_CURVE('',#1635,#1650,#1350,.T.);
#2103=EDGE_CURVE('',#1650,#1651,#836,.T.);
#2104=EDGE_CURVE('',#1651,#1652,#837,.T.);
#2105=EDGE_CURVE('',#1652,#1653,#838,.T.);
#2106=EDGE_CURVE('',#1654,#1653,#839,.T.);
#2107=EDGE_CURVE('',#1432,#1654,#840,.T.);
#2108=EDGE_CURVE('',#1536,#1638,#841,.T.);
#2109=EDGE_CURVE('',#1637,#1537,#842,.T.);
#2110=EDGE_CURVE('',#1500,#1655,#843,.T.);
#2111=EDGE_CURVE('',#1656,#1655,#844,.T.);
#2112=EDGE_CURVE('',#1657,#1656,#845,.T.);
#2113=EDGE_CURVE('',#1658,#1657,#846,.T.);
#2114=EDGE_CURVE('',#1658,#1649,#847,.T.);
#2115=EDGE_CURVE('',#1626,#1514,#848,.T.);
#2116=EDGE_CURVE('',#1659,#1525,#1351,.T.);
#2117=EDGE_CURVE('',#1659,#1660,#849,.T.);
#2118=EDGE_CURVE('',#1660,#1526,#1352,.T.);
#2119=EDGE_CURVE('',#1439,#1659,#850,.T.);
#2120=EDGE_CURVE('',#1625,#1661,#851,.T.);
#2121=EDGE_CURVE('',#1661,#1661,#1353,.T.);
#2122=EDGE_CURVE('',#1662,#1663,#1354,.F.);
#2123=EDGE_CURVE('',#1663,#1664,#852,.F.);
#2124=EDGE_CURVE('',#1664,#1665,#1355,.F.);
#2125=EDGE_CURVE('',#1665,#1666,#97,.T.);
#2126=EDGE_CURVE('',#1666,#1667,#853,.F.);
#2127=EDGE_CURVE('',#1668,#1667,#854,.T.);
#2128=EDGE_CURVE('',#1669,#1668,#1356,.T.);
#2129=EDGE_CURVE('',#1662,#1669,#855,.T.);
#2130=EDGE_CURVE('',#1670,#1641,#1357,.F.);
#2131=EDGE_CURVE('',#1671,#1670,#856,.F.);
#2132=EDGE_CURVE('',#1672,#1671,#857,.F.);
#2133=EDGE_CURVE('',#1648,#1672,#858,.F.);
#2134=EDGE_CURVE('',#1590,#1673,#859,.T.);
#2135=EDGE_CURVE('',#1674,#1673,#860,.T.);
#2136=EDGE_CURVE('',#1675,#1674,#1358,.T.);
#2137=EDGE_CURVE('',#1676,#1675,#1359,.T.);
#2138=EDGE_CURVE('',#1677,#1676,#1360,.T.);
#2139=EDGE_CURVE('',#1677,#1678,#1361,.T.);
#2140=EDGE_CURVE('',#1678,#1591,#861,.T.);
#2141=EDGE_CURVE('',#1438,#1660,#862,.T.);
#2142=EDGE_CURVE('',#1520,#1650,#863,.T.);
#2143=EDGE_CURVE('',#1651,#1519,#864,.T.);
#2144=EDGE_CURVE('',#1518,#1658,#865,.T.);
#2145=EDGE_CURVE('',#1657,#1679,#866,.T.);
#2146=EDGE_CURVE('',#1680,#1679,#867,.T.);
#2147=EDGE_CURVE('',#1652,#1680,#868,.T.);
#2148=EDGE_CURVE('',#1644,#1672,#869,.T.);
#2149=EDGE_CURVE('',#1681,#1639,#1362,.T.);
#2150=EDGE_CURVE('',#1670,#1681,#870,.T.);
#2151=EDGE_CURVE('',#1682,#1681,#871,.T.);
#2152=EDGE_CURVE('',#1671,#1682,#872,.T.);
#2153=EDGE_CURVE('',#1682,#1683,#873,.T.);
#2154=EDGE_CURVE('',#1683,#1684,#874,.T.);
#2155=EDGE_CURVE('',#1685,#1684,#875,.T.);
#2156=EDGE_CURVE('',#1645,#1685,#876,.T.);
#2157=EDGE_CURVE('',#1684,#1686,#877,.T.);
#2158=EDGE_CURVE('',#1687,#1686,#878,.T.);
#2159=EDGE_CURVE('',#1685,#1687,#879,.T.);
#2160=EDGE_CURVE('',#1673,#1688,#1363,.T.);
#2161=EDGE_CURVE('',#1688,#1589,#880,.T.);
#2162=EDGE_CURVE('',#1688,#1689,#881,.T.);
#2163=EDGE_CURVE('',#1689,#1690,#98,.T.);
#2164=EDGE_CURVE('',#1691,#1690,#882,.T.);
#2165=EDGE_CURVE('',#1691,#1674,#99,.T.);
#2166=EDGE_CURVE('',#1676,#1692,#100,.F.);
#2167=EDGE_CURVE('',#1693,#1692,#1364,.T.);
#2168=EDGE_CURVE('',#1693,#1694,#883,.T.);
#2169=EDGE_CURVE('',#1695,#1694,#1365,.T.);
#2170=EDGE_CURVE('',#1696,#1695,#884,.T.);
#2171=EDGE_CURVE('',#1696,#1697,#101,.F.);
#2172=EDGE_CURVE('',#1697,#1698,#1366,.T.);
#2173=EDGE_CURVE('',#1677,#1698,#885,.T.);
#2174=EDGE_CURVE('',#1448,#1699,#1367,.T.);
#2175=EDGE_CURVE('',#1699,#1461,#886,.T.);
#2176=EDGE_CURVE('',#1466,#1700,#887,.T.);
#2177=EDGE_CURVE('',#1700,#1447,#1368,.T.);
#2178=EDGE_CURVE('',#1465,#1701,#888,.T.);
#2179=EDGE_CURVE('',#1701,#1700,#889,.T.);
#2180=EDGE_CURVE('',#1702,#1442,#1369,.T.);
#2181=EDGE_CURVE('',#1441,#1703,#1370,.T.);
#2182=EDGE_CURVE('',#1703,#1702,#890,.T.);
#2183=EDGE_CURVE('',#1704,#1440,#1371,.T.);
#2184=EDGE_CURVE('',#1443,#1705,#1372,.T.);
#2185=EDGE_CURVE('',#1705,#1704,#891,.T.);
#2186=EDGE_CURVE('',#1706,#1707,#1373,.T.);
#2187=EDGE_CURVE('',#1707,#1708,#892,.T.);
#2188=EDGE_CURVE('',#1708,#1709,#1374,.T.);
#2189=EDGE_CURVE('',#1709,#1706,#893,.T.);
#2190=EDGE_CURVE('',#1705,#1706,#894,.T.);
#2191=EDGE_CURVE('',#1709,#1704,#895,.T.);
#2192=EDGE_CURVE('',#1710,#1708,#896,.T.);
#2193=EDGE_CURVE('',#1711,#1710,#1375,.T.);
#2194=EDGE_CURVE('',#1703,#1711,#897,.T.);
#2195=EDGE_CURVE('',#1712,#1712,#1376,.T.);
#2196=EDGE_CURVE('',#1713,#1713,#1377,.T.);
#2197=EDGE_CURVE('',#1710,#1714,#898,.T.);
#2198=EDGE_CURVE('',#1714,#1715,#1378,.T.);
#2199=EDGE_CURVE('',#1715,#1711,#899,.T.);
#2200=EDGE_CURVE('',#1715,#1702,#900,.T.);
#2201=EDGE_CURVE('',#1699,#1716,#901,.T.);
#2202=EDGE_CURVE('',#1716,#1462,#902,.T.);
#2203=EDGE_CURVE('',#1716,#1717,#903,.T.);
#2204=EDGE_CURVE('',#1463,#1717,#904,.T.);
#2205=EDGE_CURVE('',#1718,#1464,#905,.T.);
#2206=EDGE_CURVE('',#1701,#1718,#906,.T.);
#2207=EDGE_CURVE('',#1712,#1719,#907,.T.);
#2208=EDGE_CURVE('',#1719,#1719,#1379,.T.);
#2209=EDGE_CURVE('',#1713,#1720,#908,.T.);
#2210=EDGE_CURVE('',#1720,#1720,#1380,.T.);
#2211=EDGE_CURVE('',#1717,#1718,#909,.T.);
#2212=EDGE_CURVE('',#1707,#1714,#910,.T.);
#2213=EDGE_CURVE('',#1721,#1695,#102,.T.);
#2214=EDGE_CURVE('',#1694,#1722,#103,.F.);
#2215=EDGE_CURVE('',#1722,#1723,#104,.F.);
#2216=EDGE_CURVE('',#1724,#1723,#105,.T.);
#2217=EDGE_CURVE('',#1724,#1725,#1381,.T.);
#2218=EDGE_CURVE('',#1725,#1726,#106,.T.);
#2219=EDGE_CURVE('',#1726,#1727,#107,.T.);
#2220=EDGE_CURVE('',#1727,#1728,#108,.T.);
#2221=EDGE_CURVE('',#1728,#1721,#109,.T.);
#2222=EDGE_CURVE('',#1696,#1721,#110,.T.);
#2223=EDGE_CURVE('',#1692,#1729,#111,.T.);
#2224=EDGE_CURVE('',#1729,#1730,#1382,.T.);
#2225=EDGE_CURVE('',#1730,#1731,#112,.F.);
#2226=EDGE_CURVE('',#1732,#1731,#113,.T.);
#2227=EDGE_CURVE('',#1693,#1732,#114,.T.);
#2228=EDGE_CURVE('',#1733,#1729,#1383,.T.);
#2229=EDGE_CURVE('',#1734,#1733,#1384,.T.);
#2230=EDGE_CURVE('',#1735,#1734,#115,.T.);
#2231=EDGE_CURVE('',#1736,#1735,#1385,.T.);
#2232=EDGE_CURVE('',#1737,#1736,#911,.T.);
#2233=EDGE_CURVE('',#1738,#1737,#1386,.T.);
#2234=EDGE_CURVE('',#1739,#1738,#1387,.T.);
#2235=EDGE_CURVE('',#1740,#1739,#912,.T.);
#2236=EDGE_CURVE('',#1741,#1740,#1388,.T.);
#2237=EDGE_CURVE('',#1730,#1741,#1389,.T.);
#2238=EDGE_CURVE('',#1742,#1743,#913,.T.);
#2239=EDGE_CURVE('',#1744,#1742,#1390,.T.);
#2240=EDGE_CURVE('',#1743,#1744,#1391,.T.);
#2241=EDGE_CURVE('',#1733,#1675,#1392,.T.);
#2242=EDGE_CURVE('',#1745,#1724,#1393,.T.);
#2243=EDGE_CURVE('',#1746,#1745,#1394,.T.);
#2244=EDGE_CURVE('',#1747,#1746,#914,.T.);
#2245=EDGE_CURVE('',#1748,#1747,#1395,.T.);
#2246=EDGE_CURVE('',#1749,#1748,#1396,.T.);
#2247=EDGE_CURVE('',#1750,#1749,#915,.T.);
#2248=EDGE_CURVE('',#1751,#1750,#1397,.T.);
#2249=EDGE_CURVE('',#1752,#1751,#116,.T.);
#2250=EDGE_CURVE('',#1753,#1752,#1398,.T.);
#2251=EDGE_CURVE('',#1754,#1753,#1399,.T.);
#2252=EDGE_CURVE('',#1725,#1754,#1400,.T.);
#2253=EDGE_CURVE('',#1755,#1756,#916,.T.);
#2254=EDGE_CURVE('',#1757,#1755,#1401,.T.);
#2255=EDGE_CURVE('',#1756,#1757,#1402,.T.);
#2256=EDGE_CURVE('',#1758,#1754,#1403,.T.);
#2257=EDGE_CURVE('',#1753,#1759,#1404,.T.);
#2258=EDGE_CURVE('',#1759,#1758,#1405,.T.);
#2259=EDGE_CURVE('',#1760,#1758,#1406,.T.);
#2260=EDGE_CURVE('',#1760,#1726,#1407,.T.);
#2261=EDGE_CURVE('',#1689,#1759,#1408,.T.);
#2262=EDGE_CURVE('',#1690,#1752,#117,.T.);
#2263=EDGE_CURVE('',#1761,#1760,#1409,.T.);
#2264=EDGE_CURVE('',#1761,#1727,#1410,.T.);
#2265=EDGE_CURVE('',#1762,#1761,#1411,.T.);
#2266=EDGE_CURVE('',#1762,#1728,#1412,.T.);
#2267=EDGE_CURVE('',#1697,#1762,#1413,.T.);
#2268=EDGE_CURVE('',#1588,#1763,#917,.T.);
#2269=EDGE_CURVE('',#1763,#1698,#1414,.T.);
#2270=EDGE_CURVE('',#1734,#1691,#118,.T.);
#2271=EDGE_CURVE('',#1751,#1512,#119,.F.);
#2272=EDGE_CURVE('',#1666,#1511,#918,.T.);
#2273=EDGE_CURVE('',#1665,#1735,#120,.F.);
#2274=EDGE_CURVE('',#1749,#1506,#919,.T.);
#2275=EDGE_CURVE('',#1750,#1513,#920,.T.);
#2276=EDGE_CURVE('',#1755,#1764,#921,.T.);
#2277=EDGE_CURVE('',#1765,#1764,#1415,.T.);
#2278=EDGE_CURVE('',#1757,#1765,#922,.T.);
#2279=EDGE_CURVE('',#1756,#1766,#923,.T.);
#2280=EDGE_CURVE('',#1764,#1766,#924,.T.);
#2281=EDGE_CURVE('',#1766,#1765,#1416,.T.);
#2282=EDGE_CURVE('',#1740,#1746,#925,.T.);
#2283=EDGE_CURVE('',#1739,#1747,#926,.T.);
#2284=EDGE_CURVE('',#1741,#1745,#927,.T.);
#2285=EDGE_CURVE('',#1723,#1731,#928,.F.);
#2286=EDGE_CURVE('',#1722,#1732,#929,.F.);
#2287=EDGE_CURVE('',#1742,#1767,#930,.T.);
#2288=EDGE_CURVE('',#1768,#1767,#1417,.T.);
#2289=EDGE_CURVE('',#1744,#1768,#931,.T.);
#2290=EDGE_CURVE('',#1743,#1769,#932,.T.);
#2291=EDGE_CURVE('',#1767,#1769,#933,.T.);
#2292=EDGE_CURVE('',#1769,#1768,#1418,.T.);
#2293=EDGE_CURVE('',#1736,#1664,#934,.T.);
#2294=EDGE_CURVE('',#1663,#1737,#935,.T.);
#2295=EDGE_CURVE('',#1738,#1748,#936,.T.);
#2296=EDGE_CURVE('',#1737,#1749,#937,.T.);
#2297=EDGE_CURVE('',#1667,#1510,#938,.T.);
#2298=EDGE_CURVE('',#1678,#1763,#939,.T.);
#2299=EDGE_CURVE('',#1508,#1669,#940,.T.);
#2300=EDGE_CURVE('',#1668,#1509,#941,.T.);
#2301=EDGE_CURVE('',#1662,#1507,#942,.T.);
#2302=EDGE_CURVE('',#1680,#1770,#943,.T.);
#2303=EDGE_CURVE('',#1653,#1770,#944,.T.);
#2304=EDGE_CURVE('',#1771,#1654,#945,.T.);
#2305=EDGE_CURVE('',#1433,#1771,#946,.T.);
#2306=EDGE_CURVE('',#1772,#1771,#1419,.T.);
#2307=EDGE_CURVE('',#1434,#1772,#947,.F.);
#2308=EDGE_CURVE('',#1773,#1772,#948,.T.);
#2309=EDGE_CURVE('',#1435,#1773,#949,.T.);
#2310=EDGE_CURVE('',#1774,#1773,#950,.T.);
#2311=EDGE_CURVE('',#1683,#1774,#951,.T.);
#2312=EDGE_CURVE('',#1686,#1774,#952,.T.);
#2313=EDGE_CURVE('',#1646,#1687,#953,.T.);
#2314=EDGE_CURVE('',#1775,#1647,#954,.T.);
#2315=EDGE_CURVE('',#1498,#1775,#955,.T.);
#2316=EDGE_CURVE('',#1776,#1775,#1420,.T.);
#2317=EDGE_CURVE('',#1499,#1776,#956,.F.);
#2318=EDGE_CURVE('',#1655,#1776,#957,.T.);
#2319=EDGE_CURVE('',#1777,#1656,#958,.T.);
#2320=EDGE_CURVE('',#1679,#1777,#959,.T.);
#2321=EDGE_CURVE('',#1770,#1777,#960,.T.);
#2322=ORIENTED_EDGE('',*,*,#1778,.F.);
#2323=ORIENTED_EDGE('',*,*,#1779,.F.);
#2324=ORIENTED_EDGE('',*,*,#1780,.F.);
#2325=ORIENTED_EDGE('',*,*,#1781,.F.);
#2326=ORIENTED_EDGE('',*,*,#1782,.F.);
#2327=ORIENTED_EDGE('',*,*,#1783,.F.);
#2328=ORIENTED_EDGE('',*,*,#1784,.F.);
#2329=ORIENTED_EDGE('',*,*,#1779,.T.);
#2330=ORIENTED_EDGE('',*,*,#1785,.F.);
#2331=ORIENTED_EDGE('',*,*,#1781,.T.);
#2332=ORIENTED_EDGE('',*,*,#1786,.F.);
#2333=ORIENTED_EDGE('',*,*,#1787,.T.);
#2334=ORIENTED_EDGE('',*,*,#1788,.F.);
#2335=ORIENTED_EDGE('',*,*,#1787,.F.);
#2336=ORIENTED_EDGE('',*,*,#1789,.F.);
#2337=ORIENTED_EDGE('',*,*,#1790,.F.);
#2338=ORIENTED_EDGE('',*,*,#1783,.T.);
#2339=ORIENTED_EDGE('',*,*,#1791,.F.);
#2340=ORIENTED_EDGE('',*,*,#1792,.T.);
#2341=ORIENTED_EDGE('',*,*,#1793,.T.);
#2342=ORIENTED_EDGE('',*,*,#1794,.T.);
#2343=ORIENTED_EDGE('',*,*,#1795,.F.);
#2344=ORIENTED_EDGE('',*,*,#1796,.T.);
#2345=ORIENTED_EDGE('',*,*,#1797,.F.);
#2346=ORIENTED_EDGE('',*,*,#1798,.T.);
#2347=ORIENTED_EDGE('',*,*,#1799,.T.);
#2348=ORIENTED_EDGE('',*,*,#1800,.T.);
#2349=ORIENTED_EDGE('',*,*,#1801,.T.);
#2350=ORIENTED_EDGE('',*,*,#1802,.F.);
#2351=ORIENTED_EDGE('',*,*,#1803,.T.);
#2352=ORIENTED_EDGE('',*,*,#1804,.F.);
#2353=ORIENTED_EDGE('',*,*,#1805,.F.);
#2354=ORIENTED_EDGE('',*,*,#1806,.F.);
#2355=ORIENTED_EDGE('',*,*,#1807,.F.);
#2356=ORIENTED_EDGE('',*,*,#1808,.T.);
#2357=ORIENTED_EDGE('',*,*,#1809,.F.);
#2358=ORIENTED_EDGE('',*,*,#1810,.F.);
#2359=ORIENTED_EDGE('',*,*,#1811,.F.);
#2360=ORIENTED_EDGE('',*,*,#1812,.F.);
#2361=ORIENTED_EDGE('',*,*,#1789,.T.);
#2362=ORIENTED_EDGE('',*,*,#1786,.T.);
#2363=ORIENTED_EDGE('',*,*,#1780,.T.);
#2364=ORIENTED_EDGE('',*,*,#1784,.T.);
#2365=ORIENTED_EDGE('',*,*,#1790,.T.);
#2366=ORIENTED_EDGE('',*,*,#1813,.F.);
#2367=ORIENTED_EDGE('',*,*,#1814,.T.);
#2368=ORIENTED_EDGE('',*,*,#1815,.T.);
#2369=ORIENTED_EDGE('',*,*,#1816,.T.);
#2370=ORIENTED_EDGE('',*,*,#1817,.T.);
#2371=ORIENTED_EDGE('',*,*,#1818,.T.);
#2372=ORIENTED_EDGE('',*,*,#1819,.T.);
#2373=ORIENTED_EDGE('',*,*,#1820,.T.);
#2374=ORIENTED_EDGE('',*,*,#1821,.T.);
#2375=ORIENTED_EDGE('',*,*,#1805,.T.);
#2376=ORIENTED_EDGE('',*,*,#1818,.F.);
#2377=ORIENTED_EDGE('',*,*,#1822,.T.);
#2378=ORIENTED_EDGE('',*,*,#1814,.F.);
#2379=ORIENTED_EDGE('',*,*,#1823,.T.);
#2380=ORIENTED_EDGE('',*,*,#1816,.F.);
#2381=ORIENTED_EDGE('',*,*,#1824,.T.);
#2382=ORIENTED_EDGE('',*,*,#1821,.F.);
#2383=ORIENTED_EDGE('',*,*,#1825,.T.);
#2384=ORIENTED_EDGE('',*,*,#1824,.F.);
#2385=ORIENTED_EDGE('',*,*,#1815,.F.);
#2386=ORIENTED_EDGE('',*,*,#1822,.F.);
#2387=ORIENTED_EDGE('',*,*,#1813,.T.);
#2388=ORIENTED_EDGE('',*,*,#1812,.T.);
#2389=ORIENTED_EDGE('',*,*,#1826,.F.);
#2390=ORIENTED_EDGE('',*,*,#1827,.F.);
#2391=ORIENTED_EDGE('',*,*,#1828,.F.);
#2392=ORIENTED_EDGE('',*,*,#1810,.T.);
#2393=ORIENTED_EDGE('',*,*,#1829,.F.);
#2394=ORIENTED_EDGE('',*,*,#1830,.T.);
#2395=ORIENTED_EDGE('',*,*,#1831,.F.);
#2396=ORIENTED_EDGE('',*,*,#1832,.F.);
#2397=ORIENTED_EDGE('',*,*,#1833,.T.);
#2398=ORIENTED_EDGE('',*,*,#1834,.F.);
#2399=ORIENTED_EDGE('',*,*,#1835,.F.);
#2400=ORIENTED_EDGE('',*,*,#1806,.T.);
#2401=ORIENTED_EDGE('',*,*,#1836,.F.);
#2402=ORIENTED_EDGE('',*,*,#1837,.T.);
#2403=ORIENTED_EDGE('',*,*,#1819,.F.);
#2404=ORIENTED_EDGE('',*,*,#1823,.F.);
#2405=ORIENTED_EDGE('',*,*,#1817,.F.);
#2406=ORIENTED_EDGE('',*,*,#1825,.F.);
#2407=ORIENTED_EDGE('',*,*,#1820,.F.);
#2408=ORIENTED_EDGE('',*,*,#1837,.F.);
#2409=ORIENTED_EDGE('',*,*,#1838,.T.);
#2410=ORIENTED_EDGE('',*,*,#1827,.T.);
#2411=ORIENTED_EDGE('',*,*,#1839,.T.);
#2412=ORIENTED_EDGE('',*,*,#1840,.T.);
#2413=ORIENTED_EDGE('',*,*,#1841,.T.);
#2414=ORIENTED_EDGE('',*,*,#1842,.T.);
#2415=ORIENTED_EDGE('',*,*,#1843,.T.);
#2416=ORIENTED_EDGE('',*,*,#1844,.T.);
#2417=ORIENTED_EDGE('',*,*,#1811,.T.);
#2418=ORIENTED_EDGE('',*,*,#1841,.F.);
#2419=ORIENTED_EDGE('',*,*,#1828,.T.);
#2420=ORIENTED_EDGE('',*,*,#1838,.F.);
#2421=ORIENTED_EDGE('',*,*,#1845,.T.);
#2422=ORIENTED_EDGE('',*,*,#1839,.F.);
#2423=ORIENTED_EDGE('',*,*,#1826,.T.);
#2424=ORIENTED_EDGE('',*,*,#1844,.F.);
#2425=ORIENTED_EDGE('',*,*,#1846,.T.);
#2426=ORIENTED_EDGE('',*,*,#1847,.F.);
#2427=ORIENTED_EDGE('',*,*,#1848,.T.);
#2428=ORIENTED_EDGE('',*,*,#1842,.F.);
#2429=ORIENTED_EDGE('',*,*,#1845,.F.);
#2430=ORIENTED_EDGE('',*,*,#1840,.F.);
#2431=ORIENTED_EDGE('',*,*,#1846,.F.);
#2432=ORIENTED_EDGE('',*,*,#1843,.F.);
#2433=ORIENTED_EDGE('',*,*,#1848,.F.);
#2434=ORIENTED_EDGE('',*,*,#1849,.F.);
#2435=ORIENTED_EDGE('',*,*,#1850,.T.);
#2436=ORIENTED_EDGE('',*,*,#1851,.T.);
#2437=ORIENTED_EDGE('',*,*,#1852,.T.);
#2438=ORIENTED_EDGE('',*,*,#1849,.T.);
#2439=ORIENTED_EDGE('',*,*,#1853,.T.);
#2440=ORIENTED_EDGE('',*,*,#1854,.T.);
#2441=ORIENTED_EDGE('',*,*,#1855,.F.);
#2442=ORIENTED_EDGE('',*,*,#1856,.T.);
#2443=ORIENTED_EDGE('',*,*,#1857,.F.);
#2444=ORIENTED_EDGE('',*,*,#1858,.F.);
#2445=ORIENTED_EDGE('',*,*,#1852,.F.);
#2446=ORIENTED_EDGE('',*,*,#1859,.T.);
#2447=ORIENTED_EDGE('',*,*,#1860,.F.);
#2448=ORIENTED_EDGE('',*,*,#1853,.F.);
#2449=ORIENTED_EDGE('',*,*,#1861,.F.);
#2450=ORIENTED_EDGE('',*,*,#1862,.T.);
#2451=ORIENTED_EDGE('',*,*,#1863,.T.);
#2452=ORIENTED_EDGE('',*,*,#1864,.T.);
#2453=ORIENTED_EDGE('',*,*,#1864,.F.);
#2454=ORIENTED_EDGE('',*,*,#1865,.T.);
#2455=ORIENTED_EDGE('',*,*,#1866,.F.);
#2456=ORIENTED_EDGE('',*,*,#1867,.F.);
#2457=ORIENTED_EDGE('',*,*,#1868,.F.);
#2458=ORIENTED_EDGE('',*,*,#1869,.T.);
#2459=ORIENTED_EDGE('',*,*,#1870,.T.);
#2460=ORIENTED_EDGE('',*,*,#1871,.T.);
#2461=ORIENTED_EDGE('',*,*,#1869,.F.);
#2462=ORIENTED_EDGE('',*,*,#1872,.F.);
#2463=ORIENTED_EDGE('',*,*,#1873,.F.);
#2464=ORIENTED_EDGE('',*,*,#1874,.T.);
#2465=ORIENTED_EDGE('',*,*,#1875,.F.);
#2466=ORIENTED_EDGE('',*,*,#1866,.T.);
#2467=ORIENTED_EDGE('',*,*,#1876,.T.);
#2468=ORIENTED_EDGE('',*,*,#1791,.T.);
#2469=ORIENTED_EDGE('',*,*,#1854,.F.);
#2470=ORIENTED_EDGE('',*,*,#1860,.T.);
#2471=ORIENTED_EDGE('',*,*,#1877,.T.);
#2472=ORIENTED_EDGE('',*,*,#1878,.T.);
#2473=ORIENTED_EDGE('',*,*,#1878,.F.);
#2474=ORIENTED_EDGE('',*,*,#1879,.T.);
#2475=ORIENTED_EDGE('',*,*,#1880,.T.);
#2476=ORIENTED_EDGE('',*,*,#1881,.T.);
#2477=ORIENTED_EDGE('',*,*,#1882,.F.);
#2478=ORIENTED_EDGE('',*,*,#1883,.T.);
#2479=ORIENTED_EDGE('',*,*,#1884,.F.);
#2480=ORIENTED_EDGE('',*,*,#1885,.T.);
#2481=ORIENTED_EDGE('',*,*,#1886,.T.);
#2482=ORIENTED_EDGE('',*,*,#1855,.T.);
#2483=ORIENTED_EDGE('',*,*,#1887,.F.);
#2484=ORIENTED_EDGE('',*,*,#1884,.T.);
#2485=ORIENTED_EDGE('',*,*,#1888,.T.);
#2486=ORIENTED_EDGE('',*,*,#1873,.T.);
#2487=ORIENTED_EDGE('',*,*,#1868,.T.);
#2488=ORIENTED_EDGE('',*,*,#1889,.F.);
#2489=ORIENTED_EDGE('',*,*,#1890,.F.);
#2490=ORIENTED_EDGE('',*,*,#1891,.T.);
#2491=ORIENTED_EDGE('',*,*,#1885,.F.);
#2492=ORIENTED_EDGE('',*,*,#1887,.T.);
#2493=ORIENTED_EDGE('',*,*,#1872,.T.);
#2494=ORIENTED_EDGE('',*,*,#1892,.T.);
#2495=ORIENTED_EDGE('',*,*,#1893,.F.);
#2496=ORIENTED_EDGE('',*,*,#1894,.F.);
#2497=ORIENTED_EDGE('',*,*,#1895,.F.);
#2498=ORIENTED_EDGE('',*,*,#1896,.T.);
#2499=ORIENTED_EDGE('',*,*,#1897,.T.);
#2500=ORIENTED_EDGE('',*,*,#1898,.T.);
#2501=ORIENTED_EDGE('',*,*,#1899,.T.);
#2502=ORIENTED_EDGE('',*,*,#1900,.T.);
#2503=ORIENTED_EDGE('',*,*,#1901,.T.);
#2504=ORIENTED_EDGE('',*,*,#1902,.F.);
#2505=ORIENTED_EDGE('',*,*,#1903,.F.);
#2506=ORIENTED_EDGE('',*,*,#1904,.F.);
#2507=ORIENTED_EDGE('',*,*,#1905,.F.);
#2508=ORIENTED_EDGE('',*,*,#1906,.F.);
#2509=ORIENTED_EDGE('',*,*,#1907,.T.);
#2510=ORIENTED_EDGE('',*,*,#1908,.T.);
#2511=ORIENTED_EDGE('',*,*,#1909,.F.);
#2512=ORIENTED_EDGE('',*,*,#1797,.T.);
#2513=ORIENTED_EDGE('',*,*,#1910,.T.);
#2514=ORIENTED_EDGE('',*,*,#1911,.T.);
#2515=ORIENTED_EDGE('',*,*,#1862,.F.);
#2516=ORIENTED_EDGE('',*,*,#1912,.T.);
#2517=ORIENTED_EDGE('',*,*,#1913,.F.);
#2518=ORIENTED_EDGE('',*,*,#1914,.F.);
#2519=ORIENTED_EDGE('',*,*,#1911,.F.);
#2520=ORIENTED_EDGE('',*,*,#1915,.F.);
#2521=ORIENTED_EDGE('',*,*,#1916,.T.);
#2522=ORIENTED_EDGE('',*,*,#1917,.F.);
#2523=ORIENTED_EDGE('',*,*,#1918,.F.);
#2524=ORIENTED_EDGE('',*,*,#1919,.F.);
#2525=ORIENTED_EDGE('',*,*,#1920,.T.);
#2526=ORIENTED_EDGE('',*,*,#1921,.F.);
#2527=ORIENTED_EDGE('',*,*,#1922,.T.);
#2528=ORIENTED_EDGE('',*,*,#1923,.F.);
#2529=ORIENTED_EDGE('',*,*,#1924,.F.);
#2530=ORIENTED_EDGE('',*,*,#1925,.F.);
#2531=ORIENTED_EDGE('',*,*,#1871,.F.);
#2532=ORIENTED_EDGE('',*,*,#1926,.F.);
#2533=ORIENTED_EDGE('',*,*,#1927,.T.);
#2534=ORIENTED_EDGE('',*,*,#1928,.F.);
#2535=ORIENTED_EDGE('',*,*,#1929,.F.);
#2536=ORIENTED_EDGE('',*,*,#1930,.F.);
#2537=ORIENTED_EDGE('',*,*,#1931,.F.);
#2538=ORIENTED_EDGE('',*,*,#1889,.T.);
#2539=ORIENTED_EDGE('',*,*,#1850,.F.);
#2540=ORIENTED_EDGE('',*,*,#1858,.T.);
#2541=ORIENTED_EDGE('',*,*,#1932,.T.);
#2542=ORIENTED_EDGE('',*,*,#1933,.F.);
#2543=ORIENTED_EDGE('',*,*,#1934,.T.);
#2544=ORIENTED_EDGE('',*,*,#1935,.F.);
#2545=ORIENTED_EDGE('',*,*,#1936,.F.);
#2546=ORIENTED_EDGE('',*,*,#1937,.F.);
#2547=ORIENTED_EDGE('',*,*,#1938,.F.);
#2548=ORIENTED_EDGE('',*,*,#1939,.T.);
#2549=ORIENTED_EDGE('',*,*,#1940,.F.);
#2550=ORIENTED_EDGE('',*,*,#1939,.F.);
#2551=ORIENTED_EDGE('',*,*,#1941,.F.);
#2552=ORIENTED_EDGE('',*,*,#1942,.T.);
#2553=ORIENTED_EDGE('',*,*,#1943,.F.);
#2554=ORIENTED_EDGE('',*,*,#1942,.F.);
#2555=ORIENTED_EDGE('',*,*,#1944,.F.);
#2556=ORIENTED_EDGE('',*,*,#1945,.T.);
#2557=ORIENTED_EDGE('',*,*,#1946,.F.);
#2558=ORIENTED_EDGE('',*,*,#1945,.F.);
#2559=ORIENTED_EDGE('',*,*,#1947,.T.);
#2560=ORIENTED_EDGE('',*,*,#1948,.T.);
#2561=ORIENTED_EDGE('',*,*,#1949,.T.);
#2562=ORIENTED_EDGE('',*,*,#1950,.T.);
#2563=ORIENTED_EDGE('',*,*,#1951,.T.);
#2564=ORIENTED_EDGE('',*,*,#1952,.T.);
#2565=ORIENTED_EDGE('',*,*,#1949,.F.);
#2566=ORIENTED_EDGE('',*,*,#1953,.T.);
#2567=ORIENTED_EDGE('',*,*,#1954,.T.);
#2568=ORIENTED_EDGE('',*,*,#1955,.T.);
#2569=ORIENTED_EDGE('',*,*,#1947,.F.);
#2570=ORIENTED_EDGE('',*,*,#1956,.T.);
#2571=ORIENTED_EDGE('',*,*,#1957,.T.);
#2572=ORIENTED_EDGE('',*,*,#1958,.T.);
#2573=ORIENTED_EDGE('',*,*,#1954,.F.);
#2574=ORIENTED_EDGE('',*,*,#1959,.T.);
#2575=ORIENTED_EDGE('',*,*,#1960,.T.);
#2576=ORIENTED_EDGE('',*,*,#1961,.T.);
#2577=ORIENTED_EDGE('',*,*,#1950,.F.);
#2578=ORIENTED_EDGE('',*,*,#1962,.T.);
#2579=ORIENTED_EDGE('',*,*,#1963,.T.);
#2580=ORIENTED_EDGE('',*,*,#1964,.T.);
#2581=ORIENTED_EDGE('',*,*,#1952,.F.);
#2582=ORIENTED_EDGE('',*,*,#1965,.T.);
#2583=ORIENTED_EDGE('',*,*,#1966,.T.);
#2584=ORIENTED_EDGE('',*,*,#1962,.F.);
#2585=ORIENTED_EDGE('',*,*,#1953,.F.);
#2586=ORIENTED_EDGE('',*,*,#1948,.F.);
#2587=ORIENTED_EDGE('',*,*,#1955,.F.);
#2588=ORIENTED_EDGE('',*,*,#1967,.F.);
#2589=ORIENTED_EDGE('',*,*,#1968,.F.);
#2590=ORIENTED_EDGE('',*,*,#1969,.T.);
#2591=ORIENTED_EDGE('',*,*,#1970,.T.);
#2592=ORIENTED_EDGE('',*,*,#1971,.T.);
#2593=ORIENTED_EDGE('',*,*,#1972,.T.);
#2594=ORIENTED_EDGE('',*,*,#1973,.T.);
#2595=ORIENTED_EDGE('',*,*,#1974,.T.);
#2596=ORIENTED_EDGE('',*,*,#1969,.F.);
#2597=ORIENTED_EDGE('',*,*,#1975,.T.);
#2598=ORIENTED_EDGE('',*,*,#1976,.T.);
#2599=ORIENTED_EDGE('',*,*,#1977,.T.);
#2600=ORIENTED_EDGE('',*,*,#1973,.F.);
#2601=ORIENTED_EDGE('',*,*,#1978,.T.);
#2602=ORIENTED_EDGE('',*,*,#1979,.T.);
#2603=ORIENTED_EDGE('',*,*,#1980,.T.);
#2604=ORIENTED_EDGE('',*,*,#1976,.F.);
#2605=ORIENTED_EDGE('',*,*,#1981,.T.);
#2606=ORIENTED_EDGE('',*,*,#1982,.T.);
#2607=ORIENTED_EDGE('',*,*,#1983,.T.);
#2608=ORIENTED_EDGE('',*,*,#1982,.F.);
#2609=ORIENTED_EDGE('',*,*,#1984,.F.);
#2610=ORIENTED_EDGE('',*,*,#1985,.F.);
#2611=ORIENTED_EDGE('',*,*,#1986,.T.);
#2612=ORIENTED_EDGE('',*,*,#1987,.F.);
#2613=ORIENTED_EDGE('',*,*,#1981,.F.);
#2614=ORIENTED_EDGE('',*,*,#1988,.T.);
#2615=ORIENTED_EDGE('',*,*,#1989,.F.);
#2616=ORIENTED_EDGE('',*,*,#1984,.T.);
#2617=ORIENTED_EDGE('',*,*,#1978,.F.);
#2618=ORIENTED_EDGE('',*,*,#1975,.F.);
#2619=ORIENTED_EDGE('',*,*,#1972,.F.);
#2620=ORIENTED_EDGE('',*,*,#1990,.F.);
#2621=ORIENTED_EDGE('',*,*,#1988,.F.);
#2622=ORIENTED_EDGE('',*,*,#1974,.F.);
#2623=ORIENTED_EDGE('',*,*,#1991,.T.);
#2624=ORIENTED_EDGE('',*,*,#1992,.T.);
#2625=ORIENTED_EDGE('',*,*,#1993,.T.);
#2626=ORIENTED_EDGE('',*,*,#1970,.F.);
#2627=ORIENTED_EDGE('',*,*,#1993,.F.);
#2628=ORIENTED_EDGE('',*,*,#1994,.T.);
#2629=ORIENTED_EDGE('',*,*,#1995,.T.);
#2630=ORIENTED_EDGE('',*,*,#1992,.F.);
#2631=ORIENTED_EDGE('',*,*,#1996,.T.);
#2632=ORIENTED_EDGE('',*,*,#1963,.F.);
#2633=ORIENTED_EDGE('',*,*,#1966,.F.);
#2634=ORIENTED_EDGE('',*,*,#1997,.T.);
#2635=ORIENTED_EDGE('',*,*,#1890,.T.);
#2636=ORIENTED_EDGE('',*,*,#1931,.T.);
#2637=ORIENTED_EDGE('',*,*,#1998,.F.);
#2638=ORIENTED_EDGE('',*,*,#1920,.F.);
#2639=ORIENTED_EDGE('',*,*,#1999,.F.);
#2640=ORIENTED_EDGE('',*,*,#1932,.F.);
#2641=ORIENTED_EDGE('',*,*,#1857,.T.);
#2642=ORIENTED_EDGE('',*,*,#2000,.T.);
#2643=ORIENTED_EDGE('',*,*,#1994,.F.);
#2644=ORIENTED_EDGE('',*,*,#2001,.T.);
#2645=ORIENTED_EDGE('',*,*,#2002,.T.);
#2646=ORIENTED_EDGE('',*,*,#2003,.T.);
#2647=ORIENTED_EDGE('',*,*,#2004,.T.);
#2648=ORIENTED_EDGE('',*,*,#1956,.F.);
#2649=ORIENTED_EDGE('',*,*,#1964,.F.);
#2650=ORIENTED_EDGE('',*,*,#1996,.F.);
#2651=ORIENTED_EDGE('',*,*,#1991,.F.);
#2652=ORIENTED_EDGE('',*,*,#1977,.F.);
#2653=ORIENTED_EDGE('',*,*,#1980,.F.);
#2654=ORIENTED_EDGE('',*,*,#2005,.F.);
#2655=ORIENTED_EDGE('',*,*,#1959,.F.);
#2656=ORIENTED_EDGE('',*,*,#1940,.T.);
#2657=ORIENTED_EDGE('',*,*,#1943,.T.);
#2658=ORIENTED_EDGE('',*,*,#1946,.T.);
#2659=ORIENTED_EDGE('',*,*,#1995,.F.);
#2660=ORIENTED_EDGE('',*,*,#2000,.F.);
#2661=ORIENTED_EDGE('',*,*,#1856,.F.);
#2662=ORIENTED_EDGE('',*,*,#1886,.F.);
#2663=ORIENTED_EDGE('',*,*,#1891,.F.);
#2664=ORIENTED_EDGE('',*,*,#1997,.F.);
#2665=ORIENTED_EDGE('',*,*,#1965,.F.);
#2666=ORIENTED_EDGE('',*,*,#1951,.F.);
#2667=ORIENTED_EDGE('',*,*,#1968,.T.);
#2668=ORIENTED_EDGE('',*,*,#2006,.T.);
#2669=ORIENTED_EDGE('',*,*,#2007,.T.);
#2670=ORIENTED_EDGE('',*,*,#2008,.T.);
#2671=ORIENTED_EDGE('',*,*,#2009,.F.);
#2672=ORIENTED_EDGE('',*,*,#2010,.T.);
#2673=ORIENTED_EDGE('',*,*,#2011,.F.);
#2674=ORIENTED_EDGE('',*,*,#2012,.T.);
#2675=ORIENTED_EDGE('',*,*,#2013,.T.);
#2676=ORIENTED_EDGE('',*,*,#2014,.T.);
#2677=ORIENTED_EDGE('',*,*,#2015,.T.);
#2678=ORIENTED_EDGE('',*,*,#2016,.T.);
#2679=ORIENTED_EDGE('',*,*,#2017,.T.);
#2680=ORIENTED_EDGE('',*,*,#2018,.F.);
#2681=ORIENTED_EDGE('',*,*,#2019,.T.);
#2682=ORIENTED_EDGE('',*,*,#2020,.F.);
#2683=ORIENTED_EDGE('',*,*,#2021,.T.);
#2684=ORIENTED_EDGE('',*,*,#1985,.T.);
#2685=ORIENTED_EDGE('',*,*,#1989,.T.);
#2686=ORIENTED_EDGE('',*,*,#1990,.T.);
#2687=ORIENTED_EDGE('',*,*,#1971,.F.);
#2688=ORIENTED_EDGE('',*,*,#1958,.F.);
#2689=ORIENTED_EDGE('',*,*,#2022,.T.);
#2690=ORIENTED_EDGE('',*,*,#2006,.F.);
#2691=ORIENTED_EDGE('',*,*,#1967,.T.);
#2692=ORIENTED_EDGE('',*,*,#2014,.F.);
#2693=ORIENTED_EDGE('',*,*,#2023,.T.);
#2694=ORIENTED_EDGE('',*,*,#2024,.T.);
#2695=ORIENTED_EDGE('',*,*,#2025,.F.);
#2696=ORIENTED_EDGE('',*,*,#2026,.T.);
#2697=ORIENTED_EDGE('',*,*,#2027,.F.);
#2698=ORIENTED_EDGE('',*,*,#2023,.F.);
#2699=ORIENTED_EDGE('',*,*,#2013,.F.);
#2700=ORIENTED_EDGE('',*,*,#2028,.T.);
#2701=ORIENTED_EDGE('',*,*,#2029,.F.);
#2702=ORIENTED_EDGE('',*,*,#2027,.T.);
#2703=ORIENTED_EDGE('',*,*,#2030,.T.);
#2704=ORIENTED_EDGE('',*,*,#2031,.T.);
#2705=ORIENTED_EDGE('',*,*,#2032,.F.);
#2706=ORIENTED_EDGE('',*,*,#2033,.T.);
#2707=ORIENTED_EDGE('',*,*,#2015,.F.);
#2708=ORIENTED_EDGE('',*,*,#2033,.F.);
#2709=ORIENTED_EDGE('',*,*,#2034,.F.);
#2710=ORIENTED_EDGE('',*,*,#2035,.T.);
#2711=ORIENTED_EDGE('',*,*,#2016,.F.);
#2712=ORIENTED_EDGE('',*,*,#1960,.F.);
#2713=ORIENTED_EDGE('',*,*,#2005,.T.);
#2714=ORIENTED_EDGE('',*,*,#1979,.F.);
#2715=ORIENTED_EDGE('',*,*,#2036,.T.);
#2716=ORIENTED_EDGE('',*,*,#2031,.F.);
#2717=ORIENTED_EDGE('',*,*,#2037,.T.);
#2718=ORIENTED_EDGE('',*,*,#2025,.T.);
#2719=ORIENTED_EDGE('',*,*,#2038,.F.);
#2720=ORIENTED_EDGE('',*,*,#1961,.F.);
#2721=ORIENTED_EDGE('',*,*,#2038,.T.);
#2722=ORIENTED_EDGE('',*,*,#2024,.F.);
#2723=ORIENTED_EDGE('',*,*,#2029,.T.);
#2724=ORIENTED_EDGE('',*,*,#2039,.T.);
#2725=ORIENTED_EDGE('',*,*,#2040,.T.);
#2726=ORIENTED_EDGE('',*,*,#2041,.T.);
#2727=ORIENTED_EDGE('',*,*,#2042,.T.);
#2728=ORIENTED_EDGE('',*,*,#2043,.T.);
#2729=ORIENTED_EDGE('',*,*,#2044,.T.);
#2730=ORIENTED_EDGE('',*,*,#1983,.F.);
#2731=ORIENTED_EDGE('',*,*,#1987,.T.);
#2732=ORIENTED_EDGE('',*,*,#2045,.T.);
#2733=ORIENTED_EDGE('',*,*,#2046,.T.);
#2734=ORIENTED_EDGE('',*,*,#2047,.T.);
#2735=ORIENTED_EDGE('',*,*,#2048,.T.);
#2736=ORIENTED_EDGE('',*,*,#2049,.T.);
#2737=ORIENTED_EDGE('',*,*,#2034,.T.);
#2738=ORIENTED_EDGE('',*,*,#2032,.T.);
#2739=ORIENTED_EDGE('',*,*,#2036,.F.);
#2740=ORIENTED_EDGE('',*,*,#2043,.F.);
#2741=ORIENTED_EDGE('',*,*,#2050,.F.);
#2742=ORIENTED_EDGE('',*,*,#2008,.F.);
#2743=ORIENTED_EDGE('',*,*,#2051,.F.);
#2744=ORIENTED_EDGE('',*,*,#2042,.F.);
#2745=ORIENTED_EDGE('',*,*,#2052,.T.);
#2746=ORIENTED_EDGE('',*,*,#2009,.T.);
#2747=ORIENTED_EDGE('',*,*,#2050,.T.);
#2748=ORIENTED_EDGE('',*,*,#2041,.F.);
#2749=ORIENTED_EDGE('',*,*,#2053,.F.);
#2750=ORIENTED_EDGE('',*,*,#2010,.F.);
#2751=ORIENTED_EDGE('',*,*,#2052,.F.);
#2752=ORIENTED_EDGE('',*,*,#2040,.F.);
#2753=ORIENTED_EDGE('',*,*,#2054,.T.);
#2754=ORIENTED_EDGE('',*,*,#2011,.T.);
#2755=ORIENTED_EDGE('',*,*,#2053,.T.);
#2756=ORIENTED_EDGE('',*,*,#2039,.F.);
#2757=ORIENTED_EDGE('',*,*,#2028,.F.);
#2758=ORIENTED_EDGE('',*,*,#2012,.F.);
#2759=ORIENTED_EDGE('',*,*,#2054,.F.);
#2760=ORIENTED_EDGE('',*,*,#2026,.F.);
#2761=ORIENTED_EDGE('',*,*,#2037,.F.);
#2762=ORIENTED_EDGE('',*,*,#2030,.F.);
#2763=ORIENTED_EDGE('',*,*,#2049,.F.);
#2764=ORIENTED_EDGE('',*,*,#2055,.F.);
#2765=ORIENTED_EDGE('',*,*,#2017,.F.);
#2766=ORIENTED_EDGE('',*,*,#2035,.F.);
#2767=ORIENTED_EDGE('',*,*,#2048,.F.);
#2768=ORIENTED_EDGE('',*,*,#2056,.T.);
#2769=ORIENTED_EDGE('',*,*,#2018,.T.);
#2770=ORIENTED_EDGE('',*,*,#2055,.T.);
#2771=ORIENTED_EDGE('',*,*,#1957,.F.);
#2772=ORIENTED_EDGE('',*,*,#2044,.F.);
#2773=ORIENTED_EDGE('',*,*,#2051,.T.);
#2774=ORIENTED_EDGE('',*,*,#2007,.F.);
#2775=ORIENTED_EDGE('',*,*,#2022,.F.);
#2776=ORIENTED_EDGE('',*,*,#2046,.F.);
#2777=ORIENTED_EDGE('',*,*,#2057,.T.);
#2778=ORIENTED_EDGE('',*,*,#2020,.T.);
#2779=ORIENTED_EDGE('',*,*,#2058,.T.);
#2780=ORIENTED_EDGE('',*,*,#2045,.F.);
#2781=ORIENTED_EDGE('',*,*,#1986,.F.);
#2782=ORIENTED_EDGE('',*,*,#2021,.F.);
#2783=ORIENTED_EDGE('',*,*,#2057,.F.);
#2784=ORIENTED_EDGE('',*,*,#2047,.F.);
#2785=ORIENTED_EDGE('',*,*,#2058,.F.);
#2786=ORIENTED_EDGE('',*,*,#2019,.F.);
#2787=ORIENTED_EDGE('',*,*,#2056,.F.);
#2788=ORIENTED_EDGE('',*,*,#2059,.F.);
#2789=ORIENTED_EDGE('',*,*,#1918,.T.);
#2790=ORIENTED_EDGE('',*,*,#2060,.F.);
#2791=ORIENTED_EDGE('',*,*,#1934,.F.);
#2792=ORIENTED_EDGE('',*,*,#2061,.T.);
#2793=ORIENTED_EDGE('',*,*,#1935,.T.);
#2794=ORIENTED_EDGE('',*,*,#2060,.T.);
#2795=ORIENTED_EDGE('',*,*,#1917,.T.);
#2796=ORIENTED_EDGE('',*,*,#2062,.T.);
#2797=ORIENTED_EDGE('',*,*,#2059,.T.);
#2798=ORIENTED_EDGE('',*,*,#1933,.T.);
#2799=ORIENTED_EDGE('',*,*,#1999,.T.);
#2800=ORIENTED_EDGE('',*,*,#1919,.T.);
#2801=ORIENTED_EDGE('',*,*,#2063,.F.);
#2802=ORIENTED_EDGE('',*,*,#1929,.T.);
#2803=ORIENTED_EDGE('',*,*,#2064,.F.);
#2804=ORIENTED_EDGE('',*,*,#1922,.F.);
#2805=ORIENTED_EDGE('',*,*,#2065,.T.);
#2806=ORIENTED_EDGE('',*,*,#1923,.T.);
#2807=ORIENTED_EDGE('',*,*,#2064,.T.);
#2808=ORIENTED_EDGE('',*,*,#1928,.T.);
#2809=ORIENTED_EDGE('',*,*,#2066,.T.);
#2810=ORIENTED_EDGE('',*,*,#2063,.T.);
#2811=ORIENTED_EDGE('',*,*,#1921,.T.);
#2812=ORIENTED_EDGE('',*,*,#1998,.T.);
#2813=ORIENTED_EDGE('',*,*,#1930,.T.);
#2814=ORIENTED_EDGE('',*,*,#2067,.F.);
#2815=ORIENTED_EDGE('',*,*,#2068,.F.);
#2816=ORIENTED_EDGE('',*,*,#1901,.F.);
#2817=ORIENTED_EDGE('',*,*,#2069,.T.);
#2818=ORIENTED_EDGE('',*,*,#2070,.F.);
#2819=ORIENTED_EDGE('',*,*,#2071,.F.);
#2820=ORIENTED_EDGE('',*,*,#2072,.F.);
#2821=ORIENTED_EDGE('',*,*,#2073,.T.);
#2822=ORIENTED_EDGE('',*,*,#2074,.F.);
#2823=ORIENTED_EDGE('',*,*,#2075,.F.);
#2824=ORIENTED_EDGE('',*,*,#1907,.F.);
#2825=ORIENTED_EDGE('',*,*,#2076,.F.);
#2826=ORIENTED_EDGE('',*,*,#2077,.F.);
#2827=ORIENTED_EDGE('',*,*,#2078,.T.);
#2828=ORIENTED_EDGE('',*,*,#2079,.F.);
#2829=ORIENTED_EDGE('',*,*,#2069,.F.);
#2830=ORIENTED_EDGE('',*,*,#1908,.F.);
#2831=ORIENTED_EDGE('',*,*,#2078,.F.);
#2832=ORIENTED_EDGE('',*,*,#2080,.F.);
#2833=ORIENTED_EDGE('',*,*,#2081,.T.);
#2834=ORIENTED_EDGE('',*,*,#2082,.F.);
#2835=ORIENTED_EDGE('',*,*,#2081,.F.);
#2836=ORIENTED_EDGE('',*,*,#2083,.F.);
#2837=ORIENTED_EDGE('',*,*,#2084,.F.);
#2838=ORIENTED_EDGE('',*,*,#2085,.F.);
#2839=ORIENTED_EDGE('',*,*,#2086,.T.);
#2840=ORIENTED_EDGE('',*,*,#2087,.F.);
#2841=ORIENTED_EDGE('',*,*,#2086,.F.);
#2842=ORIENTED_EDGE('',*,*,#2088,.F.);
#2843=ORIENTED_EDGE('',*,*,#2073,.F.);
#2844=ORIENTED_EDGE('',*,*,#2089,.F.);
#2845=ORIENTED_EDGE('',*,*,#2068,.T.);
#2846=ORIENTED_EDGE('',*,*,#2067,.T.);
#2847=ORIENTED_EDGE('',*,*,#2090,.F.);
#2848=ORIENTED_EDGE('',*,*,#1936,.T.);
#2849=ORIENTED_EDGE('',*,*,#2061,.F.);
#2850=ORIENTED_EDGE('',*,*,#1916,.F.);
#2851=ORIENTED_EDGE('',*,*,#2091,.F.);
#2852=ORIENTED_EDGE('',*,*,#2089,.T.);
#2853=ORIENTED_EDGE('',*,*,#2072,.T.);
#2854=ORIENTED_EDGE('',*,*,#2092,.T.);
#2855=ORIENTED_EDGE('',*,*,#2093,.T.);
#2856=ORIENTED_EDGE('',*,*,#2094,.T.);
#2857=ORIENTED_EDGE('',*,*,#2095,.T.);
#2858=ORIENTED_EDGE('',*,*,#2096,.F.);
#2859=ORIENTED_EDGE('',*,*,#2097,.F.);
#2860=ORIENTED_EDGE('',*,*,#1879,.F.);
#2861=ORIENTED_EDGE('',*,*,#1877,.F.);
#2862=ORIENTED_EDGE('',*,*,#1859,.F.);
#2863=ORIENTED_EDGE('',*,*,#1851,.F.);
#2864=ORIENTED_EDGE('',*,*,#1937,.T.);
#2865=ORIENTED_EDGE('',*,*,#2090,.T.);
#2866=ORIENTED_EDGE('',*,*,#2075,.T.);
#2867=ORIENTED_EDGE('',*,*,#2098,.T.);
#2868=ORIENTED_EDGE('',*,*,#2099,.T.);
#2869=ORIENTED_EDGE('',*,*,#2092,.F.);
#2870=ORIENTED_EDGE('',*,*,#2071,.T.);
#2871=ORIENTED_EDGE('',*,*,#2100,.F.);
#2872=ORIENTED_EDGE('',*,*,#2101,.F.);
#2873=ORIENTED_EDGE('',*,*,#1902,.T.);
#2874=ORIENTED_EDGE('',*,*,#2077,.T.);
#2875=ORIENTED_EDGE('',*,*,#2102,.T.);
#2876=ORIENTED_EDGE('',*,*,#2103,.T.);
#2877=ORIENTED_EDGE('',*,*,#2104,.T.);
#2878=ORIENTED_EDGE('',*,*,#2105,.T.);
#2879=ORIENTED_EDGE('',*,*,#2106,.F.);
#2880=ORIENTED_EDGE('',*,*,#2107,.F.);
#2881=ORIENTED_EDGE('',*,*,#1792,.F.);
#2882=ORIENTED_EDGE('',*,*,#1876,.F.);
#2883=ORIENTED_EDGE('',*,*,#1865,.F.);
#2884=ORIENTED_EDGE('',*,*,#1863,.F.);
#2885=ORIENTED_EDGE('',*,*,#1925,.T.);
#2886=ORIENTED_EDGE('',*,*,#2108,.T.);
#2887=ORIENTED_EDGE('',*,*,#2080,.T.);
#2888=ORIENTED_EDGE('',*,*,#2070,.T.);
#2889=ORIENTED_EDGE('',*,*,#2079,.T.);
#2890=ORIENTED_EDGE('',*,*,#2109,.T.);
#2891=ORIENTED_EDGE('',*,*,#1926,.T.);
#2892=ORIENTED_EDGE('',*,*,#1870,.F.);
#2893=ORIENTED_EDGE('',*,*,#1874,.F.);
#2894=ORIENTED_EDGE('',*,*,#1888,.F.);
#2895=ORIENTED_EDGE('',*,*,#1883,.F.);
#2896=ORIENTED_EDGE('',*,*,#2110,.T.);
#2897=ORIENTED_EDGE('',*,*,#2111,.F.);
#2898=ORIENTED_EDGE('',*,*,#2112,.F.);
#2899=ORIENTED_EDGE('',*,*,#2113,.F.);
#2900=ORIENTED_EDGE('',*,*,#2114,.T.);
#2901=ORIENTED_EDGE('',*,*,#2100,.T.);
#2902=ORIENTED_EDGE('',*,*,#2082,.T.);
#2903=ORIENTED_EDGE('',*,*,#2108,.F.);
#2904=ORIENTED_EDGE('',*,*,#1924,.T.);
#2905=ORIENTED_EDGE('',*,*,#2065,.F.);
#2906=ORIENTED_EDGE('',*,*,#1927,.F.);
#2907=ORIENTED_EDGE('',*,*,#2109,.F.);
#2908=ORIENTED_EDGE('',*,*,#2066,.F.);
#2909=ORIENTED_EDGE('',*,*,#2115,.T.);
#2910=ORIENTED_EDGE('',*,*,#1900,.F.);
#2911=ORIENTED_EDGE('',*,*,#2115,.F.);
#2912=ORIENTED_EDGE('',*,*,#1913,.T.);
#2913=ORIENTED_EDGE('',*,*,#2116,.F.);
#2914=ORIENTED_EDGE('',*,*,#2117,.T.);
#2915=ORIENTED_EDGE('',*,*,#2118,.T.);
#2916=ORIENTED_EDGE('',*,*,#1861,.T.);
#2917=ORIENTED_EDGE('',*,*,#1867,.T.);
#2918=ORIENTED_EDGE('',*,*,#1875,.T.);
#2919=ORIENTED_EDGE('',*,*,#1800,.F.);
#2920=ORIENTED_EDGE('',*,*,#2119,.T.);
#2921=ORIENTED_EDGE('',*,*,#2116,.T.);
#2922=ORIENTED_EDGE('',*,*,#1912,.F.);
#2923=ORIENTED_EDGE('',*,*,#2062,.F.);
#2924=ORIENTED_EDGE('',*,*,#2120,.T.);
#2925=ORIENTED_EDGE('',*,*,#2121,.F.);
#2926=ORIENTED_EDGE('',*,*,#2120,.F.);
#2927=ORIENTED_EDGE('',*,*,#2122,.T.);
#2928=ORIENTED_EDGE('',*,*,#2123,.T.);
#2929=ORIENTED_EDGE('',*,*,#2124,.T.);
#2930=ORIENTED_EDGE('',*,*,#2125,.T.);
#2931=ORIENTED_EDGE('',*,*,#2126,.T.);
#2932=ORIENTED_EDGE('',*,*,#2127,.F.);
#2933=ORIENTED_EDGE('',*,*,#2128,.F.);
#2934=ORIENTED_EDGE('',*,*,#2129,.F.);
#2935=ORIENTED_EDGE('',*,*,#2121,.T.);
#2936=ORIENTED_EDGE('',*,*,#2085,.T.);
#2937=ORIENTED_EDGE('',*,*,#2130,.F.);
#2938=ORIENTED_EDGE('',*,*,#2131,.F.);
#2939=ORIENTED_EDGE('',*,*,#2132,.F.);
#2940=ORIENTED_EDGE('',*,*,#2133,.F.);
#2941=ORIENTED_EDGE('',*,*,#2098,.F.);
#2942=ORIENTED_EDGE('',*,*,#2074,.T.);
#2943=ORIENTED_EDGE('',*,*,#2088,.T.);
#2944=ORIENTED_EDGE('',*,*,#2003,.F.);
#2945=ORIENTED_EDGE('',*,*,#2134,.T.);
#2946=ORIENTED_EDGE('',*,*,#2135,.F.);
#2947=ORIENTED_EDGE('',*,*,#2136,.F.);
#2948=ORIENTED_EDGE('',*,*,#2137,.F.);
#2949=ORIENTED_EDGE('',*,*,#2138,.F.);
#2950=ORIENTED_EDGE('',*,*,#2139,.T.);
#2951=ORIENTED_EDGE('',*,*,#2140,.T.);
#2952=ORIENTED_EDGE('',*,*,#1909,.T.);
#2953=ORIENTED_EDGE('',*,*,#1914,.T.);
#2954=ORIENTED_EDGE('',*,*,#2118,.F.);
#2955=ORIENTED_EDGE('',*,*,#2141,.F.);
#2956=ORIENTED_EDGE('',*,*,#1798,.F.);
#2957=ORIENTED_EDGE('',*,*,#2076,.T.);
#2958=ORIENTED_EDGE('',*,*,#1906,.T.);
#2959=ORIENTED_EDGE('',*,*,#2142,.T.);
#2960=ORIENTED_EDGE('',*,*,#2102,.F.);
#2961=ORIENTED_EDGE('',*,*,#1905,.T.);
#2962=ORIENTED_EDGE('',*,*,#2143,.F.);
#2963=ORIENTED_EDGE('',*,*,#2103,.F.);
#2964=ORIENTED_EDGE('',*,*,#2142,.F.);
#2965=ORIENTED_EDGE('',*,*,#1903,.T.);
#2966=ORIENTED_EDGE('',*,*,#2101,.T.);
#2967=ORIENTED_EDGE('',*,*,#2114,.F.);
#2968=ORIENTED_EDGE('',*,*,#2144,.F.);
#2969=ORIENTED_EDGE('',*,*,#2144,.T.);
#2970=ORIENTED_EDGE('',*,*,#2113,.T.);
#2971=ORIENTED_EDGE('',*,*,#2145,.T.);
#2972=ORIENTED_EDGE('',*,*,#2146,.F.);
#2973=ORIENTED_EDGE('',*,*,#2147,.F.);
#2974=ORIENTED_EDGE('',*,*,#2104,.F.);
#2975=ORIENTED_EDGE('',*,*,#2143,.T.);
#2976=ORIENTED_EDGE('',*,*,#1904,.T.);
#2977=ORIENTED_EDGE('',*,*,#2133,.T.);
#2978=ORIENTED_EDGE('',*,*,#2148,.F.);
#2979=ORIENTED_EDGE('',*,*,#2093,.F.);
#2980=ORIENTED_EDGE('',*,*,#2099,.F.);
#2981=ORIENTED_EDGE('',*,*,#2084,.T.);
#2982=ORIENTED_EDGE('',*,*,#2149,.F.);
#2983=ORIENTED_EDGE('',*,*,#2150,.F.);
#2984=ORIENTED_EDGE('',*,*,#2130,.T.);
#2985=ORIENTED_EDGE('',*,*,#2131,.T.);
#2986=ORIENTED_EDGE('',*,*,#2150,.T.);
#2987=ORIENTED_EDGE('',*,*,#2151,.F.);
#2988=ORIENTED_EDGE('',*,*,#2152,.F.);
#2989=ORIENTED_EDGE('',*,*,#2152,.T.);
#2990=ORIENTED_EDGE('',*,*,#2153,.T.);
#2991=ORIENTED_EDGE('',*,*,#2154,.T.);
#2992=ORIENTED_EDGE('',*,*,#2155,.F.);
#2993=ORIENTED_EDGE('',*,*,#2156,.F.);
#2994=ORIENTED_EDGE('',*,*,#2094,.F.);
#2995=ORIENTED_EDGE('',*,*,#2148,.T.);
#2996=ORIENTED_EDGE('',*,*,#2132,.T.);
#2997=ORIENTED_EDGE('',*,*,#2155,.T.);
#2998=ORIENTED_EDGE('',*,*,#2157,.T.);
#2999=ORIENTED_EDGE('',*,*,#2158,.F.);
#3000=ORIENTED_EDGE('',*,*,#2159,.F.);
#3001=ORIENTED_EDGE('',*,*,#2160,.F.);
#3002=ORIENTED_EDGE('',*,*,#2134,.F.);
#3003=ORIENTED_EDGE('',*,*,#2002,.F.);
#3004=ORIENTED_EDGE('',*,*,#2161,.F.);
#3005=ORIENTED_EDGE('',*,*,#1938,.T.);
#3006=ORIENTED_EDGE('',*,*,#1941,.T.);
#3007=ORIENTED_EDGE('',*,*,#1944,.T.);
#3008=ORIENTED_EDGE('',*,*,#2160,.T.);
#3009=ORIENTED_EDGE('',*,*,#2162,.T.);
#3010=ORIENTED_EDGE('',*,*,#2163,.T.);
#3011=ORIENTED_EDGE('',*,*,#2164,.F.);
#3012=ORIENTED_EDGE('',*,*,#2165,.T.);
#3013=ORIENTED_EDGE('',*,*,#2135,.T.);
#3014=ORIENTED_EDGE('',*,*,#2138,.T.);
#3015=ORIENTED_EDGE('',*,*,#2166,.T.);
#3016=ORIENTED_EDGE('',*,*,#2167,.F.);
#3017=ORIENTED_EDGE('',*,*,#2168,.T.);
#3018=ORIENTED_EDGE('',*,*,#2169,.F.);
#3019=ORIENTED_EDGE('',*,*,#2170,.F.);
#3020=ORIENTED_EDGE('',*,*,#2171,.T.);
#3021=ORIENTED_EDGE('',*,*,#2172,.T.);
#3022=ORIENTED_EDGE('',*,*,#2173,.F.);
#3023=ORIENTED_EDGE('',*,*,#1829,.T.);
#3024=ORIENTED_EDGE('',*,*,#1809,.T.);
#3025=ORIENTED_EDGE('',*,*,#2174,.T.);
#3026=ORIENTED_EDGE('',*,*,#2175,.T.);
#3027=ORIENTED_EDGE('',*,*,#1835,.T.);
#3028=ORIENTED_EDGE('',*,*,#2176,.T.);
#3029=ORIENTED_EDGE('',*,*,#2177,.T.);
#3030=ORIENTED_EDGE('',*,*,#1807,.T.);
#3031=ORIENTED_EDGE('',*,*,#2176,.F.);
#3032=ORIENTED_EDGE('',*,*,#1834,.T.);
#3033=ORIENTED_EDGE('',*,*,#2178,.T.);
#3034=ORIENTED_EDGE('',*,*,#2179,.T.);
#3035=ORIENTED_EDGE('',*,*,#2180,.T.);
#3036=ORIENTED_EDGE('',*,*,#1802,.T.);
#3037=ORIENTED_EDGE('',*,*,#2181,.T.);
#3038=ORIENTED_EDGE('',*,*,#2182,.T.);
#3039=ORIENTED_EDGE('',*,*,#2183,.T.);
#3040=ORIENTED_EDGE('',*,*,#1804,.T.);
#3041=ORIENTED_EDGE('',*,*,#2184,.T.);
#3042=ORIENTED_EDGE('',*,*,#2185,.T.);
#3043=ORIENTED_EDGE('',*,*,#2186,.T.);
#3044=ORIENTED_EDGE('',*,*,#2187,.T.);
#3045=ORIENTED_EDGE('',*,*,#2188,.T.);
#3046=ORIENTED_EDGE('',*,*,#2189,.T.);
#3047=ORIENTED_EDGE('',*,*,#2185,.F.);
#3048=ORIENTED_EDGE('',*,*,#2190,.T.);
#3049=ORIENTED_EDGE('',*,*,#2189,.F.);
#3050=ORIENTED_EDGE('',*,*,#2191,.T.);
#3051=ORIENTED_EDGE('',*,*,#2188,.F.);
#3052=ORIENTED_EDGE('',*,*,#2192,.F.);
#3053=ORIENTED_EDGE('',*,*,#2193,.F.);
#3054=ORIENTED_EDGE('',*,*,#2194,.F.);
#3055=ORIENTED_EDGE('',*,*,#2181,.F.);
#3056=ORIENTED_EDGE('',*,*,#1801,.F.);
#3057=ORIENTED_EDGE('',*,*,#2183,.F.);
#3058=ORIENTED_EDGE('',*,*,#2191,.F.);
#3059=ORIENTED_EDGE('',*,*,#2195,.T.);
#3060=ORIENTED_EDGE('',*,*,#2196,.T.);
#3061=ORIENTED_EDGE('',*,*,#2193,.T.);
#3062=ORIENTED_EDGE('',*,*,#2197,.T.);
#3063=ORIENTED_EDGE('',*,*,#2198,.T.);
#3064=ORIENTED_EDGE('',*,*,#2199,.T.);
#3065=ORIENTED_EDGE('',*,*,#2182,.F.);
#3066=ORIENTED_EDGE('',*,*,#2194,.T.);
#3067=ORIENTED_EDGE('',*,*,#2199,.F.);
#3068=ORIENTED_EDGE('',*,*,#2200,.T.);
#3069=ORIENTED_EDGE('',*,*,#2175,.F.);
#3070=ORIENTED_EDGE('',*,*,#2201,.T.);
#3071=ORIENTED_EDGE('',*,*,#2202,.T.);
#3072=ORIENTED_EDGE('',*,*,#1830,.F.);
#3073=ORIENTED_EDGE('',*,*,#2202,.F.);
#3074=ORIENTED_EDGE('',*,*,#2203,.T.);
#3075=ORIENTED_EDGE('',*,*,#2204,.F.);
#3076=ORIENTED_EDGE('',*,*,#1831,.T.);
#3077=ORIENTED_EDGE('',*,*,#2178,.F.);
#3078=ORIENTED_EDGE('',*,*,#1833,.F.);
#3079=ORIENTED_EDGE('',*,*,#2205,.F.);
#3080=ORIENTED_EDGE('',*,*,#2206,.F.);
#3081=ORIENTED_EDGE('',*,*,#2195,.F.);
#3082=ORIENTED_EDGE('',*,*,#2207,.T.);
#3083=ORIENTED_EDGE('',*,*,#2208,.F.);
#3084=ORIENTED_EDGE('',*,*,#2207,.F.);
#3085=ORIENTED_EDGE('',*,*,#2196,.F.);
#3086=ORIENTED_EDGE('',*,*,#2209,.T.);
#3087=ORIENTED_EDGE('',*,*,#2210,.F.);
#3088=ORIENTED_EDGE('',*,*,#2209,.F.);
#3089=ORIENTED_EDGE('',*,*,#1808,.F.);
#3090=ORIENTED_EDGE('',*,*,#2177,.F.);
#3091=ORIENTED_EDGE('',*,*,#2179,.F.);
#3092=ORIENTED_EDGE('',*,*,#2206,.T.);
#3093=ORIENTED_EDGE('',*,*,#2211,.F.);
#3094=ORIENTED_EDGE('',*,*,#2203,.F.);
#3095=ORIENTED_EDGE('',*,*,#2201,.F.);
#3096=ORIENTED_EDGE('',*,*,#2174,.F.);
#3097=ORIENTED_EDGE('',*,*,#2211,.T.);
#3098=ORIENTED_EDGE('',*,*,#2205,.T.);
#3099=ORIENTED_EDGE('',*,*,#1832,.T.);
#3100=ORIENTED_EDGE('',*,*,#2204,.T.);
#3101=ORIENTED_EDGE('',*,*,#2186,.F.);
#3102=ORIENTED_EDGE('',*,*,#2190,.F.);
#3103=ORIENTED_EDGE('',*,*,#2184,.F.);
#3104=ORIENTED_EDGE('',*,*,#1803,.F.);
#3105=ORIENTED_EDGE('',*,*,#2180,.F.);
#3106=ORIENTED_EDGE('',*,*,#2200,.F.);
#3107=ORIENTED_EDGE('',*,*,#2198,.F.);
#3108=ORIENTED_EDGE('',*,*,#2212,.F.);
#3109=ORIENTED_EDGE('',*,*,#2208,.T.);
#3110=ORIENTED_EDGE('',*,*,#2210,.T.);
#3111=ORIENTED_EDGE('',*,*,#2187,.F.);
#3112=ORIENTED_EDGE('',*,*,#2212,.T.);
#3113=ORIENTED_EDGE('',*,*,#2197,.F.);
#3114=ORIENTED_EDGE('',*,*,#2192,.T.);
#3115=ORIENTED_EDGE('',*,*,#2213,.T.);
#3116=ORIENTED_EDGE('',*,*,#2169,.T.);
#3117=ORIENTED_EDGE('',*,*,#2214,.T.);
#3118=ORIENTED_EDGE('',*,*,#2215,.T.);
#3119=ORIENTED_EDGE('',*,*,#2216,.F.);
#3120=ORIENTED_EDGE('',*,*,#2217,.T.);
#3121=ORIENTED_EDGE('',*,*,#2218,.T.);
#3122=ORIENTED_EDGE('',*,*,#2219,.T.);
#3123=ORIENTED_EDGE('',*,*,#2220,.T.);
#3124=ORIENTED_EDGE('',*,*,#2221,.T.);
#3125=ORIENTED_EDGE('',*,*,#2213,.F.);
#3126=ORIENTED_EDGE('',*,*,#2222,.F.);
#3127=ORIENTED_EDGE('',*,*,#2170,.T.);
#3128=ORIENTED_EDGE('',*,*,#2223,.T.);
#3129=ORIENTED_EDGE('',*,*,#2224,.T.);
#3130=ORIENTED_EDGE('',*,*,#2225,.T.);
#3131=ORIENTED_EDGE('',*,*,#2226,.F.);
#3132=ORIENTED_EDGE('',*,*,#2227,.F.);
#3133=ORIENTED_EDGE('',*,*,#2167,.T.);
#3134=ORIENTED_EDGE('',*,*,#2224,.F.);
#3135=ORIENTED_EDGE('',*,*,#2228,.F.);
#3136=ORIENTED_EDGE('',*,*,#2229,.F.);
#3137=ORIENTED_EDGE('',*,*,#2230,.F.);
#3138=ORIENTED_EDGE('',*,*,#2231,.F.);
#3139=ORIENTED_EDGE('',*,*,#2232,.F.);
#3140=ORIENTED_EDGE('',*,*,#2233,.F.);
#3141=ORIENTED_EDGE('',*,*,#2234,.F.);
#3142=ORIENTED_EDGE('',*,*,#2235,.F.);
#3143=ORIENTED_EDGE('',*,*,#2236,.F.);
#3144=ORIENTED_EDGE('',*,*,#2237,.F.);
#3145=ORIENTED_EDGE('',*,*,#2238,.F.);
#3146=ORIENTED_EDGE('',*,*,#2239,.F.);
#3147=ORIENTED_EDGE('',*,*,#2240,.F.);
#3148=ORIENTED_EDGE('',*,*,#2223,.F.);
#3149=ORIENTED_EDGE('',*,*,#2166,.F.);
#3150=ORIENTED_EDGE('',*,*,#2137,.T.);
#3151=ORIENTED_EDGE('',*,*,#2241,.F.);
#3152=ORIENTED_EDGE('',*,*,#2228,.T.);
#3153=ORIENTED_EDGE('',*,*,#2217,.F.);
#3154=ORIENTED_EDGE('',*,*,#2242,.F.);
#3155=ORIENTED_EDGE('',*,*,#2243,.F.);
#3156=ORIENTED_EDGE('',*,*,#2244,.F.);
#3157=ORIENTED_EDGE('',*,*,#2245,.F.);
#3158=ORIENTED_EDGE('',*,*,#2246,.F.);
#3159=ORIENTED_EDGE('',*,*,#2247,.F.);
#3160=ORIENTED_EDGE('',*,*,#2248,.F.);
#3161=ORIENTED_EDGE('',*,*,#2249,.F.);
#3162=ORIENTED_EDGE('',*,*,#2250,.F.);
#3163=ORIENTED_EDGE('',*,*,#2251,.F.);
#3164=ORIENTED_EDGE('',*,*,#2252,.F.);
#3165=ORIENTED_EDGE('',*,*,#2253,.F.);
#3166=ORIENTED_EDGE('',*,*,#2254,.F.);
#3167=ORIENTED_EDGE('',*,*,#2255,.F.);
#3168=ORIENTED_EDGE('',*,*,#2256,.T.);
#3169=ORIENTED_EDGE('',*,*,#2251,.T.);
#3170=ORIENTED_EDGE('',*,*,#2257,.T.);
#3171=ORIENTED_EDGE('',*,*,#2258,.T.);
#3172=ORIENTED_EDGE('',*,*,#2218,.F.);
#3173=ORIENTED_EDGE('',*,*,#2252,.T.);
#3174=ORIENTED_EDGE('',*,*,#2256,.F.);
#3175=ORIENTED_EDGE('',*,*,#2259,.F.);
#3176=ORIENTED_EDGE('',*,*,#2260,.T.);
#3177=ORIENTED_EDGE('',*,*,#2163,.F.);
#3178=ORIENTED_EDGE('',*,*,#2261,.T.);
#3179=ORIENTED_EDGE('',*,*,#2257,.F.);
#3180=ORIENTED_EDGE('',*,*,#2250,.T.);
#3181=ORIENTED_EDGE('',*,*,#2262,.F.);
#3182=ORIENTED_EDGE('',*,*,#2219,.F.);
#3183=ORIENTED_EDGE('',*,*,#2260,.F.);
#3184=ORIENTED_EDGE('',*,*,#2263,.F.);
#3185=ORIENTED_EDGE('',*,*,#2264,.T.);
#3186=ORIENTED_EDGE('',*,*,#2220,.F.);
#3187=ORIENTED_EDGE('',*,*,#2264,.F.);
#3188=ORIENTED_EDGE('',*,*,#2265,.F.);
#3189=ORIENTED_EDGE('',*,*,#2266,.T.);
#3190=ORIENTED_EDGE('',*,*,#2221,.F.);
#3191=ORIENTED_EDGE('',*,*,#2266,.F.);
#3192=ORIENTED_EDGE('',*,*,#2267,.F.);
#3193=ORIENTED_EDGE('',*,*,#2171,.F.);
#3194=ORIENTED_EDGE('',*,*,#2222,.T.);
#3195=ORIENTED_EDGE('',*,*,#2172,.F.);
#3196=ORIENTED_EDGE('',*,*,#2267,.T.);
#3197=ORIENTED_EDGE('',*,*,#2265,.T.);
#3198=ORIENTED_EDGE('',*,*,#2263,.T.);
#3199=ORIENTED_EDGE('',*,*,#2259,.T.);
#3200=ORIENTED_EDGE('',*,*,#2258,.F.);
#3201=ORIENTED_EDGE('',*,*,#2261,.F.);
#3202=ORIENTED_EDGE('',*,*,#2162,.F.);
#3203=ORIENTED_EDGE('',*,*,#2161,.T.);
#3204=ORIENTED_EDGE('',*,*,#2001,.F.);
#3205=ORIENTED_EDGE('',*,*,#2268,.T.);
#3206=ORIENTED_EDGE('',*,*,#2269,.T.);
#3207=ORIENTED_EDGE('',*,*,#2270,.F.);
#3208=ORIENTED_EDGE('',*,*,#2229,.T.);
#3209=ORIENTED_EDGE('',*,*,#2241,.T.);
#3210=ORIENTED_EDGE('',*,*,#2136,.T.);
#3211=ORIENTED_EDGE('',*,*,#2165,.F.);
#3212=ORIENTED_EDGE('',*,*,#2262,.T.);
#3213=ORIENTED_EDGE('',*,*,#2249,.T.);
#3214=ORIENTED_EDGE('',*,*,#2271,.T.);
#3215=ORIENTED_EDGE('',*,*,#1897,.F.);
#3216=ORIENTED_EDGE('',*,*,#2272,.F.);
#3217=ORIENTED_EDGE('',*,*,#2125,.F.);
#3218=ORIENTED_EDGE('',*,*,#2273,.T.);
#3219=ORIENTED_EDGE('',*,*,#2230,.T.);
#3220=ORIENTED_EDGE('',*,*,#2270,.T.);
#3221=ORIENTED_EDGE('',*,*,#2164,.T.);
#3222=ORIENTED_EDGE('',*,*,#2274,.T.);
#3223=ORIENTED_EDGE('',*,*,#1899,.F.);
#3224=ORIENTED_EDGE('',*,*,#2275,.F.);
#3225=ORIENTED_EDGE('',*,*,#2247,.T.);
#3226=ORIENTED_EDGE('',*,*,#2254,.T.);
#3227=ORIENTED_EDGE('',*,*,#2276,.T.);
#3228=ORIENTED_EDGE('',*,*,#2277,.F.);
#3229=ORIENTED_EDGE('',*,*,#2278,.F.);
#3230=ORIENTED_EDGE('',*,*,#2253,.T.);
#3231=ORIENTED_EDGE('',*,*,#2279,.T.);
#3232=ORIENTED_EDGE('',*,*,#2280,.F.);
#3233=ORIENTED_EDGE('',*,*,#2276,.F.);
#3234=ORIENTED_EDGE('',*,*,#2271,.F.);
#3235=ORIENTED_EDGE('',*,*,#2248,.T.);
#3236=ORIENTED_EDGE('',*,*,#2275,.T.);
#3237=ORIENTED_EDGE('',*,*,#1898,.F.);
#3238=ORIENTED_EDGE('',*,*,#2255,.T.);
#3239=ORIENTED_EDGE('',*,*,#2278,.T.);
#3240=ORIENTED_EDGE('',*,*,#2281,.F.);
#3241=ORIENTED_EDGE('',*,*,#2279,.F.);
#3242=ORIENTED_EDGE('',*,*,#2244,.T.);
#3243=ORIENTED_EDGE('',*,*,#2282,.F.);
#3244=ORIENTED_EDGE('',*,*,#2235,.T.);
#3245=ORIENTED_EDGE('',*,*,#2283,.T.);
#3246=ORIENTED_EDGE('',*,*,#2243,.T.);
#3247=ORIENTED_EDGE('',*,*,#2284,.F.);
#3248=ORIENTED_EDGE('',*,*,#2236,.T.);
#3249=ORIENTED_EDGE('',*,*,#2282,.T.);
#3250=ORIENTED_EDGE('',*,*,#2242,.T.);
#3251=ORIENTED_EDGE('',*,*,#2216,.T.);
#3252=ORIENTED_EDGE('',*,*,#2285,.T.);
#3253=ORIENTED_EDGE('',*,*,#2225,.F.);
#3254=ORIENTED_EDGE('',*,*,#2237,.T.);
#3255=ORIENTED_EDGE('',*,*,#2284,.T.);
#3256=ORIENTED_EDGE('',*,*,#2286,.T.);
#3257=ORIENTED_EDGE('',*,*,#2226,.T.);
#3258=ORIENTED_EDGE('',*,*,#2285,.F.);
#3259=ORIENTED_EDGE('',*,*,#2215,.F.);
#3260=ORIENTED_EDGE('',*,*,#2168,.F.);
#3261=ORIENTED_EDGE('',*,*,#2227,.T.);
#3262=ORIENTED_EDGE('',*,*,#2286,.F.);
#3263=ORIENTED_EDGE('',*,*,#2214,.F.);
#3264=ORIENTED_EDGE('',*,*,#2239,.T.);
#3265=ORIENTED_EDGE('',*,*,#2287,.T.);
#3266=ORIENTED_EDGE('',*,*,#2288,.F.);
#3267=ORIENTED_EDGE('',*,*,#2289,.F.);
#3268=ORIENTED_EDGE('',*,*,#2238,.T.);
#3269=ORIENTED_EDGE('',*,*,#2290,.T.);
#3270=ORIENTED_EDGE('',*,*,#2291,.F.);
#3271=ORIENTED_EDGE('',*,*,#2287,.F.);
#3272=ORIENTED_EDGE('',*,*,#2240,.T.);
#3273=ORIENTED_EDGE('',*,*,#2289,.T.);
#3274=ORIENTED_EDGE('',*,*,#2292,.F.);
#3275=ORIENTED_EDGE('',*,*,#2290,.F.);
#3276=ORIENTED_EDGE('',*,*,#2273,.F.);
#3277=ORIENTED_EDGE('',*,*,#2124,.F.);
#3278=ORIENTED_EDGE('',*,*,#2293,.F.);
#3279=ORIENTED_EDGE('',*,*,#2231,.T.);
#3280=ORIENTED_EDGE('',*,*,#2294,.T.);
#3281=ORIENTED_EDGE('',*,*,#2232,.T.);
#3282=ORIENTED_EDGE('',*,*,#2293,.T.);
#3283=ORIENTED_EDGE('',*,*,#2123,.F.);
#3284=ORIENTED_EDGE('',*,*,#2245,.T.);
#3285=ORIENTED_EDGE('',*,*,#2283,.F.);
#3286=ORIENTED_EDGE('',*,*,#2234,.T.);
#3287=ORIENTED_EDGE('',*,*,#2295,.T.);
#3288=ORIENTED_EDGE('',*,*,#2246,.T.);
#3289=ORIENTED_EDGE('',*,*,#2295,.F.);
#3290=ORIENTED_EDGE('',*,*,#2233,.T.);
#3291=ORIENTED_EDGE('',*,*,#2296,.T.);
#3292=ORIENTED_EDGE('',*,*,#2288,.T.);
#3293=ORIENTED_EDGE('',*,*,#2291,.T.);
#3294=ORIENTED_EDGE('',*,*,#2292,.T.);
#3295=ORIENTED_EDGE('',*,*,#2297,.F.);
#3296=ORIENTED_EDGE('',*,*,#2126,.F.);
#3297=ORIENTED_EDGE('',*,*,#2272,.T.);
#3298=ORIENTED_EDGE('',*,*,#1896,.F.);
#3299=ORIENTED_EDGE('',*,*,#2173,.T.);
#3300=ORIENTED_EDGE('',*,*,#2269,.F.);
#3301=ORIENTED_EDGE('',*,*,#2298,.F.);
#3302=ORIENTED_EDGE('',*,*,#2139,.F.);
#3303=ORIENTED_EDGE('',*,*,#2298,.T.);
#3304=ORIENTED_EDGE('',*,*,#2268,.F.);
#3305=ORIENTED_EDGE('',*,*,#2004,.F.);
#3306=ORIENTED_EDGE('',*,*,#2140,.F.);
#3307=ORIENTED_EDGE('',*,*,#2277,.T.);
#3308=ORIENTED_EDGE('',*,*,#2280,.T.);
#3309=ORIENTED_EDGE('',*,*,#2281,.T.);
#3310=ORIENTED_EDGE('',*,*,#1894,.T.);
#3311=ORIENTED_EDGE('',*,*,#2299,.T.);
#3312=ORIENTED_EDGE('',*,*,#2128,.T.);
#3313=ORIENTED_EDGE('',*,*,#2300,.T.);
#3314=ORIENTED_EDGE('',*,*,#2299,.F.);
#3315=ORIENTED_EDGE('',*,*,#1893,.T.);
#3316=ORIENTED_EDGE('',*,*,#2301,.F.);
#3317=ORIENTED_EDGE('',*,*,#2129,.T.);
#3318=ORIENTED_EDGE('',*,*,#2147,.T.);
#3319=ORIENTED_EDGE('',*,*,#2302,.T.);
#3320=ORIENTED_EDGE('',*,*,#2303,.F.);
#3321=ORIENTED_EDGE('',*,*,#2105,.F.);
#3322=ORIENTED_EDGE('',*,*,#1793,.F.);
#3323=ORIENTED_EDGE('',*,*,#2107,.T.);
#3324=ORIENTED_EDGE('',*,*,#2304,.F.);
#3325=ORIENTED_EDGE('',*,*,#2305,.F.);
#3326=ORIENTED_EDGE('',*,*,#1794,.F.);
#3327=ORIENTED_EDGE('',*,*,#2305,.T.);
#3328=ORIENTED_EDGE('',*,*,#2306,.F.);
#3329=ORIENTED_EDGE('',*,*,#2307,.F.);
#3330=ORIENTED_EDGE('',*,*,#1795,.T.);
#3331=ORIENTED_EDGE('',*,*,#2307,.T.);
#3332=ORIENTED_EDGE('',*,*,#2308,.F.);
#3333=ORIENTED_EDGE('',*,*,#2309,.F.);
#3334=ORIENTED_EDGE('',*,*,#2087,.T.);
#3335=ORIENTED_EDGE('',*,*,#2091,.T.);
#3336=ORIENTED_EDGE('',*,*,#1915,.T.);
#3337=ORIENTED_EDGE('',*,*,#1910,.F.);
#3338=ORIENTED_EDGE('',*,*,#1796,.F.);
#3339=ORIENTED_EDGE('',*,*,#2309,.T.);
#3340=ORIENTED_EDGE('',*,*,#2310,.F.);
#3341=ORIENTED_EDGE('',*,*,#2311,.F.);
#3342=ORIENTED_EDGE('',*,*,#2153,.F.);
#3343=ORIENTED_EDGE('',*,*,#2151,.T.);
#3344=ORIENTED_EDGE('',*,*,#2149,.T.);
#3345=ORIENTED_EDGE('',*,*,#2083,.T.);
#3346=ORIENTED_EDGE('',*,*,#2154,.F.);
#3347=ORIENTED_EDGE('',*,*,#2311,.T.);
#3348=ORIENTED_EDGE('',*,*,#2312,.F.);
#3349=ORIENTED_EDGE('',*,*,#2157,.F.);
#3350=ORIENTED_EDGE('',*,*,#2156,.T.);
#3351=ORIENTED_EDGE('',*,*,#2159,.T.);
#3352=ORIENTED_EDGE('',*,*,#2313,.F.);
#3353=ORIENTED_EDGE('',*,*,#2095,.F.);
#3354=ORIENTED_EDGE('',*,*,#1880,.F.);
#3355=ORIENTED_EDGE('',*,*,#2097,.T.);
#3356=ORIENTED_EDGE('',*,*,#2314,.F.);
#3357=ORIENTED_EDGE('',*,*,#2315,.F.);
#3358=ORIENTED_EDGE('',*,*,#1881,.F.);
#3359=ORIENTED_EDGE('',*,*,#2315,.T.);
#3360=ORIENTED_EDGE('',*,*,#2316,.F.);
#3361=ORIENTED_EDGE('',*,*,#2317,.F.);
#3362=ORIENTED_EDGE('',*,*,#1882,.T.);
#3363=ORIENTED_EDGE('',*,*,#2317,.T.);
#3364=ORIENTED_EDGE('',*,*,#2318,.F.);
#3365=ORIENTED_EDGE('',*,*,#2110,.F.);
#3366=ORIENTED_EDGE('',*,*,#2145,.F.);
#3367=ORIENTED_EDGE('',*,*,#2112,.T.);
#3368=ORIENTED_EDGE('',*,*,#2319,.F.);
#3369=ORIENTED_EDGE('',*,*,#2320,.F.);
#3370=ORIENTED_EDGE('',*,*,#2146,.T.);
#3371=ORIENTED_EDGE('',*,*,#2320,.T.);
#3372=ORIENTED_EDGE('',*,*,#2321,.F.);
#3373=ORIENTED_EDGE('',*,*,#2302,.F.);
#3374=ORIENTED_EDGE('',*,*,#2321,.T.);
#3375=ORIENTED_EDGE('',*,*,#2319,.T.);
#3376=ORIENTED_EDGE('',*,*,#2111,.T.);
#3377=ORIENTED_EDGE('',*,*,#2318,.T.);
#3378=ORIENTED_EDGE('',*,*,#2316,.T.);
#3379=ORIENTED_EDGE('',*,*,#2314,.T.);
#3380=ORIENTED_EDGE('',*,*,#2096,.T.);
#3381=ORIENTED_EDGE('',*,*,#2313,.T.);
#3382=ORIENTED_EDGE('',*,*,#2158,.T.);
#3383=ORIENTED_EDGE('',*,*,#2312,.T.);
#3384=ORIENTED_EDGE('',*,*,#2310,.T.);
#3385=ORIENTED_EDGE('',*,*,#2308,.T.);
#3386=ORIENTED_EDGE('',*,*,#2306,.T.);
#3387=ORIENTED_EDGE('',*,*,#2304,.T.);
#3388=ORIENTED_EDGE('',*,*,#2106,.T.);
#3389=ORIENTED_EDGE('',*,*,#2303,.T.);
#3390=ORIENTED_EDGE('',*,*,#1785,.T.);
#3391=ORIENTED_EDGE('',*,*,#1788,.T.);
#3392=ORIENTED_EDGE('',*,*,#1782,.T.);
#3393=ORIENTED_EDGE('',*,*,#1778,.T.);
#3394=ORIENTED_EDGE('',*,*,#1847,.T.);
#3395=ORIENTED_EDGE('',*,*,#1836,.T.);
#3396=ORIENTED_EDGE('',*,*,#1895,.T.);
#3397=ORIENTED_EDGE('',*,*,#2300,.F.);
#3398=ORIENTED_EDGE('',*,*,#2127,.T.);
#3399=ORIENTED_EDGE('',*,*,#2297,.T.);
#3400=ORIENTED_EDGE('',*,*,#2301,.T.);
#3401=ORIENTED_EDGE('',*,*,#1892,.F.);
#3402=ORIENTED_EDGE('',*,*,#2274,.F.);
#3403=ORIENTED_EDGE('',*,*,#2296,.F.);
#3404=ORIENTED_EDGE('',*,*,#2294,.F.);
#3405=ORIENTED_EDGE('',*,*,#2122,.F.);
#3406=ORIENTED_EDGE('',*,*,#1799,.F.);
#3407=ORIENTED_EDGE('',*,*,#2141,.T.);
#3408=ORIENTED_EDGE('',*,*,#2117,.F.);
#3409=ORIENTED_EDGE('',*,*,#2119,.F.);
#3410=CYLINDRICAL_SURFACE('',#3673,1.50000002235174);
#3411=CYLINDRICAL_SURFACE('',#3678,1.50000002235174);
#3412=CYLINDRICAL_SURFACE('',#3689,4.);
#3413=CYLINDRICAL_SURFACE('',#3694,1.55);
#3414=CYLINDRICAL_SURFACE('',#3699,1.55);
#3415=CYLINDRICAL_SURFACE('',#3701,25.5);
#3416=CYLINDRICAL_SURFACE('',#3707,25.5);
#3417=CYLINDRICAL_SURFACE('',#3711,25.5);
#3418=CYLINDRICAL_SURFACE('',#3715,10.);
#3419=CYLINDRICAL_SURFACE('',#3718,10.);
#3420=CYLINDRICAL_SURFACE('',#3723,10.);
#3421=CYLINDRICAL_SURFACE('',#3739,1.55);
#3422=CYLINDRICAL_SURFACE('',#3740,1.55);
#3423=CYLINDRICAL_SURFACE('',#3741,1.55);
#3424=CYLINDRICAL_SURFACE('',#3753,4.5);
#3425=CYLINDRICAL_SURFACE('',#3755,4.5);
#3426=CYLINDRICAL_SURFACE('',#3773,4.5);
#3427=CYLINDRICAL_SURFACE('',#3776,4.5);
#3428=CYLINDRICAL_SURFACE('',#3778,4.5);
#3429=CYLINDRICAL_SURFACE('',#3785,21.0000000006638);
#3430=CYLINDRICAL_SURFACE('',#3787,16.2999997087652);
#3431=CYLINDRICAL_SURFACE('',#3797,4.5);
#3432=CYLINDRICAL_SURFACE('',#3798,4.5);
#3433=CYLINDRICAL_SURFACE('',#3802,4.5);
#3434=CYLINDRICAL_SURFACE('',#3839,3.10000001490116);
#3435=CYLINDRICAL_SURFACE('',#3845,3.10000001490116);
#3436=CYLINDRICAL_SURFACE('',#3852,6.28465853058509);
#3437=CYLINDRICAL_SURFACE('',#3854,6.28465853058509);
#3438=CYLINDRICAL_SURFACE('',#3860,1.12249997491017);
#3439=CYLINDRICAL_SURFACE('',#3861,25.7999995258547);
#3440=CYLINDRICAL_SURFACE('',#3865,1.12249997491017);
#3441=CYLINDRICAL_SURFACE('',#3878,6.28465853058509);
#3442=CYLINDRICAL_SURFACE('',#3883,6.28465853058509);
#3443=CYLINDRICAL_SURFACE('',#3888,15.2999997087652);
#3444=CYLINDRICAL_SURFACE('',#3891,25.7999995258547);
#3445=CYLINDRICAL_SURFACE('',#3895,2.75);
#3446=CYLINDRICAL_SURFACE('',#3897,2.75);
#3447=CYLINDRICAL_SURFACE('',#3900,3.5);
#3448=CYLINDRICAL_SURFACE('',#3903,3.5);
#3449=CYLINDRICAL_SURFACE('',#3906,4.);
#3450=CYLINDRICAL_SURFACE('',#3914,4.);
#3451=CYLINDRICAL_SURFACE('',#3920,1.4);
#3452=CYLINDRICAL_SURFACE('',#3922,1.4);
#3453=CYLINDRICAL_SURFACE('',#3930,2.74999999999934);
#3454=CYLINDRICAL_SURFACE('',#3973,0.749999999999992);
#3455=CYLINDRICAL_SURFACE('',#3976,21.9999993219972);
#3456=CYLINDRICAL_SURFACE('',#3977,0.249999999999993);
#3457=CYLINDRICAL_SURFACE('',#3980,0.300000000000001);
#3458=CYLINDRICAL_SURFACE('',#3981,0.550000000000009);
#3459=CYLINDRICAL_SURFACE('',#3983,4.39999999999987);
#3460=CYLINDRICAL_SURFACE('',#3984,0.249999999999993);
#3461=CYLINDRICAL_SURFACE('',#3987,0.749999999999992);
#3462=CYLINDRICAL_SURFACE('',#3989,21.9999993219972);
#3463=CYLINDRICAL_SURFACE('',#3991,3.65000000000015);
#3464=CYLINDRICAL_SURFACE('',#3992,24.8000003129244);
#3465=CYLINDRICAL_SURFACE('',#3995,1.5);
#3466=CYLINDRICAL_SURFACE('',#3998,3.);
#3467=CYLINDRICAL_SURFACE('',#4002,51.45);
#3468=CYLINDRICAL_SURFACE('',#4009,51.45);
#3469=CYLINDRICAL_SURFACE('',#4015,24.7999995258547);
#3470=ADVANCED_FACE('',(#256),#3410,.F.);
#3471=ADVANCED_FACE('',(#257),#158,.F.);
#3472=ADVANCED_FACE('',(#258),#159,.F.);
#3473=ADVANCED_FACE('',(#259),#3411,.F.);
#3474=ADVANCED_FACE('',(#260,#133,#134),#160,.T.);
#3475=ADVANCED_FACE('',(#261),#121,.T.);
#3476=ADVANCED_FACE('',(#262),#52,.F.);
#3477=ADVANCED_FACE('',(#263),#122,.T.);
#3478=ADVANCED_FACE('',(#264),#123,.T.);
#3479=ADVANCED_FACE('',(#265),#3412,.F.);
#3480=ADVANCED_FACE('',(#266),#3413,.F.);
#3481=ADVANCED_FACE('',(#267),#124,.T.);
#3482=ADVANCED_FACE('',(#268),#53,.F.);
#3483=ADVANCED_FACE('',(#269),#125,.T.);
#3484=ADVANCED_FACE('',(#270),#126,.T.);
#3485=ADVANCED_FACE('',(#271),#3414,.F.);
#3486=ADVANCED_FACE('',(#272),#3415,.F.);
#3487=ADVANCED_FACE('',(#273),#161,.T.);
#3488=ADVANCED_FACE('',(#274),#162,.T.);
#3489=ADVANCED_FACE('',(#275),#3416,.F.);
#3490=ADVANCED_FACE('',(#276),#163,.T.);
#3491=ADVANCED_FACE('',(#277),#3417,.F.);
#3492=ADVANCED_FACE('',(#278),#164,.T.);
#3493=ADVANCED_FACE('',(#279),#3418,.F.);
#3494=ADVANCED_FACE('',(#280),#3419,.F.);
#3495=ADVANCED_FACE('',(#281),#165,.T.);
#3496=ADVANCED_FACE('',(#282),#3420,.F.);
#3497=ADVANCED_FACE('',(#283),#166,.T.);
#3498=ADVANCED_FACE('',(#284,#135,#136),#167,.T.);
#3499=ADVANCED_FACE('',(#285),#168,.T.);
#3500=ADVANCED_FACE('',(#286),#169,.T.);
#3501=ADVANCED_FACE('',(#287),#170,.T.);
#3502=ADVANCED_FACE('',(#288),#171,.T.);
#3503=ADVANCED_FACE('',(#289),#3421,.F.);
#3504=ADVANCED_FACE('',(#290),#3422,.F.);
#3505=ADVANCED_FACE('',(#291),#3423,.F.);
#3506=ADVANCED_FACE('',(#292),#34,.F.);
#3507=ADVANCED_FACE('',(#293),#23,.T.);
#3508=ADVANCED_FACE('',(#294),#24,.T.);
#3509=ADVANCED_FACE('',(#295),#127,.F.);
#3510=ADVANCED_FACE('',(#296),#3424,.T.);
#3511=ADVANCED_FACE('',(#297),#3425,.F.);
#3512=ADVANCED_FACE('',(#298),#172,.F.);
#3513=ADVANCED_FACE('',(#299),#25,.T.);
#3514=ADVANCED_FACE('',(#300),#35,.F.);
#3515=ADVANCED_FACE('',(#301),#26,.T.);
#3516=ADVANCED_FACE('',(#302),#128,.F.);
#3517=ADVANCED_FACE('',(#303),#173,.T.);
#3518=ADVANCED_FACE('',(#304),#3426,.F.);
#3519=ADVANCED_FACE('',(#305),#174,.F.);
#3520=ADVANCED_FACE('',(#306),#3427,.T.);
#3521=ADVANCED_FACE('',(#307),#3428,.F.);
#3522=ADVANCED_FACE('',(#308,#137),#175,.T.);
#3523=ADVANCED_FACE('',(#309,#138,#139,#140),#3429,.T.);
#3524=ADVANCED_FACE('',(#310),#3430,.T.);
#3525=ADVANCED_FACE('',(#311),#3431,.F.);
#3526=ADVANCED_FACE('',(#312),#3432,.F.);
#3527=ADVANCED_FACE('',(#313),#176,.T.);
#3528=ADVANCED_FACE('',(#314),#3433,.F.);
#3529=ADVANCED_FACE('',(#315),#177,.T.);
#3530=ADVANCED_FACE('',(#316),#27,.T.);
#3531=ADVANCED_FACE('',(#317),#54,.T.);
#3532=ADVANCED_FACE('',(#318),#55,.T.);
#3533=ADVANCED_FACE('',(#319),#178,.T.);
#3534=ADVANCED_FACE('',(#320),#179,.T.);
#3535=ADVANCED_FACE('',(#321),#180,.F.);
#3536=ADVANCED_FACE('',(#322),#181,.T.);
#3537=ADVANCED_FACE('',(#323),#182,.T.);
#3538=ADVANCED_FACE('',(#324),#183,.F.);
#3539=ADVANCED_FACE('',(#325),#184,.T.);
#3540=ADVANCED_FACE('',(#326),#185,.T.);
#3541=ADVANCED_FACE('',(#327),#186,.T.);
#3542=ADVANCED_FACE('',(#328),#187,.T.);
#3543=ADVANCED_FACE('',(#329),#188,.T.);
#3544=ADVANCED_FACE('',(#330),#189,.F.);
#3545=ADVANCED_FACE('',(#331),#190,.T.);
#3546=ADVANCED_FACE('',(#332,#141),#191,.F.);
#3547=ADVANCED_FACE('',(#333),#192,.F.);
#3548=ADVANCED_FACE('',(#334),#193,.T.);
#3549=ADVANCED_FACE('',(#335,#142),#194,.T.);
#3550=ADVANCED_FACE('',(#336),#195,.T.);
#3551=ADVANCED_FACE('',(#337),#196,.T.);
#3552=ADVANCED_FACE('',(#338),#197,.F.);
#3553=ADVANCED_FACE('',(#339),#198,.F.);
#3554=ADVANCED_FACE('',(#340),#199,.F.);
#3555=ADVANCED_FACE('',(#341),#3434,.F.);
#3556=ADVANCED_FACE('',(#342),#200,.F.);
#3557=ADVANCED_FACE('',(#343),#201,.F.);
#3558=ADVANCED_FACE('',(#344),#3435,.F.);
#3559=ADVANCED_FACE('',(#345),#202,.T.);
#3560=ADVANCED_FACE('',(#346),#203,.T.);
#3561=ADVANCED_FACE('',(#347),#3436,.F.);
#3562=ADVANCED_FACE('',(#348),#3437,.F.);
#3563=ADVANCED_FACE('',(#349),#204,.T.);
#3564=ADVANCED_FACE('',(#350),#205,.T.);
#3565=ADVANCED_FACE('',(#351),#206,.T.);
#3566=ADVANCED_FACE('',(#352),#3438,.F.);
#3567=ADVANCED_FACE('',(#353),#3439,.T.);
#3568=ADVANCED_FACE('',(#354),#207,.T.);
#3569=ADVANCED_FACE('',(#355),#3440,.F.);
#3570=ADVANCED_FACE('',(#356,#143,#144),#208,.T.);
#3571=ADVANCED_FACE('',(#357),#209,.T.);
#3572=ADVANCED_FACE('',(#358),#210,.T.);
#3573=ADVANCED_FACE('',(#359),#3441,.F.);
#3574=ADVANCED_FACE('',(#360),#211,.T.);
#3575=ADVANCED_FACE('',(#361),#212,.T.);
#3576=ADVANCED_FACE('',(#362),#213,.T.);
#3577=ADVANCED_FACE('',(#363),#214,.T.);
#3578=ADVANCED_FACE('',(#364),#3442,.F.);
#3579=ADVANCED_FACE('',(#365),#215,.T.);
#3580=ADVANCED_FACE('',(#366),#216,.T.);
#3581=ADVANCED_FACE('',(#367),#217,.T.);
#3582=ADVANCED_FACE('',(#368,#145,#146,#147),#3443,.F.);
#3583=ADVANCED_FACE('',(#369),#218,.T.);
#3584=ADVANCED_FACE('',(#370),#3444,.T.);
#3585=ADVANCED_FACE('',(#371),#3445,.F.);
#3586=ADVANCED_FACE('',(#372),#3446,.F.);
#3587=ADVANCED_FACE('',(#373),#219,.T.);
#3588=ADVANCED_FACE('',(#374),#3447,.F.);
#3589=ADVANCED_FACE('',(#375),#3448,.F.);
#3590=ADVANCED_FACE('',(#376),#3449,.T.);
#3591=ADVANCED_FACE('',(#377),#220,.T.);
#3592=ADVANCED_FACE('',(#378,#148,#149),#221,.T.);
#3593=ADVANCED_FACE('',(#379),#3450,.T.);
#3594=ADVANCED_FACE('',(#380),#222,.T.);
#3595=ADVANCED_FACE('',(#381),#223,.T.);
#3596=ADVANCED_FACE('',(#382),#224,.T.);
#3597=ADVANCED_FACE('',(#383),#225,.T.);
#3598=ADVANCED_FACE('',(#384),#3451,.F.);
#3599=ADVANCED_FACE('',(#385),#3452,.F.);
#3600=ADVANCED_FACE('',(#386),#226,.T.);
#3601=ADVANCED_FACE('',(#387),#227,.T.);
#3602=ADVANCED_FACE('',(#388,#150,#151),#228,.T.);
#3603=ADVANCED_FACE('',(#389),#229,.T.);
#3604=ADVANCED_FACE('',(#390),#28,.T.);
#3605=ADVANCED_FACE('',(#391),#3453,.T.);
#3606=ADVANCED_FACE('',(#392),#29,.T.);
#3607=ADVANCED_FACE('',(#393,#152),#230,.T.);
#3608=ADVANCED_FACE('',(#394),#30,.F.);
#3609=ADVANCED_FACE('',(#395,#153),#231,.F.);
#3610=ADVANCED_FACE('',(#396),#31,.F.);
#3611=ADVANCED_FACE('',(#397),#129,.T.);
#3612=ADVANCED_FACE('',(#398),#32,.F.);
#3613=ADVANCED_FACE('',(#399),#130,.T.);
#3614=ADVANCED_FACE('',(#400),#131,.T.);
#3615=ADVANCED_FACE('',(#401),#132,.T.);
#3616=ADVANCED_FACE('',(#402),#232,.T.);
#3617=ADVANCED_FACE('',(#403),#33,.F.);
#3618=ADVANCED_FACE('',(#404),#36,.T.);
#3619=ADVANCED_FACE('',(#405),#233,.T.);
#3620=ADVANCED_FACE('',(#406),#3454,.T.);
#3621=ADVANCED_FACE('',(#407),#234,.T.);
#3622=ADVANCED_FACE('',(#408),#3455,.F.);
#3623=ADVANCED_FACE('',(#409),#3456,.T.);
#3624=ADVANCED_FACE('',(#410),#235,.T.);
#3625=ADVANCED_FACE('',(#411),#3457,.T.);
#3626=ADVANCED_FACE('',(#412),#3458,.T.);
#3627=ADVANCED_FACE('',(#413),#236,.T.);
#3628=ADVANCED_FACE('',(#414),#3459,.T.);
#3629=ADVANCED_FACE('',(#415),#3460,.T.);
#3630=ADVANCED_FACE('',(#416),#237,.T.);
#3631=ADVANCED_FACE('',(#417),#3461,.T.);
#3632=ADVANCED_FACE('',(#418),#3462,.F.);
#3633=ADVANCED_FACE('',(#419),#238,.T.);
#3634=ADVANCED_FACE('',(#420),#3463,.F.);
#3635=ADVANCED_FACE('',(#421),#3464,.F.);
#3636=ADVANCED_FACE('',(#422),#239,.T.);
#3637=ADVANCED_FACE('',(#423),#240,.T.);
#3638=ADVANCED_FACE('',(#424),#3465,.F.);
#3639=ADVANCED_FACE('',(#425),#241,.T.);
#3640=ADVANCED_FACE('',(#426),#242,.T.);
#3641=ADVANCED_FACE('',(#427),#3466,.T.);
#3642=ADVANCED_FACE('',(#428),#243,.T.);
#3643=ADVANCED_FACE('',(#429),#244,.T.);
#3644=ADVANCED_FACE('',(#430),#245,.T.);
#3645=ADVANCED_FACE('',(#431),#3467,.T.);
#3646=ADVANCED_FACE('',(#432),#246,.T.);
#3647=ADVANCED_FACE('',(#433),#247,.T.);
#3648=ADVANCED_FACE('',(#434),#248,.T.);
#3649=ADVANCED_FACE('',(#435),#249,.T.);
#3650=ADVANCED_FACE('',(#436),#250,.T.);
#3651=ADVANCED_FACE('',(#437),#3468,.T.);
#3652=ADVANCED_FACE('',(#438),#251,.T.);
#3653=ADVANCED_FACE('',(#439),#252,.T.);
#3654=ADVANCED_FACE('',(#440),#253,.T.);
#3655=ADVANCED_FACE('',(#441,#154,#155,#156,#157),#254,.F.);
#3656=ADVANCED_FACE('',(#442),#3469,.F.);
#3657=ADVANCED_FACE('',(#443),#255,.T.);
#3658=CLOSED_SHELL('',(#3470,#3471,#3472,#3473,#3474,#3475,#3476,#3477,
#3478,#3479,#3480,#3481,#3482,#3483,#3484,#3485,#3486,#3487,#3488,#3489,
#3490,#3491,#3492,#3493,#3494,#3495,#3496,#3497,#3498,#3499,#3500,#3501,
#3502,#3503,#3504,#3505,#3506,#3507,#3508,#3509,#3510,#3511,#3512,#3513,
#3514,#3515,#3516,#3517,#3518,#3519,#3520,#3521,#3522,#3523,#3524,#3525,
#3526,#3527,#3528,#3529,#3530,#3531,#3532,#3533,#3534,#3535,#3536,#3537,
#3538,#3539,#3540,#3541,#3542,#3543,#3544,#3545,#3546,#3547,#3548,#3549,
#3550,#3551,#3552,#3553,#3554,#3555,#3556,#3557,#3558,#3559,#3560,#3561,
#3562,#3563,#3564,#3565,#3566,#3567,#3568,#3569,#3570,#3571,#3572,#3573,
#3574,#3575,#3576,#3577,#3578,#3579,#3580,#3581,#3582,#3583,#3584,#3585,
#3586,#3587,#3588,#3589,#3590,#3591,#3592,#3593,#3594,#3595,#3596,#3597,
#3598,#3599,#3600,#3601,#3602,#3603,#3604,#3605,#3606,#3607,#3608,#3609,
#3610,#3611,#3612,#3613,#3614,#3615,#3616,#3617,#3618,#3619,#3620,#3621,
#3622,#3623,#3624,#3625,#3626,#3627,#3628,#3629,#3630,#3631,#3632,#3633,
#3634,#3635,#3636,#3637,#3638,#3639,#3640,#3641,#3642,#3643,#3644,#3645,
#3646,#3647,#3648,#3649,#3650,#3651,#3652,#3653,#3654,#3655,#3656,#3657));
#3659=DERIVED_UNIT_ELEMENT(#3661,1.);
#3660=DERIVED_UNIT_ELEMENT(#7223,-3.);
#3661=(
MASS_UNIT()
NAMED_UNIT(*)
SI_UNIT(.KILO.,.GRAM.)
);
#3662=DERIVED_UNIT((#3659,#3660));
#3663=MEASURE_REPRESENTATION_ITEM('density measure',
POSITIVE_RATIO_MEASURE(7850.),#3662);
#3664=PROPERTY_DEFINITION_REPRESENTATION(#3669,#3666);
#3665=PROPERTY_DEFINITION_REPRESENTATION(#3670,#3667);
#3666=REPRESENTATION('material name',(#3668),#7220);
#3667=REPRESENTATION('density',(#3663),#7220);
#3668=DESCRIPTIVE_REPRESENTATION_ITEM('Stahl','Stahl');
#3669=PROPERTY_DEFINITION('material property','material name',#7235);
#3670=PROPERTY_DEFINITION('material property','density of part',#7235);
#3671=AXIS2_PLACEMENT_3D('',#5016,#4018,#4019);
#3672=AXIS2_PLACEMENT_3D('',#5017,#4020,#4021);
#3673=AXIS2_PLACEMENT_3D('',#5018,#4022,#4023);
#3674=AXIS2_PLACEMENT_3D('',#5021,#4024,#4025);
#3675=AXIS2_PLACEMENT_3D('',#5025,#4027,#4028);
#3676=AXIS2_PLACEMENT_3D('',#5027,#4030,#4031);
#3677=AXIS2_PLACEMENT_3D('',#5033,#4035,#4036);
#3678=AXIS2_PLACEMENT_3D('',#5039,#4040,#4041);
#3679=AXIS2_PLACEMENT_3D('',#5040,#4042,#4043);
#3680=AXIS2_PLACEMENT_3D('',#5042,#4044,#4045);
#3681=AXIS2_PLACEMENT_3D('',#5043,#4046,#4047);
#3682=AXIS2_PLACEMENT_3D('',#5044,#4048,#4049);
#3683=AXIS2_PLACEMENT_3D('',#5053,#4053,#4054);
#3684=AXIS2_PLACEMENT_3D('',#5075,#4065,#4066);
#3685=AXIS2_PLACEMENT_3D('',#5087,#4072,#4073);
#3686=AXIS2_PLACEMENT_3D('',#5120,#4078,#4079);
#3687=AXIS2_PLACEMENT_3D('',#5124,#4081,#4082);
#3688=AXIS2_PLACEMENT_3D('',#5126,#4083,#4084);
#3689=AXIS2_PLACEMENT_3D('',#5176,#4086,#4087);
#3690=AXIS2_PLACEMENT_3D('',#5205,#4088,#4089);
#3691=AXIS2_PLACEMENT_3D('',#5207,#4090,#4091);
#3692=AXIS2_PLACEMENT_3D('',#5211,#4093,#4094);
#3693=AXIS2_PLACEMENT_3D('',#5213,#4095,#4096);
#3694=AXIS2_PLACEMENT_3D('',#5224,#4097,#4098);
#3695=AXIS2_PLACEMENT_3D('',#5226,#4099,#4100);
#3696=AXIS2_PLACEMENT_3D('',#5262,#4104,#4105);
#3697=AXIS2_PLACEMENT_3D('',#5266,#4107,#4108);
#3698=AXIS2_PLACEMENT_3D('',#5268,#4109,#4110);
#3699=AXIS2_PLACEMENT_3D('',#5310,#4112,#4113);
#3700=AXIS2_PLACEMENT_3D('',#5312,#4114,#4115);
#3701=AXIS2_PLACEMENT_3D('',#5314,#4117,#4118);
#3702=AXIS2_PLACEMENT_3D('',#5317,#4119,#4120);
#3703=AXIS2_PLACEMENT_3D('',#5321,#4122,#4123);
#3704=AXIS2_PLACEMENT_3D('',#5323,#4125,#4126);
#3705=AXIS2_PLACEMENT_3D('',#5327,#4128,#4129);
#3706=AXIS2_PLACEMENT_3D('',#5335,#4134,#4135);
#3707=AXIS2_PLACEMENT_3D('',#5339,#4138,#4139);
#3708=AXIS2_PLACEMENT_3D('',#5342,#4140,#4141);
#3709=AXIS2_PLACEMENT_3D('',#5346,#4143,#4144);
#3710=AXIS2_PLACEMENT_3D('',#5348,#4146,#4147);
#3711=AXIS2_PLACEMENT_3D('',#5354,#4151,#4152);
#3712=AXIS2_PLACEMENT_3D('',#5357,#4153,#4154);
#3713=AXIS2_PLACEMENT_3D('',#5361,#4156,#4157);
#3714=AXIS2_PLACEMENT_3D('',#5363,#4159,#4160);
#3715=AXIS2_PLACEMENT_3D('',#5369,#4164,#4165);
#3716=AXIS2_PLACEMENT_3D('',#5370,#4166,#4167);
#3717=AXIS2_PLACEMENT_3D('',#5371,#4168,#4169);
#3718=AXIS2_PLACEMENT_3D('',#5372,#4170,#4171);
#3719=AXIS2_PLACEMENT_3D('',#5374,#4172,#4173);
#3720=AXIS2_PLACEMENT_3D('',#5376,#4175,#4176);
#3721=AXIS2_PLACEMENT_3D('',#5382,#4179,#4180);
#3722=AXIS2_PLACEMENT_3D('',#5391,#4185,#4186);
#3723=AXIS2_PLACEMENT_3D('',#5392,#4187,#4188);
#3724=AXIS2_PLACEMENT_3D('',#5393,#4189,#4190);
#3725=AXIS2_PLACEMENT_3D('',#5394,#4191,#4192);
#3726=AXIS2_PLACEMENT_3D('',#5395,#4193,#4194);
#3727=AXIS2_PLACEMENT_3D('',#5401,#4198,#4199);
#3728=AXIS2_PLACEMENT_3D('',#5404,#4200,#4201);
#3729=AXIS2_PLACEMENT_3D('',#5408,#4203,#4204);
#3730=AXIS2_PLACEMENT_3D('',#5437,#4207,#4208);
#3731=AXIS2_PLACEMENT_3D('',#5440,#4210,#4211);
#3732=AXIS2_PLACEMENT_3D('',#5445,#4213,#4214);
#3733=AXIS2_PLACEMENT_3D('',#5453,#4218,#4219);
#3734=AXIS2_PLACEMENT_3D('',#5456,#4221,#4222);
#3735=AXIS2_PLACEMENT_3D('',#5457,#4223,#4224);
#3736=AXIS2_PLACEMENT_3D('',#5463,#4228,#4229);
#3737=AXIS2_PLACEMENT_3D('',#5490,#4244,#4245);
#3738=AXIS2_PLACEMENT_3D('',#5502,#4252,#4253);
#3739=AXIS2_PLACEMENT_3D('',#5514,#4260,#4261);
#3740=AXIS2_PLACEMENT_3D('',#5586,#4263,#4264);
#3741=AXIS2_PLACEMENT_3D('',#5658,#4266,#4267);
#3742=AXIS2_PLACEMENT_3D('',#5741,#4269,#4270);
#3743=AXIS2_PLACEMENT_3D('',#5743,#4271,#4272);
#3744=AXIS2_PLACEMENT_3D('',#5745,#4273,#4274);
#3745=AXIS2_PLACEMENT_3D('',#5746,#4275,#4276);
#3746=AXIS2_PLACEMENT_3D('',#5747,#4277,#4278);
#3747=AXIS2_PLACEMENT_3D('',#5760,#4279,#4280);
#3748=AXIS2_PLACEMENT_3D('',#5761,#4281,#4282);
#3749=AXIS2_PLACEMENT_3D('',#5762,#4283,#4284);
#3750=AXIS2_PLACEMENT_3D('',#5765,#4285,#4286);
#3751=AXIS2_PLACEMENT_3D('',#5766,#4287,#4288);
#3752=AXIS2_PLACEMENT_3D('',#5767,#4289,#4290);
#3753=AXIS2_PLACEMENT_3D('',#5841,#4291,#4292);
#3754=AXIS2_PLACEMENT_3D('',#5845,#4294,#4295);
#3755=AXIS2_PLACEMENT_3D('',#5847,#4297,#4298);
#3756=AXIS2_PLACEMENT_3D('',#5850,#4300,#4301);
#3757=AXIS2_PLACEMENT_3D('',#5851,#4302,#4303);
#3758=AXIS2_PLACEMENT_3D('',#5854,#4305,#4306);
#3759=AXIS2_PLACEMENT_3D('',#5855,#4307,#4308);
#3760=AXIS2_PLACEMENT_3D('',#5858,#4309,#4310);
#3761=AXIS2_PLACEMENT_3D('',#5860,#4311,#4312);
#3762=AXIS2_PLACEMENT_3D('',#5872,#4313,#4314);
#3763=AXIS2_PLACEMENT_3D('',#5884,#4315,#4316);
#3764=AXIS2_PLACEMENT_3D('',#5885,#4317,#4318);
#3765=AXIS2_PLACEMENT_3D('',#5886,#4319,#4320);
#3766=AXIS2_PLACEMENT_3D('',#5887,#4321,#4322);
#3767=AXIS2_PLACEMENT_3D('',#5890,#4323,#4324);
#3768=AXIS2_PLACEMENT_3D('',#5891,#4325,#4326);
#3769=AXIS2_PLACEMENT_3D('',#5892,#4327,#4328);
#3770=AXIS2_PLACEMENT_3D('',#5951,#4329,#4330);
#3771=AXIS2_PLACEMENT_3D('',#5955,#4332,#4333);
#3772=AXIS2_PLACEMENT_3D('',#5958,#4335,#4336);
#3773=AXIS2_PLACEMENT_3D('',#5959,#4337,#4338);
#3774=AXIS2_PLACEMENT_3D('',#5968,#4340,#4341);
#3775=AXIS2_PLACEMENT_3D('',#5969,#4342,#4343);
#3776=AXIS2_PLACEMENT_3D('',#5970,#4344,#4345);
#3777=AXIS2_PLACEMENT_3D('',#5974,#4347,#4348);
#3778=AXIS2_PLACEMENT_3D('',#5976,#4350,#4351);
#3779=AXIS2_PLACEMENT_3D('',#5978,#4352,#4353);
#3780=AXIS2_PLACEMENT_3D('',#5980,#4355,#4356);
#3781=AXIS2_PLACEMENT_3D('',#5981,#4357,#4358);
#3782=AXIS2_PLACEMENT_3D('',#5982,#4359,#4360);
#3783=AXIS2_PLACEMENT_3D('',#5985,#4363,#4364);
#3784=AXIS2_PLACEMENT_3D('',#5990,#4366,#4367);
#3785=AXIS2_PLACEMENT_3D('',#5994,#4370,#4371);
#3786=AXIS2_PLACEMENT_3D('',#5995,#4372,#4373);
#3787=AXIS2_PLACEMENT_3D('',#5996,#4374,#4375);
#3788=AXIS2_PLACEMENT_3D('',#6005,#4376,#4377);
#3789=AXIS2_PLACEMENT_3D('',#6009,#4379,#4380);
#3790=AXIS2_PLACEMENT_3D('',#6011,#4381,#4382);
#3791=AXIS2_PLACEMENT_3D('',#6013,#4383,#4384);
#3792=AXIS2_PLACEMENT_3D('',#6017,#4386,#4387);
#3793=AXIS2_PLACEMENT_3D('',#6033,#4388,#4389);
#3794=AXIS2_PLACEMENT_3D('',#6037,#4391,#4392);
#3795=AXIS2_PLACEMENT_3D('',#6039,#4393,#4394);
#3796=AXIS2_PLACEMENT_3D('',#6041,#4395,#4396);
#3797=AXIS2_PLACEMENT_3D('',#6043,#4398,#4399);
#3798=AXIS2_PLACEMENT_3D('',#6045,#4401,#4402);
#3799=AXIS2_PLACEMENT_3D('',#6066,#4405,#4406);
#3800=AXIS2_PLACEMENT_3D('',#6067,#4407,#4408);
#3801=AXIS2_PLACEMENT_3D('',#6070,#4410,#4411);
#3802=AXIS2_PLACEMENT_3D('',#6071,#4412,#4413);
#3803=AXIS2_PLACEMENT_3D('',#6091,#4416,#4417);
#3804=AXIS2_PLACEMENT_3D('',#6093,#4418,#4419);
#3805=AXIS2_PLACEMENT_3D('',#6095,#4421,#4422);
#3806=AXIS2_PLACEMENT_3D('',#6096,#4423,#4424);
#3807=AXIS2_PLACEMENT_3D('',#6097,#4425,#4426);
#3808=AXIS2_PLACEMENT_3D('',#6098,#4427,#4428);
#3809=AXIS2_PLACEMENT_3D('',#6099,#4429,#4430);
#3810=AXIS2_PLACEMENT_3D('',#6107,#4432,#4433);
#3811=AXIS2_PLACEMENT_3D('',#6114,#4435,#4436);
#3812=AXIS2_PLACEMENT_3D('',#6115,#4437,#4438);
#3813=AXIS2_PLACEMENT_3D('',#6123,#4440,#4441);
#3814=AXIS2_PLACEMENT_3D('',#6129,#4443,#4444);
#3815=AXIS2_PLACEMENT_3D('',#6132,#4447,#4448);
#3816=AXIS2_PLACEMENT_3D('',#6134,#4450,#4451);
#3817=AXIS2_PLACEMENT_3D('',#6136,#4453,#4454);
#3818=AXIS2_PLACEMENT_3D('',#6138,#4456,#4457);
#3819=AXIS2_PLACEMENT_3D('',#6139,#4458,#4459);
#3820=AXIS2_PLACEMENT_3D('',#6140,#4460,#4461);
#3821=AXIS2_PLACEMENT_3D('',#6142,#4463,#4464);
#3822=AXIS2_PLACEMENT_3D('',#6144,#4466,#4467);
#3823=AXIS2_PLACEMENT_3D('',#6145,#4468,#4469);
#3824=AXIS2_PLACEMENT_3D('',#6148,#4472,#4473);
#3825=AXIS2_PLACEMENT_3D('',#6149,#4474,#4475);
#3826=AXIS2_PLACEMENT_3D('',#6150,#4476,#4477);
#3827=AXIS2_PLACEMENT_3D('',#6153,#4480,#4481);
#3828=AXIS2_PLACEMENT_3D('',#6156,#4483,#4484);
#3829=AXIS2_PLACEMENT_3D('',#6157,#4485,#4486);
#3830=AXIS2_PLACEMENT_3D('',#6158,#4487,#4488);
#3831=AXIS2_PLACEMENT_3D('',#6161,#4491,#4492);
#3832=AXIS2_PLACEMENT_3D('',#6164,#4494,#4495);
#3833=AXIS2_PLACEMENT_3D('',#6165,#4496,#4497);
#3834=AXIS2_PLACEMENT_3D('',#6166,#4498,#4499);
#3835=AXIS2_PLACEMENT_3D('',#6170,#4501,#4502);
#3836=AXIS2_PLACEMENT_3D('',#6171,#4503,#4504);
#3837=AXIS2_PLACEMENT_3D('',#6177,#4508,#4509);
#3838=AXIS2_PLACEMENT_3D('',#6186,#4514,#4515);
#3839=AXIS2_PLACEMENT_3D('',#6192,#4519,#4520);
#3840=AXIS2_PLACEMENT_3D('',#6194,#4521,#4522);
#3841=AXIS2_PLACEMENT_3D('',#6196,#4523,#4524);
#3842=AXIS2_PLACEMENT_3D('',#6197,#4525,#4526);
#3843=AXIS2_PLACEMENT_3D('',#6198,#4527,#4528);
#3844=AXIS2_PLACEMENT_3D('',#6200,#4530,#4531);
#3845=AXIS2_PLACEMENT_3D('',#6209,#4536,#4537);
#3846=AXIS2_PLACEMENT_3D('',#6210,#4538,#4539);
#3847=AXIS2_PLACEMENT_3D('',#6211,#4540,#4541);
#3848=AXIS2_PLACEMENT_3D('',#6212,#4542,#4543);
#3849=AXIS2_PLACEMENT_3D('',#6213,#4544,#4545);
#3850=AXIS2_PLACEMENT_3D('',#6216,#4548,#4549);
#3851=AXIS2_PLACEMENT_3D('',#6218,#4550,#4551);
#3852=AXIS2_PLACEMENT_3D('',#6228,#4557,#4558);
#3853=AXIS2_PLACEMENT_3D('',#6230,#4559,#4560);
#3854=AXIS2_PLACEMENT_3D('',#6232,#4562,#4563);
#3855=AXIS2_PLACEMENT_3D('',#6234,#4564,#4565);
#3856=AXIS2_PLACEMENT_3D('',#6236,#4567,#4568);
#3857=AXIS2_PLACEMENT_3D('',#6238,#4569,#4570);
#3858=AXIS2_PLACEMENT_3D('',#6249,#4577,#4578);
#3859=AXIS2_PLACEMENT_3D('',#6260,#4585,#4586);
#3860=AXIS2_PLACEMENT_3D('',#6261,#4587,#4588);
#3861=AXIS2_PLACEMENT_3D('',#6263,#4590,#4591);
#3862=AXIS2_PLACEMENT_3D('',#6265,#4592,#4593);
#3863=AXIS2_PLACEMENT_3D('',#6268,#4595,#4596);
#3864=AXIS2_PLACEMENT_3D('',#6269,#4597,#4598);
#3865=AXIS2_PLACEMENT_3D('',#6271,#4600,#4601);
#3866=AXIS2_PLACEMENT_3D('',#6274,#4603,#4604);
#3867=AXIS2_PLACEMENT_3D('',#6275,#4605,#4606);
#3868=AXIS2_PLACEMENT_3D('',#6278,#4607,#4608);
#3869=AXIS2_PLACEMENT_3D('',#6282,#4610,#4611);
#3870=AXIS2_PLACEMENT_3D('',#6401,#4614,#4615);
#3871=AXIS2_PLACEMENT_3D('',#6404,#4617,#4618);
#3872=AXIS2_PLACEMENT_3D('',#6410,#4622,#4623);
#3873=AXIS2_PLACEMENT_3D('',#6416,#4626,#4627);
#3874=AXIS2_PLACEMENT_3D('',#6418,#4628,#4629);
#3875=AXIS2_PLACEMENT_3D('',#6420,#4630,#4631);
#3876=AXIS2_PLACEMENT_3D('',#6422,#4632,#4633);
#3877=AXIS2_PLACEMENT_3D('',#6424,#4635,#4636);
#3878=AXIS2_PLACEMENT_3D('',#6426,#4638,#4639);
#3879=AXIS2_PLACEMENT_3D('',#6428,#4641,#4642);
#3880=AXIS2_PLACEMENT_3D('',#6430,#4644,#4645);
#3881=AXIS2_PLACEMENT_3D('',#6432,#4647,#4648);
#3882=AXIS2_PLACEMENT_3D('',#6438,#4652,#4653);
#3883=AXIS2_PLACEMENT_3D('',#6440,#4655,#4656);
#3884=AXIS2_PLACEMENT_3D('',#6442,#4657,#4658);
#3885=AXIS2_PLACEMENT_3D('',#6444,#4660,#4661);
#3886=AXIS2_PLACEMENT_3D('',#6448,#4664,#4665);
#3887=AXIS2_PLACEMENT_3D('',#6456,#4670,#4671);
#3888=AXIS2_PLACEMENT_3D('',#6462,#4675,#4676);
#3889=AXIS2_PLACEMENT_3D('',#6464,#4677,#4678);
#3890=AXIS2_PLACEMENT_3D('',#6466,#4680,#4681);
#3891=AXIS2_PLACEMENT_3D('',#6480,#4684,#4685);
#3892=AXIS2_PLACEMENT_3D('',#6489,#4686,#4687);
#3893=AXIS2_PLACEMENT_3D('',#6493,#4689,#4690);
#3894=AXIS2_PLACEMENT_3D('',#6526,#4692,#4693);
#3895=AXIS2_PLACEMENT_3D('',#6528,#4695,#4696);
#3896=AXIS2_PLACEMENT_3D('',#6530,#4697,#4698);
#3897=AXIS2_PLACEMENT_3D('',#6532,#4700,#4701);
#3898=AXIS2_PLACEMENT_3D('',#6535,#4703,#4704);
#3899=AXIS2_PLACEMENT_3D('',#6536,#4705,#4706);
#3900=AXIS2_PLACEMENT_3D('',#6540,#4709,#4710);
#3901=AXIS2_PLACEMENT_3D('',#6542,#4711,#4712);
#3902=AXIS2_PLACEMENT_3D('',#6544,#4713,#4714);
#3903=AXIS2_PLACEMENT_3D('',#6546,#4716,#4717);
#3904=AXIS2_PLACEMENT_3D('',#6548,#4718,#4719);
#3905=AXIS2_PLACEMENT_3D('',#6550,#4720,#4721);
#3906=AXIS2_PLACEMENT_3D('',#6552,#4723,#4724);
#3907=AXIS2_PLACEMENT_3D('',#6555,#4725,#4726);
#3908=AXIS2_PLACEMENT_3D('',#6559,#4728,#4729);
#3909=AXIS2_PLACEMENT_3D('',#6561,#4731,#4732);
#3910=AXIS2_PLACEMENT_3D('',#6564,#4735,#4736);
#3911=AXIS2_PLACEMENT_3D('',#6568,#4738,#4739);
#3912=AXIS2_PLACEMENT_3D('',#6571,#4741,#4742);
#3913=AXIS2_PLACEMENT_3D('',#6573,#4743,#4744);
#3914=AXIS2_PLACEMENT_3D('',#6574,#4745,#4746);
#3915=AXIS2_PLACEMENT_3D('',#6578,#4748,#4749);
#3916=AXIS2_PLACEMENT_3D('',#6580,#4751,#4752);
#3917=AXIS2_PLACEMENT_3D('',#6582,#4754,#4755);
#3918=AXIS2_PLACEMENT_3D('',#6586,#4758,#4759);
#3919=AXIS2_PLACEMENT_3D('',#6590,#4762,#4763);
#3920=AXIS2_PLACEMENT_3D('',#6594,#4766,#4767);
#3921=AXIS2_PLACEMENT_3D('',#6597,#4769,#4770);
#3922=AXIS2_PLACEMENT_3D('',#6598,#4771,#4772);
#3923=AXIS2_PLACEMENT_3D('',#6601,#4774,#4775);
#3924=AXIS2_PLACEMENT_3D('',#6602,#4776,#4777);
#3925=AXIS2_PLACEMENT_3D('',#6604,#4779,#4780);
#3926=AXIS2_PLACEMENT_3D('',#6605,#4781,#4782);
#3927=AXIS2_PLACEMENT_3D('',#6607,#4784,#4785);
#3928=AXIS2_PLACEMENT_3D('',#6608,#4786,#4787);
#3929=AXIS2_PLACEMENT_3D('',#6650,#4788,#4789);
#3930=AXIS2_PLACEMENT_3D('',#6676,#4790,#4791);
#3931=AXIS2_PLACEMENT_3D('',#6717,#4792,#4793);
#3932=AXIS2_PLACEMENT_3D('',#6738,#4794,#4795);
#3933=AXIS2_PLACEMENT_3D('',#6767,#4796,#4797);
#3934=AXIS2_PLACEMENT_3D('',#6769,#4798,#4799);
#3935=AXIS2_PLACEMENT_3D('',#6771,#4800,#4801);
#3936=AXIS2_PLACEMENT_3D('',#6814,#4802,#4803);
#3937=AXIS2_PLACEMENT_3D('',#6818,#4805,#4806);
#3938=AXIS2_PLACEMENT_3D('',#6820,#4807,#4808);
#3939=AXIS2_PLACEMENT_3D('',#6824,#4810,#4811);
#3940=AXIS2_PLACEMENT_3D('',#6825,#4812,#4813);
#3941=AXIS2_PLACEMENT_3D('',#6830,#4815,#4816);
#3942=AXIS2_PLACEMENT_3D('',#6831,#4817,#4818);
#3943=AXIS2_PLACEMENT_3D('',#6832,#4819,#4820);
#3944=AXIS2_PLACEMENT_3D('',#6833,#4821,#4822);
#3945=AXIS2_PLACEMENT_3D('',#6834,#4823,#4824);
#3946=AXIS2_PLACEMENT_3D('',#6836,#4825,#4826);
#3947=AXIS2_PLACEMENT_3D('',#6838,#4827,#4828);
#3948=AXIS2_PLACEMENT_3D('',#6842,#4830,#4831);
#3949=AXIS2_PLACEMENT_3D('',#6844,#4832,#4833);
#3950=AXIS2_PLACEMENT_3D('',#6848,#4835,#4836);
#3951=AXIS2_PLACEMENT_3D('',#6891,#4837,#4838);
#3952=AXIS2_PLACEMENT_3D('',#6893,#4839,#4840);
#3953=AXIS2_PLACEMENT_3D('',#6894,#4841,#4842);
#3954=AXIS2_PLACEMENT_3D('',#6899,#4844,#4845);
#3955=AXIS2_PLACEMENT_3D('',#6900,#4846,#4847);
#3956=AXIS2_PLACEMENT_3D('',#6901,#4848,#4849);
#3957=AXIS2_PLACEMENT_3D('',#6903,#4850,#4851);
#3958=AXIS2_PLACEMENT_3D('',#6905,#4852,#4853);
#3959=AXIS2_PLACEMENT_3D('',#6906,#4854,#4855);
#3960=AXIS2_PLACEMENT_3D('',#6928,#4856,#4857);
#3961=AXIS2_PLACEMENT_3D('',#6929,#4858,#4859);
#3962=AXIS2_PLACEMENT_3D('',#6930,#4860,#4861);
#3963=AXIS2_PLACEMENT_3D('',#6931,#4862,#4863);
#3964=AXIS2_PLACEMENT_3D('',#6967,#4864,#4865);
#3965=AXIS2_PLACEMENT_3D('',#6968,#4866,#4867);
#3966=AXIS2_PLACEMENT_3D('',#6990,#4868,#4869);
#3967=AXIS2_PLACEMENT_3D('',#6991,#4870,#4871);
#3968=AXIS2_PLACEMENT_3D('',#7037,#4872,#4873);
#3969=AXIS2_PLACEMENT_3D('',#7038,#4874,#4875);
#3970=AXIS2_PLACEMENT_3D('',#7041,#4877,#4878);
#3971=AXIS2_PLACEMENT_3D('',#7042,#4879,#4880);
#3972=AXIS2_PLACEMENT_3D('',#7114,#4882,#4883);
#3973=AXIS2_PLACEMENT_3D('',#7117,#4886,#4887);
#3974=AXIS2_PLACEMENT_3D('',#7121,#4889,#4890);
#3975=AXIS2_PLACEMENT_3D('',#7123,#4892,#4893);
#3976=AXIS2_PLACEMENT_3D('',#7127,#4896,#4897);
#3977=AXIS2_PLACEMENT_3D('',#7128,#4898,#4899);
#3978=AXIS2_PLACEMENT_3D('',#7129,#4900,#4901);
#3979=AXIS2_PLACEMENT_3D('',#7130,#4902,#4903);
#3980=AXIS2_PLACEMENT_3D('',#7133,#4906,#4907);
#3981=AXIS2_PLACEMENT_3D('',#7135,#4909,#4910);
#3982=AXIS2_PLACEMENT_3D('',#7137,#4912,#4913);
#3983=AXIS2_PLACEMENT_3D('',#7139,#4915,#4916);
#3984=AXIS2_PLACEMENT_3D('',#7140,#4917,#4918);
#3985=AXIS2_PLACEMENT_3D('',#7144,#4920,#4921);
#3986=AXIS2_PLACEMENT_3D('',#7146,#4923,#4924);
#3987=AXIS2_PLACEMENT_3D('',#7150,#4927,#4928);
#3988=AXIS2_PLACEMENT_3D('',#7151,#4929,#4930);
#3989=AXIS2_PLACEMENT_3D('',#7152,#4931,#4932);
#3990=AXIS2_PLACEMENT_3D('',#7154,#4934,#4935);
#3991=AXIS2_PLACEMENT_3D('',#7156,#4937,#4938);
#3992=AXIS2_PLACEMENT_3D('',#7158,#4940,#4941);
#3993=AXIS2_PLACEMENT_3D('',#7160,#4943,#4944);
#3994=AXIS2_PLACEMENT_3D('',#7161,#4945,#4946);
#3995=AXIS2_PLACEMENT_3D('',#7163,#4948,#4949);
#3996=AXIS2_PLACEMENT_3D('',#7165,#4951,#4952);
#3997=AXIS2_PLACEMENT_3D('',#7166,#4953,#4954);
#3998=AXIS2_PLACEMENT_3D('',#7167,#4955,#4956);
#3999=AXIS2_PLACEMENT_3D('',#7170,#4959,#4960);
#4000=AXIS2_PLACEMENT_3D('',#7172,#4962,#4963);
#4001=AXIS2_PLACEMENT_3D('',#7176,#4966,#4967);
#4002=AXIS2_PLACEMENT_3D('',#7180,#4970,#4971);
#4003=AXIS2_PLACEMENT_3D('',#7182,#4972,#4973);
#4004=AXIS2_PLACEMENT_3D('',#7184,#4975,#4976);
#4005=AXIS2_PLACEMENT_3D('',#7188,#4979,#4980);
#4006=AXIS2_PLACEMENT_3D('',#7192,#4983,#4984);
#4007=AXIS2_PLACEMENT_3D('',#7194,#4986,#4987);
#4008=AXIS2_PLACEMENT_3D('',#7196,#4989,#4990);
#4009=AXIS2_PLACEMENT_3D('',#7200,#4993,#4994);
#4010=AXIS2_PLACEMENT_3D('',#7202,#4995,#4996);
#4011=AXIS2_PLACEMENT_3D('',#7204,#4998,#4999);
#4012=AXIS2_PLACEMENT_3D('',#7206,#5001,#5002);
#4013=AXIS2_PLACEMENT_3D('',#7210,#5005,#5006);
#4014=AXIS2_PLACEMENT_3D('',#7212,#5008,#5009);
#4015=AXIS2_PLACEMENT_3D('',#7213,#5010,#5011);
#4016=AXIS2_PLACEMENT_3D('',#7214,#5012,#5013);
#4017=AXIS2_PLACEMENT_3D('',#7215,#5014,#5015);
#4018=DIRECTION('axis',(0.,0.,1.));
#4019=DIRECTION('refdir',(1.,0.,0.));
#4020=DIRECTION('axis',(0.,0.,1.));
#4021=DIRECTION('refdir',(1.,0.,0.));
#4022=DIRECTION('center_axis',(0.,-1.,0.));
#4023=DIRECTION('ref_axis',(-1.,0.,0.));
#4024=DIRECTION('center_axis',(0.,1.,0.));
#4025=DIRECTION('ref_axis',(-1.,0.,0.));
#4026=DIRECTION('',(0.,-1.,0.));
#4027=DIRECTION('center_axis',(0.,-1.,0.));
#4028=DIRECTION('ref_axis',(-1.,0.,0.));
#4029=DIRECTION('',(0.,1.,0.));
#4030=DIRECTION('center_axis',(1.,0.,0.));
#4031=DIRECTION('ref_axis',(0.,0.,1.));
#4032=DIRECTION('',(0.,0.,-1.));
#4033=DIRECTION('',(0.,-1.,0.));
#4034=DIRECTION('',(0.,0.,1.));
#4035=DIRECTION('center_axis',(-1.,0.,0.));
#4036=DIRECTION('ref_axis',(0.,0.,-1.));
#4037=DIRECTION('',(0.,0.,1.));
#4038=DIRECTION('',(0.,0.,-1.));
#4039=DIRECTION('',(0.,-1.,0.));
#4040=DIRECTION('center_axis',(0.,-1.,0.));
#4041=DIRECTION('ref_axis',(1.,0.,0.));
#4042=DIRECTION('center_axis',(0.,1.,0.));
#4043=DIRECTION('ref_axis',(1.,0.,0.));
#4044=DIRECTION('center_axis',(0.,-1.,0.));
#4045=DIRECTION('ref_axis',(1.,0.,0.));
#4046=DIRECTION('center_axis',(0.,-1.,0.));
#4047=DIRECTION('ref_axis',(1.,0.,0.));
#4048=DIRECTION('center_axis',(0.,1.,0.));
#4049=DIRECTION('ref_axis',(1.,0.,0.));
#4050=DIRECTION('',(-1.,0.,0.));
#4051=DIRECTION('',(0.,0.,1.));
#4052=DIRECTION('',(1.,0.,0.));
#4053=DIRECTION('center_axis',(0.,-1.,0.));
#4054=DIRECTION('ref_axis',(1.,0.,0.));
#4055=DIRECTION('',(-1.,0.,0.));
#4056=DIRECTION('',(0.,0.,-1.));
#4057=DIRECTION('',(-1.,0.,0.));
#4058=DIRECTION('',(0.,0.,-1.));
#4059=DIRECTION('',(1.,0.,0.));
#4060=DIRECTION('',(0.,0.,1.));
#4061=DIRECTION('',(1.,0.,0.));
#4062=DIRECTION('',(0.,0.,-1.));
#4063=DIRECTION('',(-1.,0.,0.));
#4064=DIRECTION('',(0.,0.,1.));
#4065=DIRECTION('center_axis',(0.,1.,0.));
#4066=DIRECTION('ref_axis',(1.,0.,0.));
#4067=DIRECTION('',(-1.,0.,0.));
#4068=DIRECTION('',(0.,0.,-1.));
#4069=DIRECTION('',(-1.,0.,0.));
#4070=DIRECTION('',(0.,0.,1.));
#4071=DIRECTION('',(-1.,0.,0.));
#4072=DIRECTION('center_axis',(0.,1.,0.));
#4073=DIRECTION('ref_axis',(1.,0.,0.));
#4074=DIRECTION('',(-1.,0.,0.));
#4075=DIRECTION('',(-1.,0.,0.));
#4076=DIRECTION('',(-0.182658346011285,0.688751254464224,0.701610745432522));
#4077=DIRECTION('',(-0.182658346011284,-0.688751254464224,-0.701610745432523));
#4078=DIRECTION('center_axis',(0.,1.,0.));
#4079=DIRECTION('ref_axis',(-1.07187543957223E-15,0.,-1.));
#4080=DIRECTION('',(0.700345915035656,-0.499999999999999,-0.509426735942343));
#4081=DIRECTION('center_axis',(0.,-1.,0.));
#4082=DIRECTION('ref_axis',(1.,0.,0.));
#4083=DIRECTION('center_axis',(0.,-1.,0.));
#4084=DIRECTION('ref_axis',(1.,0.,0.));
#4085=DIRECTION('',(0.700345915035656,0.499999999999999,0.509426735942343));
#4086=DIRECTION('center_axis',(1.,0.,0.));
#4087=DIRECTION('ref_axis',(0.,-0.707106781186548,0.707106781186547));
#4088=DIRECTION('center_axis',(-0.965925826289068,0.258819045102521,0.));
#4089=DIRECTION('ref_axis',(-0.258819045102521,-0.965925826289068,-6.70245682766377E-16));
#4090=DIRECTION('center_axis',(-1.,0.,0.));
#4091=DIRECTION('ref_axis',(0.,-0.707106781186548,0.707106781186547));
#4092=DIRECTION('',(-1.,0.,0.));
#4093=DIRECTION('center_axis',(1.,0.,0.));
#4094=DIRECTION('ref_axis',(0.,-0.707106781186548,0.707106781186547));
#4095=DIRECTION('center_axis',(0.965925826289068,0.258819045102521,0.));
#4096=DIRECTION('ref_axis',(0.258819045102521,-0.965925826289068,-6.70245682766377E-16));
#4097=DIRECTION('center_axis',(0.,1.,0.));
#4098=DIRECTION('ref_axis',(1.,0.,0.));
#4099=DIRECTION('center_axis',(0.,1.,0.));
#4100=DIRECTION('ref_axis',(1.,0.,0.));
#4101=DIRECTION('',(0.,1.,0.));
#4102=DIRECTION('',(-0.182658346011285,0.688751254464224,0.701610745432522));
#4103=DIRECTION('',(-0.182658346011285,-0.688751254464223,-0.701610745432523));
#4104=DIRECTION('center_axis',(0.,1.,0.));
#4105=DIRECTION('ref_axis',(-1.83697019872103E-16,0.,-1.));
#4106=DIRECTION('',(0.700345915035656,-0.499999999999999,-0.509426735942343));
#4107=DIRECTION('center_axis',(0.,-1.,0.));
#4108=DIRECTION('ref_axis',(1.,0.,0.));
#4109=DIRECTION('center_axis',(0.,-1.,0.));
#4110=DIRECTION('ref_axis',(1.,0.,0.));
#4111=DIRECTION('',(0.700345915035656,0.499999999999999,0.509426735942343));
#4112=DIRECTION('center_axis',(0.,1.,0.));
#4113=DIRECTION('ref_axis',(1.,0.,0.));
#4114=DIRECTION('center_axis',(0.,1.,0.));
#4115=DIRECTION('ref_axis',(1.,0.,0.));
#4116=DIRECTION('',(0.,1.,0.));
#4117=DIRECTION('center_axis',(-1.,0.,0.));
#4118=DIRECTION('ref_axis',(0.,-0.130526192220052,-0.99144486137381));
#4119=DIRECTION('center_axis',(-1.,0.,0.));
#4120=DIRECTION('ref_axis',(0.,-0.130526192220052,-0.99144486137381));
#4121=DIRECTION('',(-1.,0.,0.));
#4122=DIRECTION('center_axis',(-1.,0.,0.));
#4123=DIRECTION('ref_axis',(0.,-0.130526192220052,-0.99144486137381));
#4124=DIRECTION('',(1.,0.,0.));
#4125=DIRECTION('center_axis',(-1.,0.,0.));
#4126=DIRECTION('ref_axis',(0.,0.,-1.));
#4127=DIRECTION('',(0.,-0.965925826289068,0.25881904510252));
#4128=DIRECTION('center_axis',(-1.,0.,0.));
#4129=DIRECTION('ref_axis',(0.,-0.793353340291235,-0.608761429008721));
#4130=DIRECTION('',(0.,0.,-1.));
#4131=DIRECTION('',(0.,1.,0.));
#4132=DIRECTION('',(0.,0.,1.));
#4133=DIRECTION('',(0.,1.,-4.03717457484198E-16));
#4134=DIRECTION('center_axis',(0.,0.25881904510252,0.965925826289068));
#4135=DIRECTION('ref_axis',(1.,0.,0.));
#4136=DIRECTION('',(0.,-0.965925826289068,0.25881904510252));
#4137=DIRECTION('',(-1.,0.,0.));
#4138=DIRECTION('center_axis',(1.,0.,0.));
#4139=DIRECTION('ref_axis',(0.,-0.130526192220052,0.99144486137381));
#4140=DIRECTION('center_axis',(1.,0.,4.30319009700981E-17));
#4141=DIRECTION('ref_axis',(0.,-0.130526192220052,0.99144486137381));
#4142=DIRECTION('',(1.,0.,0.));
#4143=DIRECTION('center_axis',(1.,0.,-1.45336732054757E-15));
#4144=DIRECTION('ref_axis',(0.,-0.130526192220052,0.99144486137381));
#4145=DIRECTION('',(-1.,0.,0.));
#4146=DIRECTION('center_axis',(0.,0.258819045102521,-0.965925826289068));
#4147=DIRECTION('ref_axis',(-1.,0.,0.));
#4148=DIRECTION('',(-3.76159142087331E-16,-0.965925826289068,-0.258819045102521));
#4149=DIRECTION('',(1.,0.,0.));
#4150=DIRECTION('',(1.1137475518027E-17,-0.965925826289068,-0.258819045102521));
#4151=DIRECTION('center_axis',(-1.,0.,0.));
#4152=DIRECTION('ref_axis',(0.,-0.130526192220052,-0.99144486137381));
#4153=DIRECTION('center_axis',(1.,0.,4.30319009700981E-17));
#4154=DIRECTION('ref_axis',(0.,-0.130526192220052,-0.99144486137381));
#4155=DIRECTION('',(1.,0.,0.));
#4156=DIRECTION('center_axis',(1.,0.,-1.45336732054757E-15));
#4157=DIRECTION('ref_axis',(0.,-0.130526192220052,-0.99144486137381));
#4158=DIRECTION('',(-1.,0.,0.));
#4159=DIRECTION('center_axis',(0.,0.25881904510252,0.965925826289068));
#4160=DIRECTION('ref_axis',(1.,0.,0.));
#4161=DIRECTION('',(1.1137475518027E-17,0.965925826289068,-0.25881904510252));
#4162=DIRECTION('',(-1.,0.,0.));
#4163=DIRECTION('',(-3.76159142087331E-16,0.965925826289068,-0.25881904510252));
#4164=DIRECTION('center_axis',(-1.,0.,0.));
#4165=DIRECTION('ref_axis',(0.,-0.793353340291235,0.608761429008721));
#4166=DIRECTION('center_axis',(1.,0.,4.30319009700981E-17));
#4167=DIRECTION('ref_axis',(0.,-0.793353340291235,0.608761429008721));
#4168=DIRECTION('center_axis',(1.,0.,-1.45336732054757E-15));
#4169=DIRECTION('ref_axis',(0.,-0.793353340291235,0.608761429008721));
#4170=DIRECTION('center_axis',(1.,0.,0.));
#4171=DIRECTION('ref_axis',(0.,-0.793353340291235,-0.608761429008721));
#4172=DIRECTION('center_axis',(-1.,0.,0.));
#4173=DIRECTION('ref_axis',(0.,-0.793353340291235,-0.608761429008721));
#4174=DIRECTION('',(1.,0.,0.));
#4175=DIRECTION('center_axis',(0.,1.,0.));
#4176=DIRECTION('ref_axis',(1.,0.,0.));
#4177=DIRECTION('',(0.,0.,-1.));
#4178=DIRECTION('',(-1.,0.,0.));
#4179=DIRECTION('center_axis',(0.,-1.,0.));
#4180=DIRECTION('ref_axis',(1.,0.,0.));
#4181=DIRECTION('',(1.,0.,0.));
#4182=DIRECTION('',(0.,0.,1.));
#4183=DIRECTION('',(1.,0.,0.));
#4184=DIRECTION('',(4.30319009700981E-17,0.,1.));
#4185=DIRECTION('center_axis',(0.,-1.,0.));
#4186=DIRECTION('ref_axis',(-1.,0.,0.));
#4187=DIRECTION('center_axis',(1.,0.,0.));
#4188=DIRECTION('ref_axis',(0.,-0.793353340291235,-0.608761429008721));
#4189=DIRECTION('center_axis',(1.,0.,4.30319009700981E-17));
#4190=DIRECTION('ref_axis',(0.,-0.793353340291235,-0.608761429008721));
#4191=DIRECTION('center_axis',(1.,0.,-1.45336732054757E-15));
#4192=DIRECTION('ref_axis',(0.,-0.793353340291235,-0.608761429008721));
#4193=DIRECTION('center_axis',(1.,0.,4.30319009700981E-17));
#4194=DIRECTION('ref_axis',(-4.30319009700981E-17,0.,1.));
#4195=DIRECTION('',(0.,-1.,4.03717457484198E-16));
#4196=DIRECTION('',(4.30319009700981E-17,0.,-1.));
#4197=DIRECTION('',(0.,-1.,0.));
#4198=DIRECTION('center_axis',(-1.,0.,0.));
#4199=DIRECTION('ref_axis',(0.,0.,1.));
#4200=DIRECTION('center_axis',(1.,0.,0.));
#4201=DIRECTION('ref_axis',(0.,0.,-1.));
#4202=DIRECTION('',(0.,1.,0.));
#4203=DIRECTION('center_axis',(-1.,0.,0.));
#4204=DIRECTION('ref_axis',(0.,-0.707106781186548,0.707106781186547));
#4205=DIRECTION('',(0.,0.,-1.));
#4206=DIRECTION('',(0.,-1.,0.));
#4207=DIRECTION('center_axis',(1.,0.,0.));
#4208=DIRECTION('ref_axis',(0.,1.,0.));
#4209=DIRECTION('',(0.,-1.,0.));
#4210=DIRECTION('center_axis',(1.,0.,0.));
#4211=DIRECTION('ref_axis',(0.,1.,4.03131405539667E-15));
#4212=DIRECTION('',(0.,0.994910412824715,-0.100763438076293));
#4213=DIRECTION('center_axis',(1.,0.,0.));
#4214=DIRECTION('ref_axis',(0.,0.827802363075592,0.561019828247153));
#4215=DIRECTION('',(0.,-0.602634572208207,-0.798017275739963));
#4216=DIRECTION('',(0.,0.,-1.));
#4217=DIRECTION('',(0.,0.602634572208207,-0.798017275739963));
#4218=DIRECTION('center_axis',(1.,0.,0.));
#4219=DIRECTION('ref_axis',(0.,-0.747981374310854,-0.663719717715276));
#4220=DIRECTION('',(0.,-0.994910412824715,-0.100763438076293));
#4221=DIRECTION('center_axis',(-1.,0.,0.));
#4222=DIRECTION('ref_axis',(0.,0.0178703395992834,-0.999840312731291));
#4223=DIRECTION('center_axis',(0.,0.258819045102521,-0.965925826289068));
#4224=DIRECTION('ref_axis',(-1.,0.,0.));
#4225=DIRECTION('',(0.,0.965925826289068,0.258819045102521));
#4226=DIRECTION('',(0.,0.965925826289068,0.258819045102521));
#4227=DIRECTION('',(1.,0.,0.));
#4228=DIRECTION('center_axis',(0.,0.,-1.));
#4229=DIRECTION('ref_axis',(0.,1.,0.));
#4230=DIRECTION('',(0.,1.,0.));
#4231=DIRECTION('',(1.,0.,0.));
#4232=DIRECTION('',(0.,1.,0.));
#4233=DIRECTION('',(0.,-1.,0.));
#4234=DIRECTION('',(-1.,0.,0.));
#4235=DIRECTION('',(0.,-1.,0.));
#4236=DIRECTION('',(-1.,0.,0.));
#4237=DIRECTION('',(0.,-1.,0.));
#4238=DIRECTION('',(1.,0.,0.));
#4239=DIRECTION('',(0.,1.,0.));
#4240=DIRECTION('',(1.,0.,0.));
#4241=DIRECTION('',(0.,1.,0.));
#4242=DIRECTION('',(1.,0.,0.));
#4243=DIRECTION('',(0.,1.,0.));
#4244=DIRECTION('center_axis',(0.,4.03717457484198E-16,1.));
#4245=DIRECTION('ref_axis',(0.,-1.,4.03717457484198E-16));
#4246=DIRECTION('',(0.,-1.,4.03717457484198E-16));
#4247=DIRECTION('',(1.,0.,0.));
#4248=DIRECTION('',(0.,-1.,3.70074336027182E-16));
#4249=DIRECTION('',(1.,0.,0.));
#4250=DIRECTION('',(0.,-1.,4.93432448036242E-16));
#4251=DIRECTION('',(1.,0.,0.));
#4252=DIRECTION('center_axis',(0.,4.03717457484198E-16,1.));
#4253=DIRECTION('ref_axis',(0.,1.,-4.03717457484198E-16));
#4254=DIRECTION('',(-1.,0.,0.));
#4255=DIRECTION('',(0.,1.,-4.93432448036242E-16));
#4256=DIRECTION('',(-1.,0.,0.));
#4257=DIRECTION('',(0.,1.,-3.70074336027182E-16));
#4258=DIRECTION('',(-1.,0.,0.));
#4259=DIRECTION('',(0.,1.,-4.03717457484198E-16));
#4260=DIRECTION('center_axis',(-0.737277336810124,0.,0.67559020761566));
#4261=DIRECTION('ref_axis',(-0.67559020761566,0.,-0.737277336810124));
#4262=DIRECTION('',(-0.737277336810124,0.,0.67559020761566));
#4263=DIRECTION('center_axis',(0.,0.,1.));
#4264=DIRECTION('ref_axis',(-1.,0.,0.));
#4265=DIRECTION('',(0.,0.,1.));
#4266=DIRECTION('center_axis',(0.737277336810124,0.,0.67559020761566));
#4267=DIRECTION('ref_axis',(-0.67559020761566,0.,0.737277336810124));
#4268=DIRECTION('',(0.737277336810124,0.,0.67559020761566));
#4269=DIRECTION('center_axis',(0.532100597130065,0.,-0.846681141005177));
#4270=DIRECTION('ref_axis',(0.846681141005177,0.,0.532100597130065));
#4271=DIRECTION('center_axis',(0.,1.,0.));
#4272=DIRECTION('ref_axis',(0.943465201832832,0.,-0.331471586912865));
#4273=DIRECTION('center_axis',(0.673637895556676,0.,0.739061557429402));
#4274=DIRECTION('ref_axis',(0.,-1.,0.));
#4275=DIRECTION('center_axis',(0.,-1.,0.));
#4276=DIRECTION('ref_axis',(0.943465201832832,0.,-0.331471586912865));
#4277=DIRECTION('center_axis',(0.,-1.,0.));
#4278=DIRECTION('ref_axis',(0.,0.,-1.));
#4279=DIRECTION('center_axis',(0.,1.,0.));
#4280=DIRECTION('ref_axis',(-0.954128101243731,0.,0.299398674708211));
#4281=DIRECTION('center_axis',(0.,-1.,0.));
#4282=DIRECTION('ref_axis',(-0.954128101243731,0.,0.299398674708211));
#4283=DIRECTION('center_axis',(0.,1.,0.));
#4284=DIRECTION('ref_axis',(-0.846681141005177,0.,-0.532100597130066));
#4285=DIRECTION('center_axis',(0.55857792857483,-1.47340281603966E-15,-0.829452046660355));
#4286=DIRECTION('ref_axis',(0.829452046660355,0.,0.55857792857483));
#4287=DIRECTION('center_axis',(0.,1.,0.));
#4288=DIRECTION('ref_axis',(-0.846681141005177,0.,-0.532100597130066));
#4289=DIRECTION('center_axis',(0.,-1.,0.));
#4290=DIRECTION('ref_axis',(-0.846681141005177,0.,-0.532100597130066));
#4291=DIRECTION('center_axis',(0.,1.,0.));
#4292=DIRECTION('ref_axis',(-0.846681141005176,0.,-0.532100597130066));
#4293=DIRECTION('',(0.,1.,0.));
#4294=DIRECTION('center_axis',(0.,-1.,0.));
#4295=DIRECTION('ref_axis',(-0.846681141005176,0.,-0.532100597130066));
#4296=DIRECTION('',(0.,-1.,0.));
#4297=DIRECTION('center_axis',(0.,-1.,0.));
#4298=DIRECTION('ref_axis',(-0.854936699529063,0.,0.518732339264048));
#4299=DIRECTION('',(0.,1.,0.));
#4300=DIRECTION('center_axis',(0.,1.,0.));
#4301=DIRECTION('ref_axis',(-0.854936699529063,0.,0.518732339264048));
#4302=DIRECTION('center_axis',(0.,1.,0.));
#4303=DIRECTION('ref_axis',(1.,0.,0.));
#4304=DIRECTION('',(0.669130606353443,0.,0.74314482548227));
#4305=DIRECTION('center_axis',(0.,-1.,0.));
#4306=DIRECTION('ref_axis',(-1.,0.,0.));
#4307=DIRECTION('center_axis',(0.,-1.,0.));
#4308=DIRECTION('ref_axis',(0.,0.,-1.));
#4309=DIRECTION('center_axis',(0.673637895321607,0.,-0.739061557643662));
#4310=DIRECTION('ref_axis',(0.,-1.,0.));
#4311=DIRECTION('center_axis',(0.,1.,0.));
#4312=DIRECTION('ref_axis',(0.954128101317225,0.,0.299398674473998));
#4313=DIRECTION('center_axis',(0.,-1.,0.));
#4314=DIRECTION('ref_axis',(0.954128101317225,0.,0.299398674473999));
#4315=DIRECTION('center_axis',(-0.532100597217917,0.,-0.846681140949966));
#4316=DIRECTION('ref_axis',(0.,-1.,0.));
#4317=DIRECTION('center_axis',(0.,-1.,0.));
#4318=DIRECTION('ref_axis',(-0.943465201902744,0.,-0.331471586713877));
#4319=DIRECTION('center_axis',(0.,1.,0.));
#4320=DIRECTION('ref_axis',(-0.943465201902744,0.,-0.331471586713877));
#4321=DIRECTION('center_axis',(0.,1.,0.));
#4322=DIRECTION('ref_axis',(0.846681140949965,0.,-0.532100597217918));
#4323=DIRECTION('center_axis',(-0.558577928436515,-9.92233723516227E-16,
-0.829452046753501));
#4324=DIRECTION('ref_axis',(1.77635683940025E-15,-1.,0.));
#4325=DIRECTION('center_axis',(0.,-1.,0.));
#4326=DIRECTION('ref_axis',(0.846681140949965,0.,-0.532100597217918));
#4327=DIRECTION('center_axis',(0.,1.,0.));
#4328=DIRECTION('ref_axis',(0.846681140949966,0.,-0.532100597217918));
#4329=DIRECTION('center_axis',(-0.477684286016401,-0.766044443118978,-0.430108863032996));
#4330=DIRECTION('ref_axis',(-0.669130606364273,0.,0.743144825472519));
#4331=DIRECTION('',(-0.669130606364273,0.,0.743144825472519));
#4332=DIRECTION('center_axis',(-0.477684286016401,-0.766044443118978,-0.430108863032996));
#4333=DIRECTION('ref_axis',(-0.569281963985846,0.642787609686539,-0.512583782726184));
#4334=DIRECTION('',(-0.669130606364273,0.,0.743144825472519));
#4335=DIRECTION('center_axis',(0.477684286016401,0.766044443118978,0.430108863032996));
#4336=DIRECTION('ref_axis',(-0.569281963985845,0.642787609686539,-0.512583782726184));
#4337=DIRECTION('center_axis',(0.669130606364273,0.,-0.743144825472519));
#4338=DIRECTION('ref_axis',(0.25417049971984,0.939692620785908,0.2288561458923));
#4339=DIRECTION('',(0.669130606364273,0.,-0.743144825472519));
#4340=DIRECTION('center_axis',(0.,1.,0.));
#4341=DIRECTION('ref_axis',(1.,0.,0.));
#4342=DIRECTION('center_axis',(0.,-1.,0.));
#4343=DIRECTION('ref_axis',(-1.,0.,0.));
#4344=DIRECTION('center_axis',(0.,1.,0.));
#4345=DIRECTION('ref_axis',(0.739061557643661,0.,0.673637895321608));
#4346=DIRECTION('',(0.,1.,0.));
#4347=DIRECTION('center_axis',(0.,-1.,0.));
#4348=DIRECTION('ref_axis',(0.739061557643661,0.,0.673637895321608));
#4349=DIRECTION('',(0.,-1.,0.));
#4350=DIRECTION('center_axis',(0.,1.,0.));
#4351=DIRECTION('ref_axis',(0.854936699572014,0.,0.518732339193261));
#4352=DIRECTION('center_axis',(0.,1.,0.));
#4353=DIRECTION('ref_axis',(0.854936699572014,0.,0.518732339193261));
#4354=DIRECTION('',(0.,-1.,0.));
#4355=DIRECTION('center_axis',(0.,1.,0.));
#4356=DIRECTION('ref_axis',(0.,0.,1.));
#4357=DIRECTION('center_axis',(0.,1.,0.));
#4358=DIRECTION('ref_axis',(-0.939692620787415,0.,0.342020143321528));
#4359=DIRECTION('center_axis',(0.,1.,0.));
#4360=DIRECTION('ref_axis',(-1.,0.,0.));
#4361=DIRECTION('',(0.,0.,1.));
#4362=DIRECTION('',(0.,0.,-1.));
#4363=DIRECTION('center_axis',(0.,1.,0.));
#4364=DIRECTION('ref_axis',(-1.,0.,0.));
#4365=DIRECTION('',(0.,0.,1.));
#4366=DIRECTION('center_axis',(0.,-1.,0.));
#4367=DIRECTION('ref_axis',(-1.,0.,2.32203512838316E-15));
#4368=DIRECTION('',(-2.22044604925024E-15,0.,-1.));
#4369=DIRECTION('',(1.,0.,0.));
#4370=DIRECTION('center_axis',(0.,1.,0.));
#4371=DIRECTION('ref_axis',(-0.939692620787415,0.,0.342020143321528));
#4372=DIRECTION('center_axis',(0.,-1.,0.));
#4373=DIRECTION('ref_axis',(7.13613132975164E-11,0.,1.));
#4374=DIRECTION('center_axis',(0.,1.,0.));
#4375=DIRECTION('ref_axis',(-1.,0.,0.));
#4376=DIRECTION('center_axis',(0.477684286022669,-0.766044443118978,-0.430108863026034));
#4377=DIRECTION('ref_axis',(-0.569281963993316,-0.642787609686539,0.512583782717887));
#4378=DIRECTION('',(0.,-1.,0.));
#4379=DIRECTION('center_axis',(0.569281963993316,-0.642787609686539,-0.512583782717888));
#4380=DIRECTION('ref_axis',(-0.477684286022669,-0.766044443118978,0.430108863026034));
#4381=DIRECTION('center_axis',(0.,-1.,0.));
#4382=DIRECTION('ref_axis',(-1.,0.,0.));
#4383=DIRECTION('center_axis',(-0.743289649297171,-0.642787609686539,0.185322923787519));
#4384=DIRECTION('ref_axis',(-0.623694070583145,0.766044443118978,0.155504396998802));
#4385=DIRECTION('',(0.,1.,0.));
#4386=DIRECTION('center_axis',(-0.623694070583146,-0.766044443118978,0.155504396998802));
#4387=DIRECTION('ref_axis',(-0.74328964929717,0.64278760968654,0.185322923787519));
#4388=DIRECTION('center_axis',(0.623694070580879,-0.766044443118978,0.155504397007892));
#4389=DIRECTION('ref_axis',(-0.74328964929447,-0.642787609686539,-0.185322923798351));
#4390=DIRECTION('',(0.,-1.,0.));
#4391=DIRECTION('center_axis',(0.74328964929447,-0.64278760968654,0.185322923798351));
#4392=DIRECTION('ref_axis',(-0.623694070580879,-0.766044443118978,-0.155504397007892));
#4393=DIRECTION('center_axis',(0.,-1.,0.));
#4394=DIRECTION('ref_axis',(-1.,0.,0.));
#4395=DIRECTION('center_axis',(-0.569281963985846,-0.642787609686538,-0.512583782726184));
#4396=DIRECTION('ref_axis',(-0.4776842860164,0.766044443118979,-0.430108863032995));
#4397=DIRECTION('',(0.,1.,0.));
#4398=DIRECTION('center_axis',(0.669130606353443,0.,0.74314482548227));
#4399=DIRECTION('ref_axis',(-0.254170499723175,0.939692620785908,0.228856145888597));
#4400=DIRECTION('',(-0.669130606353443,-4.25240089318423E-17,-0.74314482548227));
#4401=DIRECTION('center_axis',(-0.241921895592598,0.,-0.970295726277759));
#4402=DIRECTION('ref_axis',(0.331860683369803,0.939692620785908,-0.0827421614041972));
#4403=DIRECTION('',(0.241921895592598,0.,0.970295726277759));
#4404=DIRECTION('',(-0.241921895592598,0.,-0.970295726277759));
#4405=DIRECTION('center_axis',(1.,0.,7.28661565142865E-12));
#4406=DIRECTION('ref_axis',(7.286595250124E-12,0.,-1.));
#4407=DIRECTION('center_axis',(-0.623694070583146,-0.766044443118978,0.155504396998802));
#4408=DIRECTION('ref_axis',(0.241921895592598,0.,0.970295726277759));
#4409=DIRECTION('',(0.241921895592598,0.,0.970295726277759));
#4410=DIRECTION('center_axis',(0.623694070583146,0.766044443118978,-0.155504396998802));
#4411=DIRECTION('ref_axis',(-0.74328964929717,0.64278760968654,0.185322923787519));
#4412=DIRECTION('center_axis',(-0.241921895606738,0.,0.970295726274234));
#4413=DIRECTION('ref_axis',(-0.331860683368597,0.939692620785908,-0.0827421614090344));
#4414=DIRECTION('',(-0.241921895606738,0.,0.970295726274234));
#4415=DIRECTION('',(0.241921895606738,0.,-0.970295726274234));
#4416=DIRECTION('center_axis',(0.623694070580879,-0.766044443118978,0.155504397007892));
#4417=DIRECTION('ref_axis',(0.241921895606738,0.,-0.970295726274234));
#4418=DIRECTION('center_axis',(-0.623694070580879,0.766044443118978,-0.155504397007892));
#4419=DIRECTION('ref_axis',(0.74328964929447,0.642787609686539,0.185322923798351));
#4420=DIRECTION('',(0.241921895606738,0.,-0.970295726274234));
#4421=DIRECTION('center_axis',(0.,-1.,0.));
#4422=DIRECTION('ref_axis',(-8.14334041239458E-11,0.,1.));
#4423=DIRECTION('center_axis',(0.,1.,0.));
#4424=DIRECTION('ref_axis',(-0.939692620787415,0.,0.342020143321528));
#4425=DIRECTION('center_axis',(0.,1.,0.));
#4426=DIRECTION('ref_axis',(0.,0.,-1.));
#4427=DIRECTION('center_axis',(0.,1.,0.));
#4428=DIRECTION('ref_axis',(-0.939692620787415,0.,0.342020143321528));
#4429=DIRECTION('center_axis',(0.,1.,0.));
#4430=DIRECTION('ref_axis',(-0.939692620787415,0.,0.342020143321528));
#4431=DIRECTION('',(-0.155504396998802,-0.766044443118978,-0.623694070583145));
#4432=DIRECTION('center_axis',(0.,1.,0.));
#4433=DIRECTION('ref_axis',(-0.939692620787415,0.,0.342020143321528));
#4434=DIRECTION('',(0.430108863026034,0.766044443118978,0.477684286022669));
#4435=DIRECTION('center_axis',(-0.477684286022669,0.766044443118978,0.430108863026034));
#4436=DIRECTION('ref_axis',(0.569281963993313,0.64278760968654,-0.51258378271789));
#4437=DIRECTION('center_axis',(0.,1.,0.));
#4438=DIRECTION('ref_axis',(-0.939692620787415,0.,0.342020143321528));
#4439=DIRECTION('',(0.430108863032995,-0.766044443118978,-0.4776842860164));
#4440=DIRECTION('center_axis',(0.,1.,0.));
#4441=DIRECTION('ref_axis',(-0.939692620787415,0.,0.342020143321528));
#4442=DIRECTION('',(-0.155504397007892,0.766044443118978,0.623694070580879));
#4443=DIRECTION('center_axis',(0.74314482548227,0.,-0.669130606353443));
#4444=DIRECTION('ref_axis',(-0.669130606353443,0.,-0.74314482548227));
#4445=DIRECTION('',(0.669130606353443,0.,0.74314482548227));
#4446=DIRECTION('',(-0.669130606353443,0.,-0.74314482548227));
#4447=DIRECTION('center_axis',(0.569281963993316,-0.642787609686539,-0.512583782717888));
#4448=DIRECTION('ref_axis',(-0.669130606353443,0.,-0.74314482548227));
#4449=DIRECTION('',(-0.669130606353443,0.,-0.74314482548227));
#4450=DIRECTION('center_axis',(0.,1.,0.));
#4451=DIRECTION('ref_axis',(1.,0.,0.));
#4452=DIRECTION('',(0.241921895592598,0.,0.970295726277759));
#4453=DIRECTION('center_axis',(-0.743289649297171,-0.642787609686539,0.185322923787519));
#4454=DIRECTION('ref_axis',(0.241921895592598,0.,0.970295726277759));
#4455=DIRECTION('',(-0.241921895592598,0.,-0.970295726277759));
#4456=DIRECTION('center_axis',(-0.970295726277759,0.,0.241921895592598));
#4457=DIRECTION('ref_axis',(0.241921895592598,0.,0.970295726277759));
#4458=DIRECTION('center_axis',(0.,1.,0.));
#4459=DIRECTION('ref_axis',(1.,0.,0.));
#4460=DIRECTION('center_axis',(0.970295726274234,0.,0.241921895606738));
#4461=DIRECTION('ref_axis',(0.241921895606738,0.,-0.970295726274234));
#4462=DIRECTION('',(-0.241921895606738,0.,0.970295726274234));
#4463=DIRECTION('center_axis',(0.74328964929447,-0.64278760968654,0.185322923798351));
#4464=DIRECTION('ref_axis',(0.241921895606738,0.,-0.970295726274234));
#4465=DIRECTION('',(0.241921895606738,0.,-0.970295726274234));
#4466=DIRECTION('center_axis',(0.477684286022669,-0.766044443118978,-0.430108863026034));
#4467=DIRECTION('ref_axis',(-0.669130606353443,0.,-0.74314482548227));
#4468=DIRECTION('center_axis',(-0.569281963985846,-0.642787609686538,-0.512583782726184));
#4469=DIRECTION('ref_axis',(-0.669130606364273,0.,0.743144825472519));
#4470=DIRECTION('',(0.669130606364273,0.,-0.743144825472519));
#4471=DIRECTION('',(-0.669130606364273,0.,0.743144825472519));
#4472=DIRECTION('center_axis',(-0.743144825472519,0.,-0.669130606364273));
#4473=DIRECTION('ref_axis',(-0.669130606364273,0.,0.743144825472519));
#4474=DIRECTION('center_axis',(0.,1.,0.));
#4475=DIRECTION('ref_axis',(1.,0.,0.));
#4476=DIRECTION('center_axis',(0.,1.,0.));
#4477=DIRECTION('ref_axis',(0.,0.,-1.));
#4478=DIRECTION('',(0.,0.,1.));
#4479=DIRECTION('',(0.,0.,-1.));
#4480=DIRECTION('center_axis',(1.,0.,0.));
#4481=DIRECTION('ref_axis',(0.,0.,-1.));
#4482=DIRECTION('',(0.,0.,1.));
#4483=DIRECTION('center_axis',(1.,0.,0.));
#4484=DIRECTION('ref_axis',(0.,1.,4.03131405539667E-15));
#4485=DIRECTION('center_axis',(1.,0.,0.));
#4486=DIRECTION('ref_axis',(0.,0.,-1.));
#4487=DIRECTION('center_axis',(0.,1.,0.));
#4488=DIRECTION('ref_axis',(0.,0.,1.));
#4489=DIRECTION('',(0.,0.,-1.));
#4490=DIRECTION('',(0.,0.,1.));
#4491=DIRECTION('center_axis',(1.,0.,0.));
#4492=DIRECTION('ref_axis',(0.,0.,-1.));
#4493=DIRECTION('',(0.,0.,-1.));
#4494=DIRECTION('center_axis',(-1.,0.,0.));
#4495=DIRECTION('ref_axis',(0.,1.,4.03131405539667E-15));
#4496=DIRECTION('center_axis',(1.,0.,0.));
#4497=DIRECTION('ref_axis',(0.,0.,-1.));
#4498=DIRECTION('center_axis',(1.,0.,0.));
#4499=DIRECTION('ref_axis',(0.,0.,-1.));
#4500=DIRECTION('',(0.,5.88188785987962E-16,1.));
#4501=DIRECTION('center_axis',(-1.,0.,0.));
#4502=DIRECTION('ref_axis',(0.,0.0178703395992834,-0.999840312731291));
#4503=DIRECTION('center_axis',(0.,0.100763438076293,0.994910412824715));
#4504=DIRECTION('ref_axis',(0.,-0.994910412824715,0.100763438076293));
#4505=DIRECTION('',(1.,0.,0.));
#4506=DIRECTION('',(-1.46446288006103E-16,0.994910412824715,-0.100763438076293));
#4507=DIRECTION('',(1.,0.,0.));
#4508=DIRECTION('center_axis',(0.,0.100763438076293,0.994910412824715));
#4509=DIRECTION('ref_axis',(0.,-0.994910412824715,0.100763438076293));
#4510=DIRECTION('',(0.,-0.994910412824715,0.100763438076293));
#4511=DIRECTION('',(1.,0.,0.));
#4512=DIRECTION('',(0.,-0.994910412824715,0.100763438076293));
#4513=DIRECTION('',(1.,0.,0.));
#4514=DIRECTION('center_axis',(0.,0.100763438076293,-0.994910412824715));
#4515=DIRECTION('ref_axis',(0.,0.994910412824715,0.100763438076293));
#4516=DIRECTION('',(-1.,0.,0.));
#4517=DIRECTION('',(-1.46446288006103E-16,-0.994910412824715,-0.100763438076293));
#4518=DIRECTION('',(-1.,0.,0.));
#4519=DIRECTION('center_axis',(1.,0.,0.));
#4520=DIRECTION('ref_axis',(0.,0.0178703395992834,-0.999840312731291));
#4521=DIRECTION('center_axis',(-1.,0.,1.45336732054757E-15));
#4522=DIRECTION('ref_axis',(0.,0.0178703395992834,-0.999840312731291));
#4523=DIRECTION('center_axis',(-1.,0.,1.45336732054757E-15));
#4524=DIRECTION('ref_axis',(0.,0.0178703395992834,-0.999840312731291));
#4525=DIRECTION('center_axis',(1.,0.,0.));
#4526=DIRECTION('ref_axis',(0.,0.0178703395992834,-0.999840312731291));
#4527=DIRECTION('center_axis',(1.,0.,0.));
#4528=DIRECTION('ref_axis',(0.,0.,-1.));
#4529=DIRECTION('',(0.,-5.88188785987962E-16,-1.));
#4530=DIRECTION('center_axis',(0.,0.100763438076293,-0.994910412824715));
#4531=DIRECTION('ref_axis',(0.,0.994910412824715,0.100763438076293));
#4532=DIRECTION('',(0.,0.994910412824715,0.100763438076293));
#4533=DIRECTION('',(-1.,0.,0.));
#4534=DIRECTION('',(0.,0.994910412824715,0.100763438076293));
#4535=DIRECTION('',(-1.,0.,0.));
#4536=DIRECTION('center_axis',(1.,0.,0.));
#4537=DIRECTION('ref_axis',(0.,0.0178703395992834,-0.999840312731291));
#4538=DIRECTION('center_axis',(1.,0.,0.));
#4539=DIRECTION('ref_axis',(0.,0.0178703395992834,-0.999840312731291));
#4540=DIRECTION('center_axis',(1.,0.,0.));
#4541=DIRECTION('ref_axis',(0.,0.0178703395992834,-0.999840312731291));
#4542=DIRECTION('center_axis',(1.,0.,0.));
#4543=DIRECTION('ref_axis',(0.,0.0178703395992834,-0.999840312731291));
#4544=DIRECTION('center_axis',(0.,-1.,5.88188785987962E-16));
#4545=DIRECTION('ref_axis',(0.,5.88188785987962E-16,1.));
#4546=DIRECTION('',(0.,0.,-1.));
#4547=DIRECTION('',(0.,0.,-1.));
#4548=DIRECTION('center_axis',(-1.,0.,0.));
#4549=DIRECTION('ref_axis',(0.,0.,-1.));
#4550=DIRECTION('center_axis',(1.,0.,0.));
#4551=DIRECTION('ref_axis',(0.,0.827802363075592,0.561019828247153));
#4552=DIRECTION('',(0.,-0.602634572208207,-0.798017275739963));
#4553=DIRECTION('',(0.,0.,-1.));
#4554=DIRECTION('',(0.,-1.,0.));
#4555=DIRECTION('',(0.,0.,-1.));
#4556=DIRECTION('',(0.,-1.,0.));
#4557=DIRECTION('center_axis',(-1.,0.,0.));
#4558=DIRECTION('ref_axis',(0.,0.827802363075592,0.561019828247153));
#4559=DIRECTION('center_axis',(-1.,0.,0.));
#4560=DIRECTION('ref_axis',(0.,0.827802363075592,0.561019828247153));
#4561=DIRECTION('',(-1.,0.,0.));
#4562=DIRECTION('center_axis',(1.,0.,0.));
#4563=DIRECTION('ref_axis',(0.,0.827802363075592,0.561019828247153));
#4564=DIRECTION('center_axis',(-1.,0.,0.));
#4565=DIRECTION('ref_axis',(0.,0.827802363075592,0.561019828247153));
#4566=DIRECTION('',(1.,0.,0.));
#4567=DIRECTION('center_axis',(1.,0.,-1.45336732054757E-15));
#4568=DIRECTION('ref_axis',(1.45336732054757E-15,0.,1.));
#4569=DIRECTION('center_axis',(-1.,0.,0.));
#4570=DIRECTION('ref_axis',(0.,-0.747981374310854,-0.663719717715276));
#4571=DIRECTION('',(0.,-0.602634572208207,0.798017275739963));
#4572=DIRECTION('',(0.,0.,1.));
#4573=DIRECTION('',(0.,-1.,0.));
#4574=DIRECTION('',(0.,0.,1.));
#4575=DIRECTION('',(0.,-1.,0.));
#4576=DIRECTION('',(0.,0.,1.));
#4577=DIRECTION('center_axis',(1.,0.,-1.45336732054757E-15));
#4578=DIRECTION('ref_axis',(1.45336732054757E-15,0.,1.));
#4579=DIRECTION('',(0.,0.,1.));
#4580=DIRECTION('',(0.,-1.,0.));
#4581=DIRECTION('',(1.45336732054757E-15,0.,1.));
#4582=DIRECTION('',(0.,-1.,0.));
#4583=DIRECTION('',(-1.45336732054757E-15,0.,-1.));
#4584=DIRECTION('',(0.,0.602634572208207,0.798017275739963));
#4585=DIRECTION('center_axis',(0.,-1.,5.88188785987962E-16));
#4586=DIRECTION('ref_axis',(0.,-5.88188785987962E-16,-1.));
#4587=DIRECTION('center_axis',(1.,0.,0.));
#4588=DIRECTION('ref_axis',(0.,1.,4.03131405539667E-15));
#4589=DIRECTION('',(-1.,0.,0.));
#4590=DIRECTION('center_axis',(1.,0.,0.));
#4591=DIRECTION('ref_axis',(0.,0.,-1.));
#4592=DIRECTION('center_axis',(1.,0.,0.));
#4593=DIRECTION('ref_axis',(0.,-1.72127603880392E-16,-1.));
#4594=DIRECTION('',(-1.,0.,0.));
#4595=DIRECTION('center_axis',(1.,0.,0.));
#4596=DIRECTION('ref_axis',(0.,-1.72127603880392E-16,-1.));
#4597=DIRECTION('center_axis',(1.,0.,4.30319009700981E-17));
#4598=DIRECTION('ref_axis',(-4.30319009700981E-17,0.,1.));
#4599=DIRECTION('',(0.,1.,0.));
#4600=DIRECTION('center_axis',(-1.,0.,0.));
#4601=DIRECTION('ref_axis',(0.,1.,4.03131405539667E-15));
#4602=DIRECTION('',(1.,0.,0.));
#4603=DIRECTION('center_axis',(-1.,0.,0.));
#4604=DIRECTION('ref_axis',(0.,1.,4.03131405539667E-15));
#4605=DIRECTION('center_axis',(1.,0.,0.));
#4606=DIRECTION('ref_axis',(0.,0.,-1.));
#4607=DIRECTION('center_axis',(-1.,0.,0.));
#4608=DIRECTION('ref_axis',(0.,0.,-1.));
#4609=DIRECTION('',(0.,1.,0.));
#4610=DIRECTION('center_axis',(-1.,0.,0.));
#4611=DIRECTION('ref_axis',(0.,1.,0.));
#4612=DIRECTION('',(0.,1.,0.));
#4613=DIRECTION('',(0.,0.,1.));
#4614=DIRECTION('center_axis',(1.,0.,0.));
#4615=DIRECTION('ref_axis',(0.,-0.707106781186548,0.707106781186547));
#4616=DIRECTION('',(0.,-1.,0.));
#4617=DIRECTION('center_axis',(-1.,0.,0.));
#4618=DIRECTION('ref_axis',(0.,-0.747981374310854,-0.663719717715276));
#4619=DIRECTION('',(0.,-0.602634572208207,0.798017275739963));
#4620=DIRECTION('',(0.,0.,1.));
#4621=DIRECTION('',(0.,0.602634572208207,0.798017275739963));
#4622=DIRECTION('center_axis',(1.,0.,0.));
#4623=DIRECTION('ref_axis',(0.,0.,-1.));
#4624=DIRECTION('',(0.,-1.,0.));
#4625=DIRECTION('',(0.,0.,1.));
#4626=DIRECTION('center_axis',(1.,0.,0.));
#4627=DIRECTION('ref_axis',(0.,-0.362282527426218,-0.93206832921287));
#4628=DIRECTION('center_axis',(-1.,0.,0.));
#4629=DIRECTION('ref_axis',(0.,0.749440738153249,0.662071431188745));
#4630=DIRECTION('center_axis',(1.,0.,-2.22044604925024E-15));
#4631=DIRECTION('ref_axis',(0.,0.,-1.));
#4632=DIRECTION('center_axis',(1.,0.,0.));
#4633=DIRECTION('ref_axis',(0.,-0.995798173675415,-0.0915750910712478));
#4634=DIRECTION('',(0.,1.,0.));
#4635=DIRECTION('center_axis',(-1.,0.,0.));
#4636=DIRECTION('ref_axis',(0.,0.,-1.));
#4637=DIRECTION('',(0.,1.,0.));
#4638=DIRECTION('center_axis',(1.,0.,0.));
#4639=DIRECTION('ref_axis',(0.,-0.747981374310854,-0.663719717715276));
#4640=DIRECTION('',(1.,0.,0.));
#4641=DIRECTION('center_axis',(0.,0.798017275739963,0.602634572208207));
#4642=DIRECTION('ref_axis',(0.,-0.602634572208207,0.798017275739963));
#4643=DIRECTION('',(-1.,0.,0.));
#4644=DIRECTION('center_axis',(0.,0.798017275739963,-0.602634572208207));
#4645=DIRECTION('ref_axis',(0.,0.602634572208207,0.798017275739963));
#4646=DIRECTION('',(1.,0.,0.));
#4647=DIRECTION('center_axis',(0.,1.,0.));
#4648=DIRECTION('ref_axis',(1.,0.,0.));
#4649=DIRECTION('',(-1.,0.,-1.68564134662122E-15));
#4650=DIRECTION('',(-4.30319009700981E-17,0.,1.));
#4651=DIRECTION('',(-1.,0.,-3.21804257082232E-15));
#4652=DIRECTION('center_axis',(0.,0.798017275739963,-0.602634572208207));
#4653=DIRECTION('ref_axis',(0.,-0.602634572208207,-0.798017275739963));
#4654=DIRECTION('',(1.,0.,0.));
#4655=DIRECTION('center_axis',(-1.,0.,0.));
#4656=DIRECTION('ref_axis',(0.,-0.747981374310854,-0.663719717715276));
#4657=DIRECTION('center_axis',(1.,0.,0.));
#4658=DIRECTION('ref_axis',(0.,-0.747981374310854,-0.663719717715276));
#4659=DIRECTION('',(-1.,0.,0.));
#4660=DIRECTION('center_axis',(0.,0.798017275739963,0.602634572208207));
#4661=DIRECTION('ref_axis',(0.,0.602634572208207,-0.798017275739963));
#4662=DIRECTION('',(0.,0.602634572208207,-0.798017275739963));
#4663=DIRECTION('',(-1.,0.,0.));
#4664=DIRECTION('center_axis',(0.,1.,0.));
#4665=DIRECTION('ref_axis',(1.,0.,0.));
#4666=DIRECTION('',(0.,0.,1.));
#4667=DIRECTION('',(1.,0.,-3.21804257082233E-15));
#4668=DIRECTION('',(0.,0.,-1.));
#4669=DIRECTION('',(1.,0.,-1.99212159146144E-15));
#4670=DIRECTION('center_axis',(-1.,0.,0.));
#4671=DIRECTION('ref_axis',(0.,0.,-1.));
#4672=DIRECTION('',(0.,-1.,0.));
#4673=DIRECTION('',(0.,0.,-1.));
#4674=DIRECTION('',(0.,-1.,0.));
#4675=DIRECTION('center_axis',(0.,1.,0.));
#4676=DIRECTION('ref_axis',(-1.,0.,2.32203512838316E-15));
#4677=DIRECTION('center_axis',(0.,1.,0.));
#4678=DIRECTION('ref_axis',(-1.,0.,2.32203512838316E-15));
#4679=DIRECTION('',(0.,1.,0.));
#4680=DIRECTION('center_axis',(0.,1.,0.));
#4681=DIRECTION('ref_axis',(1.,0.,0.));
#4682=DIRECTION('',(0.,0.,-1.));
#4683=DIRECTION('',(1.,0.,0.));
#4684=DIRECTION('center_axis',(1.,0.,0.));
#4685=DIRECTION('ref_axis',(0.,0.,-1.));
#4686=DIRECTION('center_axis',(1.,0.,0.));
#4687=DIRECTION('ref_axis',(0.,0.908379909789495,0.418145835194886));
#4688=DIRECTION('',(1.,0.,0.));
#4689=DIRECTION('center_axis',(-1.,0.,0.));
#4690=DIRECTION('ref_axis',(0.,0.916737326271053,0.399490518812902));
#4691=DIRECTION('',(-1.,0.,0.));
#4692=DIRECTION('center_axis',(-1.,0.,0.));
#4693=DIRECTION('ref_axis',(0.,0.,-1.));
#4694=DIRECTION('',(1.,0.,0.));
#4695=DIRECTION('center_axis',(0.,0.,-1.));
#4696=DIRECTION('ref_axis',(0.608761429008721,-0.793353340291235,0.));
#4697=DIRECTION('center_axis',(0.,0.,1.));
#4698=DIRECTION('ref_axis',(0.608761429008721,-0.793353340291235,0.));
#4699=DIRECTION('',(0.,0.,-1.));
#4700=DIRECTION('center_axis',(0.,0.,1.));
#4701=DIRECTION('ref_axis',(-0.608761429008721,-0.793353340291235,0.));
#4702=DIRECTION('',(0.,0.,1.));
#4703=DIRECTION('center_axis',(0.,0.,1.));
#4704=DIRECTION('ref_axis',(-0.608761429008721,-0.793353340291235,0.));
#4705=DIRECTION('center_axis',(0.965925826289068,0.258819045102521,0.));
#4706=DIRECTION('ref_axis',(0.,0.,-1.));
#4707=DIRECTION('',(0.,0.,1.));
#4708=DIRECTION('',(0.25881904510252,-0.965925826289068,0.));
#4709=DIRECTION('center_axis',(0.,0.,-1.));
#4710=DIRECTION('ref_axis',(-0.38268343236509,-0.923879532511287,0.));
#4711=DIRECTION('center_axis',(0.,0.,1.));
#4712=DIRECTION('ref_axis',(-0.38268343236509,-0.923879532511287,0.));
#4713=DIRECTION('center_axis',(0.,0.,-1.));
#4714=DIRECTION('ref_axis',(-0.38268343236509,-0.923879532511287,0.));
#4715=DIRECTION('',(0.,0.,1.));
#4716=DIRECTION('center_axis',(0.,0.,1.));
#4717=DIRECTION('ref_axis',(0.38268343236509,-0.923879532511287,0.));
#4718=DIRECTION('center_axis',(0.,0.,-1.));
#4719=DIRECTION('ref_axis',(0.38268343236509,-0.923879532511287,0.));
#4720=DIRECTION('center_axis',(0.,0.,1.));
#4721=DIRECTION('ref_axis',(0.38268343236509,-0.923879532511287,0.));
#4722=DIRECTION('',(0.,0.,-1.));
#4723=DIRECTION('center_axis',(0.,0.,1.));
#4724=DIRECTION('ref_axis',(-0.38268343236509,0.923879532511287,0.));
#4725=DIRECTION('center_axis',(0.,0.,-1.));
#4726=DIRECTION('ref_axis',(-0.38268343236509,0.923879532511287,0.));
#4727=DIRECTION('',(0.,0.,-1.));
#4728=DIRECTION('center_axis',(0.,0.,1.));
#4729=DIRECTION('ref_axis',(-0.38268343236509,0.923879532511287,0.));
#4730=DIRECTION('',(0.,0.,1.));
#4731=DIRECTION('center_axis',(-0.707106781186548,0.707106781186547,0.));
#4732=DIRECTION('ref_axis',(0.,0.,1.));
#4733=DIRECTION('',(0.707106781186547,0.707106781186548,0.));
#4734=DIRECTION('',(-0.707106781186547,-0.707106781186548,0.));
#4735=DIRECTION('center_axis',(0.,0.,-1.));
#4736=DIRECTION('ref_axis',(-1.,0.,0.));
#4737=DIRECTION('',(-1.,0.,0.));
#4738=DIRECTION('center_axis',(0.,0.,1.));
#4739=DIRECTION('ref_axis',(0.38268343236509,0.923879532511287,0.));
#4740=DIRECTION('',(-0.707106781186548,0.707106781186548,0.));
#4741=DIRECTION('center_axis',(0.,0.,1.));
#4742=DIRECTION('ref_axis',(-1.,0.,0.));
#4743=DIRECTION('center_axis',(0.,0.,1.));
#4744=DIRECTION('ref_axis',(-1.,0.,0.));
#4745=DIRECTION('center_axis',(0.,0.,-1.));
#4746=DIRECTION('ref_axis',(0.38268343236509,0.923879532511287,0.));
#4747=DIRECTION('',(0.,0.,1.));
#4748=DIRECTION('center_axis',(0.,0.,-1.));
#4749=DIRECTION('ref_axis',(0.38268343236509,0.923879532511287,0.));
#4750=DIRECTION('',(0.,0.,-1.));
#4751=DIRECTION('center_axis',(0.707106781186548,0.707106781186548,0.));
#4752=DIRECTION('ref_axis',(0.,0.,-1.));
#4753=DIRECTION('',(0.707106781186548,-0.707106781186548,0.));
#4754=DIRECTION('center_axis',(-0.965925826289068,0.258819045102521,0.));
#4755=DIRECTION('ref_axis',(0.,0.,1.));
#4756=DIRECTION('',(0.25881904510252,0.965925826289068,0.));
#4757=DIRECTION('',(0.,0.,-1.));
#4758=DIRECTION('center_axis',(-1.,0.,0.));
#4759=DIRECTION('ref_axis',(0.,0.,1.));
#4760=DIRECTION('',(0.,1.,0.));
#4761=DIRECTION('',(0.,0.,1.));
#4762=DIRECTION('center_axis',(1.,0.,0.));
#4763=DIRECTION('ref_axis',(0.,0.,-1.));
#4764=DIRECTION('',(0.,0.,-1.));
#4765=DIRECTION('',(0.,1.,0.));
#4766=DIRECTION('center_axis',(0.,0.,1.));
#4767=DIRECTION('ref_axis',(-1.,0.,0.));
#4768=DIRECTION('',(0.,0.,1.));
#4769=DIRECTION('center_axis',(0.,0.,-1.));
#4770=DIRECTION('ref_axis',(-1.,0.,0.));
#4771=DIRECTION('center_axis',(0.,0.,1.));
#4772=DIRECTION('ref_axis',(-1.,0.,0.));
#4773=DIRECTION('',(0.,0.,1.));
#4774=DIRECTION('center_axis',(0.,0.,-1.));
#4775=DIRECTION('ref_axis',(-1.,0.,0.));
#4776=DIRECTION('center_axis',(0.,0.,1.));
#4777=DIRECTION('ref_axis',(1.,0.,0.));
#4778=DIRECTION('',(1.,0.,0.));
#4779=DIRECTION('center_axis',(0.,1.,0.));
#4780=DIRECTION('ref_axis',(0.,0.,1.));
#4781=DIRECTION('center_axis',(0.,0.,1.));
#4782=DIRECTION('ref_axis',(1.,0.,0.));
#4783=DIRECTION('',(1.,0.,0.));
#4784=DIRECTION('center_axis',(0.,1.,0.));
#4785=DIRECTION('ref_axis',(0.,0.,1.));
#4786=DIRECTION('center_axis',(-1.,0.,0.));
#4787=DIRECTION('ref_axis',(0.,0.,1.));
#4788=DIRECTION('center_axis',(1.,0.,0.));
#4789=DIRECTION('ref_axis',(0.,0.916737326271053,0.399490518812902));
#4790=DIRECTION('center_axis',(1.,0.,0.));
#4791=DIRECTION('ref_axis',(0.,0.909484124482862,0.415738652657703));
#4792=DIRECTION('center_axis',(1.,0.,0.));
#4793=DIRECTION('ref_axis',(0.,0.,-1.));
#4794=DIRECTION('center_axis',(-1.,0.,0.));
#4795=DIRECTION('ref_axis',(0.,0.908379909789495,0.418145835194886));
#4796=DIRECTION('center_axis',(1.,0.,0.));
#4797=DIRECTION('ref_axis',(0.,0.,-1.));
#4798=DIRECTION('center_axis',(1.,0.,0.));
#4799=DIRECTION('ref_axis',(0.,-0.55737387802642,-0.830261621474695));
#4800=DIRECTION('center_axis',(-1.,0.,0.));
#4801=DIRECTION('ref_axis',(0.,0.999388260440658,0.0349729165697751));
#4802=DIRECTION('center_axis',(1.,0.,0.));
#4803=DIRECTION('ref_axis',(0.,1.,0.));
#4804=DIRECTION('',(0.,-1.,0.));
#4805=DIRECTION('center_axis',(-1.,0.,0.));
#4806=DIRECTION('ref_axis',(0.,1.,0.));
#4807=DIRECTION('center_axis',(-1.,0.,0.));
#4808=DIRECTION('ref_axis',(0.,0.924332329328539,0.381588449717856));
#4809=DIRECTION('',(0.,0.827900890297289,-0.560874420744035));
#4810=DIRECTION('center_axis',(1.,0.,0.));
#4811=DIRECTION('ref_axis',(0.,-0.827900890297292,0.56087442074403));
#4812=DIRECTION('center_axis',(1.,0.,0.));
#4813=DIRECTION('ref_axis',(0.,0.557331213085147,0.830290261848854));
#4814=DIRECTION('',(0.,-0.707106781186548,-0.707106781186548));
#4815=DIRECTION('center_axis',(-1.,0.,0.));
#4816=DIRECTION('ref_axis',(0.,-0.70710678118653,0.707106781186565));
#4817=DIRECTION('center_axis',(-1.,0.,0.));
#4818=DIRECTION('ref_axis',(0.,0.207854310737974,0.978159795487241));
#4819=DIRECTION('center_axis',(1.,0.,0.));
#4820=DIRECTION('ref_axis',(0.,0.749440738153249,0.662071431188745));
#4821=DIRECTION('center_axis',(0.,0.662071431188746,-0.749440738153248));
#4822=DIRECTION('ref_axis',(-0.098039329895994,-0.745830338079958,-0.658881929174781));
#4823=DIRECTION('center_axis',(1.,0.,0.));
#4824=DIRECTION('ref_axis',(0.,0.,-1.));
#4825=DIRECTION('center_axis',(-1.,0.,0.));
#4826=DIRECTION('ref_axis',(0.,0.557331213085147,0.830290261848854));
#4827=DIRECTION('center_axis',(-1.,0.,0.));
#4828=DIRECTION('ref_axis',(0.,-0.827900890297292,0.56087442074403));
#4829=DIRECTION('',(0.,-0.827900890297289,0.560874420744035));
#4830=DIRECTION('center_axis',(1.,0.,0.));
#4831=DIRECTION('ref_axis',(0.,0.924332329328539,0.381588449717856));
#4832=DIRECTION('center_axis',(1.,0.,0.));
#4833=DIRECTION('ref_axis',(0.,1.,0.));
#4834=DIRECTION('',(0.,1.,0.));
#4835=DIRECTION('center_axis',(-1.,0.,0.));
#4836=DIRECTION('ref_axis',(0.,1.,0.));
#4837=DIRECTION('center_axis',(1.,0.,0.));
#4838=DIRECTION('ref_axis',(0.,0.999388260440658,0.0349729165697751));
#4839=DIRECTION('center_axis',(-1.,0.,0.));
#4840=DIRECTION('ref_axis',(0.,-0.55737387802642,-0.830261621474695));
#4841=DIRECTION('center_axis',(-1.,0.,0.));
#4842=DIRECTION('ref_axis',(0.,-0.55737387802642,-0.830261621474695));
#4843=DIRECTION('',(0.,0.707106781186548,0.707106781186548));
#4844=DIRECTION('center_axis',(1.,0.,0.));
#4845=DIRECTION('ref_axis',(0.,0.207854310737974,0.978159795487241));
#4846=DIRECTION('center_axis',(1.,0.,0.));
#4847=DIRECTION('ref_axis',(0.,-0.70710678118653,0.707106781186565));
#4848=DIRECTION('center_axis',(-1.,0.,0.));
#4849=DIRECTION('ref_axis',(0.,-0.670319890277615,-0.742072263797945));
#4850=DIRECTION('center_axis',(1.30838715630611E-15,0.81267828212424,-0.582712630516616));
#4851=DIRECTION('ref_axis',(1.,-3.483052626275E-15,-2.61228946970625E-15));
#4852=DIRECTION('center_axis',(-1.80560020140734E-15,-0.662071431188745,
0.749440738153249));
#4853=DIRECTION('ref_axis',(0.098039329895994,-0.745830338079959,-0.658881929174779));
#4854=DIRECTION('center_axis',(1.,0.,0.));
#4855=DIRECTION('ref_axis',(0.,0.672232563209897,0.74034004414205));
#4856=DIRECTION('center_axis',(1.,0.,0.));
#4857=DIRECTION('ref_axis',(0.,-1.72127603880392E-16,-1.));
#4858=DIRECTION('center_axis',(0.267918509127539,0.910581559268087,-0.31473941028695));
#4859=DIRECTION('ref_axis',(0.910700962657344,-0.345961441547314,-0.225686591488043));
#4860=DIRECTION('center_axis',(-1.,0.,0.));
#4861=DIRECTION('ref_axis',(0.,-0.749440738153249,-0.662071431188746));
#4862=DIRECTION('center_axis',(-1.,0.,0.));
#4863=DIRECTION('ref_axis',(0.,-0.749440738153249,-0.662071431188746));
#4864=DIRECTION('center_axis',(1.,0.,0.));
#4865=DIRECTION('ref_axis',(0.,-1.72127603880392E-16,-1.));
#4866=DIRECTION('center_axis',(0.28159774025453,0.906122411400152,-0.315665785668823));
#4867=DIRECTION('ref_axis',(0.901960670104006,-0.362206944757025,-0.235102272969262));
#4868=DIRECTION('center_axis',(1.,0.,0.));
#4869=DIRECTION('ref_axis',(0.,-1.72127603880392E-16,-1.));
#4870=DIRECTION('center_axis',(0.312802912543426,0.896948652116814,-0.312469923944979));
#4871=DIRECTION('ref_axis',(0.882116597851061,-0.396314417971737,-0.254568634956064));
#4872=DIRECTION('center_axis',(1.,0.,0.));
#4873=DIRECTION('ref_axis',(0.,-1.72127603880392E-16,-1.));
#4874=DIRECTION('center_axis',(-1.,0.,0.));
#4875=DIRECTION('ref_axis',(0.,0.,1.));
#4876=DIRECTION('',(0.,-1.,0.));
#4877=DIRECTION('center_axis',(-1.,0.,0.));
#4878=DIRECTION('ref_axis',(0.,-0.995798173675415,-0.0915750910712478));
#4879=DIRECTION('center_axis',(1.,0.,0.));
#4880=DIRECTION('ref_axis',(0.,0.318039231636598,0.948077553336225));
#4881=DIRECTION('',(1.,0.,0.));
#4882=DIRECTION('center_axis',(0.,0.,-1.));
#4883=DIRECTION('ref_axis',(0.,1.,0.));
#4884=DIRECTION('',(1.,0.,0.));
#4885=DIRECTION('',(1.,0.,0.));
#4886=DIRECTION('center_axis',(1.,0.,0.));
#4887=DIRECTION('ref_axis',(0.,0.207854310737974,0.978159795487241));
#4888=DIRECTION('',(1.,0.,0.));
#4889=DIRECTION('center_axis',(1.,0.,0.));
#4890=DIRECTION('ref_axis',(0.,0.207854310737974,0.978159795487241));
#4891=DIRECTION('',(1.,0.,0.));
#4892=DIRECTION('center_axis',(0.,0.707106781186548,-0.707106781186548));
#4893=DIRECTION('ref_axis',(0.,0.707106781186548,0.707106781186548));
#4894=DIRECTION('',(1.,0.,0.));
#4895=DIRECTION('',(0.,0.707106781186548,0.707106781186548));
#4896=DIRECTION('center_axis',(1.,0.,0.));
#4897=DIRECTION('ref_axis',(0.,1.,0.));
#4898=DIRECTION('center_axis',(1.,0.,0.));
#4899=DIRECTION('ref_axis',(0.,-0.70710678118653,0.707106781186565));
#4900=DIRECTION('center_axis',(1.,0.,0.));
#4901=DIRECTION('ref_axis',(0.,-0.70710678118653,0.707106781186565));
#4902=DIRECTION('center_axis',(0.,-0.560874420744035,-0.827900890297289));
#4903=DIRECTION('ref_axis',(0.,0.827900890297289,-0.560874420744035));
#4904=DIRECTION('',(1.,0.,0.));
#4905=DIRECTION('',(1.,0.,0.));
#4906=DIRECTION('center_axis',(1.,0.,0.));
#4907=DIRECTION('ref_axis',(0.,-0.827900890297292,0.56087442074403));
#4908=DIRECTION('',(1.,0.,0.));
#4909=DIRECTION('center_axis',(1.,0.,0.));
#4910=DIRECTION('ref_axis',(0.,0.557331213085147,0.830290261848854));
#4911=DIRECTION('',(1.,0.,0.));
#4912=DIRECTION('center_axis',(0.,0.557331213085155,0.830290261848849));
#4913=DIRECTION('ref_axis',(0.,-0.830290261848849,0.557331213085155));
#4914=DIRECTION('',(1.,0.,0.));
#4915=DIRECTION('center_axis',(1.,0.,0.));
#4916=DIRECTION('ref_axis',(0.,0.927679790586715,0.373376761645645));
#4917=DIRECTION('center_axis',(-1.,0.,0.));
#4918=DIRECTION('ref_axis',(0.,-0.70710678118653,0.707106781186565));
#4919=DIRECTION('',(-1.,0.,0.));
#4920=DIRECTION('center_axis',(-1.,0.,0.));
#4921=DIRECTION('ref_axis',(0.,-0.70710678118653,0.707106781186565));
#4922=DIRECTION('',(-1.,0.,0.));
#4923=DIRECTION('center_axis',(0.,0.707106781186548,-0.707106781186548));
#4924=DIRECTION('ref_axis',(0.,-0.707106781186548,-0.707106781186548));
#4925=DIRECTION('',(-1.,0.,0.));
#4926=DIRECTION('',(0.,-0.707106781186548,-0.707106781186548));
#4927=DIRECTION('center_axis',(-1.,0.,0.));
#4928=DIRECTION('ref_axis',(0.,0.207854310737974,0.978159795487241));
#4929=DIRECTION('center_axis',(-1.,0.,0.));
#4930=DIRECTION('ref_axis',(0.,0.207854310737974,0.978159795487241));
#4931=DIRECTION('center_axis',(-1.,0.,0.));
#4932=DIRECTION('ref_axis',(0.,1.,0.));
#4933=DIRECTION('',(-1.,0.,0.));
#4934=DIRECTION('center_axis',(0.,0.,-1.));
#4935=DIRECTION('ref_axis',(0.,-1.,0.));
#4936=DIRECTION('',(1.,0.,0.));
#4937=DIRECTION('center_axis',(1.,0.,0.));
#4938=DIRECTION('ref_axis',(0.,0.924332329328539,0.381588449717856));
#4939=DIRECTION('',(1.,0.,0.));
#4940=DIRECTION('center_axis',(1.,0.,0.));
#4941=DIRECTION('ref_axis',(0.,1.,0.));
#4942=DIRECTION('',(1.,0.,0.));
#4943=DIRECTION('center_axis',(1.,0.,0.));
#4944=DIRECTION('ref_axis',(0.,0.,-1.));
#4945=DIRECTION('center_axis',(0.,0.,-1.));
#4946=DIRECTION('ref_axis',(0.,1.,0.));
#4947=DIRECTION('',(1.,0.,0.));
#4948=DIRECTION('center_axis',(1.,0.,0.));
#4949=DIRECTION('ref_axis',(0.,-0.995798173675415,-0.0915750910712478));
#4950=DIRECTION('',(1.,0.,0.));
#4951=DIRECTION('center_axis',(0.,0.,1.));
#4952=DIRECTION('ref_axis',(0.,-1.,0.));
#4953=DIRECTION('center_axis',(-1.,0.,0.));
#4954=DIRECTION('ref_axis',(0.,0.,1.));
#4955=DIRECTION('center_axis',(-1.,0.,0.));
#4956=DIRECTION('ref_axis',(0.,-0.707106781186548,0.707106781186547));
#4957=DIRECTION('',(-1.,0.,0.));
#4958=DIRECTION('',(1.,0.,0.));
#4959=DIRECTION('center_axis',(0.,0.,1.));
#4960=DIRECTION('ref_axis',(1.,0.,0.));
#4961=DIRECTION('',(1.,0.,0.));
#4962=DIRECTION('center_axis',(-3.21804257082232E-15,0.,1.));
#4963=DIRECTION('ref_axis',(-1.,0.,-3.21804257082232E-15));
#4964=DIRECTION('',(0.,-1.,0.));
#4965=DIRECTION('',(-1.,0.,-3.21804257082232E-15));
#4966=DIRECTION('center_axis',(0.,0.,1.));
#4967=DIRECTION('ref_axis',(-1.,0.,0.));
#4968=DIRECTION('',(-1.,0.,0.));
#4969=DIRECTION('',(0.,-1.,0.));
#4970=DIRECTION('center_axis',(0.,-1.,0.));
#4971=DIRECTION('ref_axis',(1.,0.,0.));
#4972=DIRECTION('center_axis',(0.,-1.,0.));
#4973=DIRECTION('ref_axis',(1.,0.,0.));
#4974=DIRECTION('',(0.,1.,0.));
#4975=DIRECTION('center_axis',(0.,0.,1.));
#4976=DIRECTION('ref_axis',(-1.,0.,0.));
#4977=DIRECTION('',(-1.,0.,0.));
#4978=DIRECTION('',(0.,-1.,0.));
#4979=DIRECTION('center_axis',(-1.,0.,0.));
#4980=DIRECTION('ref_axis',(0.,0.,-1.));
#4981=DIRECTION('',(0.,0.,-1.));
#4982=DIRECTION('',(0.,-1.,0.));
#4983=DIRECTION('center_axis',(3.21804257082233E-15,0.,1.));
#4984=DIRECTION('ref_axis',(-1.,0.,3.21804257082233E-15));
#4985=DIRECTION('',(-1.,0.,3.21804257082233E-15));
#4986=DIRECTION('center_axis',(-1.99212159146144E-15,0.,-1.));
#4987=DIRECTION('ref_axis',(1.,0.,-1.99212159146144E-15));
#4988=DIRECTION('',(1.,0.,-1.99212159146144E-15));
#4989=DIRECTION('center_axis',(0.,0.,-1.));
#4990=DIRECTION('ref_axis',(1.,0.,0.));
#4991=DIRECTION('',(1.,0.,0.));
#4992=DIRECTION('',(0.,-1.,0.));
#4993=DIRECTION('center_axis',(0.,-1.,0.));
#4994=DIRECTION('ref_axis',(1.,0.,0.));
#4995=DIRECTION('center_axis',(0.,-1.,0.));
#4996=DIRECTION('ref_axis',(1.,0.,0.));
#4997=DIRECTION('',(0.,1.,0.));
#4998=DIRECTION('center_axis',(0.,0.,-1.));
#4999=DIRECTION('ref_axis',(1.,0.,0.));
#5000=DIRECTION('',(1.,0.,0.));
#5001=DIRECTION('center_axis',(1.68564134662122E-15,0.,-1.));
#5002=DIRECTION('ref_axis',(1.,0.,1.68564134662122E-15));
#5003=DIRECTION('',(1.,0.,1.68564134662122E-15));
#5004=DIRECTION('',(0.,-1.,0.));
#5005=DIRECTION('center_axis',(1.,0.,4.30319009700981E-17));
#5006=DIRECTION('ref_axis',(-4.30319009700981E-17,0.,1.));
#5007=DIRECTION('',(-4.30319009700981E-17,0.,1.));
#5008=DIRECTION('center_axis',(0.,1.,0.));
#5009=DIRECTION('ref_axis',(1.,0.,0.));
#5010=DIRECTION('center_axis',(1.,0.,0.));
#5011=DIRECTION('ref_axis',(0.,0.,-1.));
#5012=DIRECTION('center_axis',(0.,0.,-1.));
#5013=DIRECTION('ref_axis',(-1.,0.,0.));
#5014=DIRECTION('',(0.,0.,1.));
#5015=DIRECTION('',(1.,0.,0.));
#5016=CARTESIAN_POINT('',(0.,0.,0.));
#5017=CARTESIAN_POINT('',(0.,0.,0.));
#5018=CARTESIAN_POINT('Origin',(0.,-2.,-43.0000006407499));
#5019=CARTESIAN_POINT('',(1.50000002235174,-2.,-43.0000006407499));
#5020=CARTESIAN_POINT('',(-1.50000002235174,-2.,-43.0000006407499));
#5021=CARTESIAN_POINT('Origin',(0.,-2.,-43.0000006407499));
#5022=CARTESIAN_POINT('',(1.50000002235174,0.,-43.0000006407499));
#5023=CARTESIAN_POINT('',(1.50000002235174,-2.,-43.0000006407499));
#5024=CARTESIAN_POINT('',(-1.50000002235174,0.,-43.0000006407499));
#5025=CARTESIAN_POINT('Origin',(0.,0.,-43.0000006407499));
#5026=CARTESIAN_POINT('',(-1.50000002235174,-2.,-43.0000006407499));
#5027=CARTESIAN_POINT('Origin',(1.50000002235174,-2.,-43.0000006407499));
#5028=CARTESIAN_POINT('',(1.50000002235174,-2.,-41.0000006109476));
#5029=CARTESIAN_POINT('',(1.50000002235174,-2.,-18.9361032996732));
#5030=CARTESIAN_POINT('',(1.50000002235174,0.,-41.0000006109476));
#5031=CARTESIAN_POINT('',(1.50000002235174,-2.,-41.0000006109476));
#5032=CARTESIAN_POINT('',(1.50000002235174,0.,-18.9361032996732));
#5033=CARTESIAN_POINT('Origin',(-1.50000002235174,-2.,-41.0000006109476));
#5034=CARTESIAN_POINT('',(-1.50000002235174,-2.,-41.0000006109476));
#5035=CARTESIAN_POINT('',(-1.50000002235174,-2.,-17.936103284772));
#5036=CARTESIAN_POINT('',(-1.50000002235174,0.,-41.0000006109476));
#5037=CARTESIAN_POINT('',(-1.50000002235174,0.,-17.936103284772));
#5038=CARTESIAN_POINT('',(-1.50000002235174,-2.,-41.0000006109476));
#5039=CARTESIAN_POINT('Origin',(0.,-2.,-41.0000006109476));
#5040=CARTESIAN_POINT('Origin',(0.,-2.,-41.0000006109476));
#5041=CARTESIAN_POINT('',(0.,0.,-39.5000005289912));
#5042=CARTESIAN_POINT('Origin',(0.,0.,-41.0000006109476));
#5043=CARTESIAN_POINT('Origin',(0.,0.,-41.0000006109476));
#5044=CARTESIAN_POINT('Origin',(19.2724942848967,0.,5.12779404140362));
#5045=CARTESIAN_POINT('',(22.2449888610282,0.,-19.2233833880596));
#5046=CARTESIAN_POINT('',(16.3,0.,-19.2233833880596));
#5047=CARTESIAN_POINT('',(14.4543707136725,0.,-19.2233833880596));
#5048=CARTESIAN_POINT('',(22.2449888610282,0.,-6.00000008940697));
#5049=CARTESIAN_POINT('',(22.244988861,0.,2.56389702070181));
#5050=CARTESIAN_POINT('',(51.098948119576,0.,-6.00000008940697));
#5051=CARTESIAN_POINT('',(22.2449888610282,0.,-6.00000008940697));
#5052=CARTESIAN_POINT('',(-51.098948119576,0.,-6.00000008940697));
#5053=CARTESIAN_POINT('Origin',(0.,0.,0.));
#5054=CARTESIAN_POINT('',(-22.2449888610282,0.,-6.00000008940697));
#5055=CARTESIAN_POINT('',(-22.2449888610282,0.,-6.00000008940697));
#5056=CARTESIAN_POINT('',(-22.2449888610282,0.,-11.55011350827));
#5057=CARTESIAN_POINT('',(-22.244988861,0.,2.56389702070181));
#5058=CARTESIAN_POINT('',(-16.2999997087652,0.,-11.55011350827));
#5059=CARTESIAN_POINT('',(9.63624714244836,0.,-11.55011350827));
#5060=CARTESIAN_POINT('',(-16.2999997087652,0.,-25.7999995258547));
#5061=CARTESIAN_POINT('',(-16.2999997087652,0.,25.7999995258547));
#5062=CARTESIAN_POINT('',(16.2999997087652,0.,-25.7999995258547));
#5063=CARTESIAN_POINT('',(-16.2999997087652,0.,-25.7999995258547));
#5064=CARTESIAN_POINT('',(16.3,0.,-4.0736314271462));
#5065=CARTESIAN_POINT('',(-27.4497477663291,0.,-32.0000004768372));
#5066=CARTESIAN_POINT('',(27.4497477663291,0.,-32.0000004768372));
#5067=CARTESIAN_POINT('',(19.63624729146,0.,-32.0000004768372));
#5068=CARTESIAN_POINT('',(27.4497477663291,0.,-28.0000004172325));
#5069=CARTESIAN_POINT('',(27.4497477663291,0.,-3.15415457325542));
#5070=CARTESIAN_POINT('',(-27.4497477663291,0.,-28.0000004172325));
#5071=CARTESIAN_POINT('',(-0.363753006563252,0.,-28.0000004172325));
#5072=CARTESIAN_POINT('',(-27.4497477663291,0.,-4.15415458815658));
#5073=CARTESIAN_POINT('',(8.06215909252259,0.,-39.5000005289912));
#5074=CARTESIAN_POINT('',(3.93784108629135,0.,-39.5000005289912));
#5075=CARTESIAN_POINT('Origin',(6.00000008940697,0.,-41.0000006109476));
#5076=CARTESIAN_POINT('',(18.1811494404596,0.,-39.5000005289912));
#5077=CARTESIAN_POINT('',(17.1362472542071,0.,-39.5000005289912));
#5078=CARTESIAN_POINT('',(18.1811494404596,0.,-33.8000005066395));
#5079=CARTESIAN_POINT('',(18.1811494404596,0.,-4.60415459560716));
#5080=CARTESIAN_POINT('',(-18.1811494404596,0.,-33.8000005066395));
#5081=CARTESIAN_POINT('',(2.13624703068965,0.,-33.8000005066395));
#5082=CARTESIAN_POINT('',(-18.1811494404596,0.,-39.5000005289912));
#5083=CARTESIAN_POINT('',(-18.1811494404596,0.,-5.02915460119509));
#5084=CARTESIAN_POINT('',(-8.06215909252259,0.,-39.5000005289912));
#5085=CARTESIAN_POINT('',(17.1362472542071,0.,-39.5000005289912));
#5086=CARTESIAN_POINT('',(-3.93784108629135,0.,-39.5000005289912));
#5087=CARTESIAN_POINT('Origin',(-6.00000008940697,0.,-41.0000006109476));
#5088=CARTESIAN_POINT('',(17.1362472542071,0.,-39.5000005289912));
#5089=CARTESIAN_POINT('',(17.1362472542071,0.,-39.5000005289912));
#5090=CARTESIAN_POINT('Ctrl Pts',(6.64072004138633,0.117174508166568,-38.5389249856709));
#5091=CARTESIAN_POINT('Ctrl Pts',(6.2135434015457,0.143895238166198,-38.4309710039844));
#5092=CARTESIAN_POINT('Ctrl Pts',(5.78645677728977,0.143895238167545,-38.4309710039789));
#5093=CARTESIAN_POINT('Ctrl Pts',(5.3592801374276,0.117174508166568,-38.5389249856709));
#5094=CARTESIAN_POINT('Ctrl Pts',(6.55731744705721,-0.197312306830683,-38.859283500111));
#5095=CARTESIAN_POINT('Ctrl Pts',(6.18467239478983,-0.192171251942752,-38.7644404178939));
#5096=CARTESIAN_POINT('Ctrl Pts',(5.81532778404291,-0.192171251942491,-38.7644404178891));
#5097=CARTESIAN_POINT('Ctrl Pts',(5.44268273175672,-0.197312306830683,-38.859283500111));
#5098=CARTESIAN_POINT('Ctrl Pts',(6.47391485272809,-0.511799121827934,-39.1796420145511));
#5099=CARTESIAN_POINT('Ctrl Pts',(6.15580138803396,-0.528237742051702,-39.0979098318034));
#5100=CARTESIAN_POINT('Ctrl Pts',(5.84419879079607,-0.528237742052526,-39.0979098317992));
#5101=CARTESIAN_POINT('Ctrl Pts',(5.52608532608585,-0.511799121827935,-39.1796420145511));
#5102=CARTESIAN_POINT('Ctrl Pts',(6.39051225839896,-0.826285936825185,-39.5000005289912));
#5103=CARTESIAN_POINT('Ctrl Pts',(6.12693038127809,-0.864304232160652,-39.4313792457129));
#5104=CARTESIAN_POINT('Ctrl Pts',(5.87306979754922,-0.864304232162562,-39.4313792457094));
#5105=CARTESIAN_POINT('Ctrl Pts',(5.60948792041497,-0.826285936825186,-39.5000005289912));
#5106=CARTESIAN_POINT('',(5.60948792041497,-0.826285936825187,-39.5000005289912));
#5107=CARTESIAN_POINT('',(5.3592801374276,0.117174508166568,-38.5389249856709));
#5108=CARTESIAN_POINT('',(5.60948792041497,-0.826285936825187,-39.5000005289912));
#5109=CARTESIAN_POINT('',(6.64072004138633,0.117174508166568,-38.5389249856709));
#5110=CARTESIAN_POINT('Ctrl Pts',(5.3592801374276,0.117174508166568,-38.5389249856709));
#5111=CARTESIAN_POINT('Ctrl Pts',(5.78645677728977,0.143895238167545,-38.4309710039789));
#5112=CARTESIAN_POINT('Ctrl Pts',(6.2135434015457,0.143895238166198,-38.4309710039844));
#5113=CARTESIAN_POINT('Ctrl Pts',(6.64072004138633,0.117174508166568,-38.5389249856709));
#5114=CARTESIAN_POINT('',(6.39051225839896,-0.826285936825185,-39.5000005289912));
#5115=CARTESIAN_POINT('',(6.64072004138633,0.117174508166568,-38.5389249856709));
#5116=CARTESIAN_POINT('Ctrl Pts',(6.39051225839896,-0.826285936825185,-39.5000005289912));
#5117=CARTESIAN_POINT('Ctrl Pts',(6.12693038127809,-0.864304232160652,-39.4313792457129));
#5118=CARTESIAN_POINT('Ctrl Pts',(5.87306979754922,-0.864304232162562,-39.4313792457094));
#5119=CARTESIAN_POINT('Ctrl Pts',(5.60948792041497,-0.826285936825186,-39.5000005289912));
#5120=CARTESIAN_POINT('Origin',(6.00000008940697,-0.288675134594812,-41.0000006109476));
#5121=CARTESIAN_POINT('',(4.74653089143473,-0.577350269189624,-40.0882358552486));
#5122=CARTESIAN_POINT('',(3.93784108629135,0.,-39.5000005289912));
#5123=CARTESIAN_POINT('',(4.45000008940697,-0.577350269189624,-41.0000006109476));
#5124=CARTESIAN_POINT('Origin',(6.00000008940697,-0.577350269189624,-41.0000006109476));
#5125=CARTESIAN_POINT('',(7.25346928737921,-0.577350269189624,-40.0882358552486));
#5126=CARTESIAN_POINT('Origin',(6.00000008940697,-0.577350269189624,-41.0000006109476));
#5127=CARTESIAN_POINT('',(7.25346928737921,-0.577350269189624,-40.0882358552486));
#5128=CARTESIAN_POINT('Ctrl Pts',(5.3592801374276,0.117174508166569,-38.5389249856709));
#5129=CARTESIAN_POINT('Ctrl Pts',(4.79445199532126,0.0818434088652426,-38.6816655787233));
#5130=CARTESIAN_POINT('Ctrl Pts',(4.28145786364144,-4.09212822229476E-13,
-39.0276056007773));
#5131=CARTESIAN_POINT('Ctrl Pts',(3.93784108628882,0.,-39.5000005289947));
#5132=CARTESIAN_POINT('Ctrl Pts',(5.44268273175673,-0.197312306830683,-38.859283500111));
#5133=CARTESIAN_POINT('Ctrl Pts',(4.95159171123469,-0.203946852237298,-38.9842631234114));
#5134=CARTESIAN_POINT('Ctrl Pts',(4.50610390622517,-0.223325576921243,-39.2854350138715));
#5135=CARTESIAN_POINT('Ctrl Pts',(4.20740435467028,-0.192450089729649,-39.69607897108));
#5136=CARTESIAN_POINT('Ctrl Pts',(5.52608532608585,-0.511799121827934,-39.1796420145511));
#5137=CARTESIAN_POINT('Ctrl Pts',(5.10873142714812,-0.489737113339838,-39.2868606680995));
#5138=CARTESIAN_POINT('Ctrl Pts',(4.7307499488089,-0.446651153842078,-39.5432644269656));
#5139=CARTESIAN_POINT('Ctrl Pts',(4.47696762305173,-0.384900179459298,-39.8921574131654));
#5140=CARTESIAN_POINT('Ctrl Pts',(5.60948792041497,-0.826285936825185,-39.5000005289912));
#5141=CARTESIAN_POINT('Ctrl Pts',(5.26587114306156,-0.775527374442378,-39.5894582127877));
#5142=CARTESIAN_POINT('Ctrl Pts',(4.95539599139263,-0.669976730762912,-39.8010938400598));
#5143=CARTESIAN_POINT('Ctrl Pts',(4.74653089143319,-0.577350269188946,-40.0882358552507));
#5144=CARTESIAN_POINT('Ctrl Pts',(3.93784108628882,0.,-39.5000005289947));
#5145=CARTESIAN_POINT('Ctrl Pts',(4.28145786364144,-4.09212822229476E-13,
-39.0276056007773));
#5146=CARTESIAN_POINT('Ctrl Pts',(4.79445199532126,0.0818434088652426,-38.6816655787233));
#5147=CARTESIAN_POINT('Ctrl Pts',(5.3592801374276,0.117174508166569,-38.5389249856709));
#5148=CARTESIAN_POINT('Ctrl Pts',(5.60948792041497,-0.826285936825185,-39.5000005289912));
#5149=CARTESIAN_POINT('Ctrl Pts',(5.26587114306156,-0.775527374442378,-39.5894582127877));
#5150=CARTESIAN_POINT('Ctrl Pts',(4.95539599139263,-0.669976730762912,-39.8010938400598));
#5151=CARTESIAN_POINT('Ctrl Pts',(4.74653089143319,-0.577350269188946,-40.0882358552507));
#5152=CARTESIAN_POINT('Ctrl Pts',(8.06215909252259,0.,-39.5000005289912));
#5153=CARTESIAN_POINT('Ctrl Pts',(7.71854231517002,0.,-39.0276056007756));
#5154=CARTESIAN_POINT('Ctrl Pts',(7.2055481834913,0.0818434088653285,-38.6816655787229));
#5155=CARTESIAN_POINT('Ctrl Pts',(6.64072004138633,0.117174508166568,-38.5389249856709));
#5156=CARTESIAN_POINT('Ctrl Pts',(7.79259582414146,-0.192450089729875,-39.696078971077));
#5157=CARTESIAN_POINT('Ctrl Pts',(7.49389627258661,-0.223325576921125,-39.28543501387));
#5158=CARTESIAN_POINT('Ctrl Pts',(7.04840846757804,-0.203946852237282,-38.9842631234111));
#5159=CARTESIAN_POINT('Ctrl Pts',(6.55731744705721,-0.197312306830683,-38.859283500111));
#5160=CARTESIAN_POINT('Ctrl Pts',(7.52303255576034,-0.384900179459751,-39.8921574131628));
#5161=CARTESIAN_POINT('Ctrl Pts',(7.26925023000321,-0.446651153842251,-39.5432644269644));
#5162=CARTESIAN_POINT('Ctrl Pts',(6.89126875166479,-0.489737113339892,-39.2868606680993));
#5163=CARTESIAN_POINT('Ctrl Pts',(6.47391485272808,-0.511799121827934,-39.1796420145511));
#5164=CARTESIAN_POINT('Ctrl Pts',(7.25346928737921,-0.577350269189626,-40.0882358552486));
#5165=CARTESIAN_POINT('Ctrl Pts',(7.0446041874198,-0.669976730763376,-39.8010938400587));
#5166=CARTESIAN_POINT('Ctrl Pts',(6.73412903575154,-0.775527374442502,-39.5894582127875));
#5167=CARTESIAN_POINT('Ctrl Pts',(6.39051225839896,-0.826285936825185,-39.5000005289912));
#5168=CARTESIAN_POINT('Ctrl Pts',(6.64072004138633,0.117174508166568,-38.5389249856709));
#5169=CARTESIAN_POINT('Ctrl Pts',(7.2055481834913,0.0818434088653285,-38.6816655787229));
#5170=CARTESIAN_POINT('Ctrl Pts',(7.71854231517002,0.,-39.0276056007756));
#5171=CARTESIAN_POINT('Ctrl Pts',(8.06215909252259,0.,-39.5000005289912));
#5172=CARTESIAN_POINT('Ctrl Pts',(7.25346928737921,-0.577350269189626,-40.0882358552486));
#5173=CARTESIAN_POINT('Ctrl Pts',(7.0446041874198,-0.669976730763376,-39.8010938400587));
#5174=CARTESIAN_POINT('Ctrl Pts',(6.73412903575154,-0.775527374442502,-39.5894582127875));
#5175=CARTESIAN_POINT('Ctrl Pts',(6.39051225839896,-0.826285936825185,-39.5000005289912));
#5176=CARTESIAN_POINT('Origin',(17.1362472542071,4.,-39.5000005289912));
#5177=CARTESIAN_POINT('',(-5.3592801374276,0.117174508166568,-38.5389249856709));
#5178=CARTESIAN_POINT('Ctrl Pts',(-5.3592801374276,0.117174508166568,-38.5389249856709));
#5179=CARTESIAN_POINT('Ctrl Pts',(-4.79445199532264,0.0818434088653285,
-38.6816655787229));
#5180=CARTESIAN_POINT('Ctrl Pts',(-4.28145786364392,0.,-39.0276056007756));
#5181=CARTESIAN_POINT('Ctrl Pts',(-3.93784108629134,0.,-39.5000005289912));
#5182=CARTESIAN_POINT('',(-6.64072004138633,0.117174508166569,-38.5389249856709));
#5183=CARTESIAN_POINT('Ctrl Pts',(-6.64072004138633,0.117174508166568,-38.5389249856709));
#5184=CARTESIAN_POINT('Ctrl Pts',(-6.42713172151517,0.130534873163309,-38.4849479948401));
#5185=CARTESIAN_POINT('Ctrl Pts',(-6.20893447946424,0.137705003827841,-38.459482281098));
#5186=CARTESIAN_POINT('Ctrl Pts',(-5.7910656992318,0.137705003825392,-38.4594822811075));
#5187=CARTESIAN_POINT('Ctrl Pts',(-5.57286845740791,0.130534873170136,-38.4849479948125));
#5188=CARTESIAN_POINT('Ctrl Pts',(-5.3592801374276,0.117174508166568,-38.5389249856709));
#5189=CARTESIAN_POINT('Ctrl Pts',(-8.06215909252511,0.,-39.5000005289947));
#5190=CARTESIAN_POINT('Ctrl Pts',(-7.71854231517249,-4.09212822229477E-13,
-39.0276056007773));
#5191=CARTESIAN_POINT('Ctrl Pts',(-7.20554818349267,0.0818434088652428,
-38.6816655787233));
#5192=CARTESIAN_POINT('Ctrl Pts',(-6.64072004138633,0.117174508166569,-38.5389249856709));
#5193=CARTESIAN_POINT('',(-15.5248534181646,2.03824762596807,-36.0140963962044));
#5194=CARTESIAN_POINT('Ctrl Pts',(-15.5248534181629,2.03824762597461,-36.0140963962007));
#5195=CARTESIAN_POINT('Ctrl Pts',(-15.5534180366891,1.9316430183347,-36.0740899686437));
#5196=CARTESIAN_POINT('Ctrl Pts',(-15.5880603998023,1.82813928723163,-36.1388142048382));
#5197=CARTESIAN_POINT('Ctrl Pts',(-15.7522958461084,1.41747507206425,-36.4220734538769));
#5198=CARTESIAN_POINT('Ctrl Pts',(-15.9281656959729,1.14868668422155,-36.6757985093037));
#5199=CARTESIAN_POINT('Ctrl Pts',(-16.3826659621836,0.62931521032687,-37.293211650693));
#5200=CARTESIAN_POINT('Ctrl Pts',(-16.7224044488041,0.385673672660857,-37.7224250922777));
#5201=CARTESIAN_POINT('Ctrl Pts',(-17.4455301994426,0.0710371610933556,
-38.6132207802231));
#5202=CARTESIAN_POINT('Ctrl Pts',(-17.8287169137805,0.,-39.0749509090235));
#5203=CARTESIAN_POINT('Ctrl Pts',(-18.1811494404596,0.,-39.5000005289912));
#5204=CARTESIAN_POINT('',(-15.0000002235174,3.99702641490627,-35.5000005289912));
#5205=CARTESIAN_POINT('Origin',(-14.9992034537929,4.,-39.5000005289912));
#5206=CARTESIAN_POINT('',(-15.0000002235174,4.,-35.5000005289912));
#5207=CARTESIAN_POINT('Origin',(-15.0000002235174,4.,-39.5000005289912));
#5208=CARTESIAN_POINT('',(15.0000002235174,4.,-35.5000005289912));
#5209=CARTESIAN_POINT('',(15.0000002235174,4.,-35.5000005289912));
#5210=CARTESIAN_POINT('',(15.0000002235174,3.99702641490627,-35.5000005289912));
#5211=CARTESIAN_POINT('Origin',(15.0000002235174,4.,-39.5000005289912));
#5212=CARTESIAN_POINT('',(15.5248534181646,2.03824762596807,-36.0140963962044));
#5213=CARTESIAN_POINT('Origin',(14.9992034537929,4.,-39.5000005289912));
#5214=CARTESIAN_POINT('Ctrl Pts',(18.1811494404596,0.,-39.5000005289912));
#5215=CARTESIAN_POINT('Ctrl Pts',(17.8287169137805,0.,-39.0749509090235));
#5216=CARTESIAN_POINT('Ctrl Pts',(17.4455301994426,0.0710371610933546,-38.6132207802231));
#5217=CARTESIAN_POINT('Ctrl Pts',(16.7224044488041,0.385673672660855,-37.7224250922777));
#5218=CARTESIAN_POINT('Ctrl Pts',(16.3826659621836,0.629315210326871,-37.293211650693));
#5219=CARTESIAN_POINT('Ctrl Pts',(15.9281656959729,1.14868668422155,-36.6757985093037));
#5220=CARTESIAN_POINT('Ctrl Pts',(15.7522958461084,1.41747507206424,-36.4220734538769));
#5221=CARTESIAN_POINT('Ctrl Pts',(15.5880603998031,1.8281392872296,-36.1388142048396));
#5222=CARTESIAN_POINT('Ctrl Pts',(15.5534180366906,1.93164301833046,-36.0740899686463));
#5223=CARTESIAN_POINT('Ctrl Pts',(15.5248534181646,2.03824762596807,-36.0140963962044));
#5224=CARTESIAN_POINT('Origin',(6.00000008940697,-2.,-41.0000006109476));
#5225=CARTESIAN_POINT('',(4.45000008940697,-2.,-41.0000006109476));
#5226=CARTESIAN_POINT('Origin',(6.00000008940697,-2.,-41.0000006109476));
#5227=CARTESIAN_POINT('',(4.45000008940697,-2.,-41.0000006109476));
#5228=CARTESIAN_POINT('Ctrl Pts',(-5.3592801374276,0.117174508166568,-38.5389249856709));
#5229=CARTESIAN_POINT('Ctrl Pts',(-5.57286845740791,0.130534873170136,-38.4849479948125));
#5230=CARTESIAN_POINT('Ctrl Pts',(-5.7910656992318,0.137705003825392,-38.4594822811075));
#5231=CARTESIAN_POINT('Ctrl Pts',(-6.20893447946424,0.137705003827841,-38.459482281098));
#5232=CARTESIAN_POINT('Ctrl Pts',(-6.42713172151517,0.130534873163309,-38.4849479948401));
#5233=CARTESIAN_POINT('Ctrl Pts',(-6.64072004138633,0.117174508166568,-38.5389249856709));
#5234=CARTESIAN_POINT('Ctrl Pts',(-5.44268273175673,-0.197312306830683,
-38.859283500111));
#5235=CARTESIAN_POINT('Ctrl Pts',(-5.62902338079356,-0.19485657799315,-38.8119013097322));
#5236=CARTESIAN_POINT('Ctrl Pts',(-5.81854812185864,-0.193384832035827,
-38.789661726154));
#5237=CARTESIAN_POINT('Ctrl Pts',(-6.1814520568528,-0.193384832035903,-38.789661726146));
#5238=CARTESIAN_POINT('Ctrl Pts',(-6.3709767981149,-0.194856577996772,-38.8119013097579));
#5239=CARTESIAN_POINT('Ctrl Pts',(-6.55731744705721,-0.197312306830683,
-38.859283500111));
#5240=CARTESIAN_POINT('Ctrl Pts',(-5.52608532608585,-0.511799121827934,
-39.1796420145511));
#5241=CARTESIAN_POINT('Ctrl Pts',(-5.68512393562677,-0.519903633334974,
-39.1387365724226));
#5242=CARTESIAN_POINT('Ctrl Pts',(-5.84603185458294,-0.524416572016838,
-39.1198213387271));
#5243=CARTESIAN_POINT('Ctrl Pts',(-6.15396832414432,-0.524416572017795,
-39.1198213387196));
#5244=CARTESIAN_POINT('Ctrl Pts',(-6.31487624326911,-0.519903633328464,
-39.1387365724421));
#5245=CARTESIAN_POINT('Ctrl Pts',(-6.47391485272809,-0.511799121827935,
-39.1796420145511));
#5246=CARTESIAN_POINT('Ctrl Pts',(-5.60948792041497,-0.826285936825184,
-39.5000005289912));
#5247=CARTESIAN_POINT('Ctrl Pts',(-5.74127885901241,-0.845295084498259,
-39.4656898873424));
#5248=CARTESIAN_POINT('Ctrl Pts',(-5.87351427720978,-0.855506407878057,
-39.4500007837736));
#5249=CARTESIAN_POINT('Ctrl Pts',(-6.12648590153288,-0.855506407881539,
-39.4500007837676));
#5250=CARTESIAN_POINT('Ctrl Pts',(-6.25872131986884,-0.845295084488545,
-39.46568988736));
#5251=CARTESIAN_POINT('Ctrl Pts',(-6.39051225839896,-0.826285936825186,
-39.5000005289912));
#5252=CARTESIAN_POINT('',(-6.39051225839896,-0.826285936825186,-39.5000005289912));
#5253=CARTESIAN_POINT('',(-6.39051225839896,-0.826285936825186,-39.5000005289912));
#5254=CARTESIAN_POINT('',(-5.60948792041498,-0.826285936825185,-39.5000005289912));
#5255=CARTESIAN_POINT('',(-5.3592801374276,0.117174508166568,-38.5389249856709));
#5256=CARTESIAN_POINT('Ctrl Pts',(-5.60948792041497,-0.826285936825184,
-39.5000005289912));
#5257=CARTESIAN_POINT('Ctrl Pts',(-5.74127885901241,-0.845295084498259,
-39.4656898873424));
#5258=CARTESIAN_POINT('Ctrl Pts',(-5.87351427720978,-0.855506407878057,
-39.4500007837736));
#5259=CARTESIAN_POINT('Ctrl Pts',(-6.12648590153288,-0.855506407881539,
-39.4500007837676));
#5260=CARTESIAN_POINT('Ctrl Pts',(-6.25872131986884,-0.845295084488545,
-39.46568988736));
#5261=CARTESIAN_POINT('Ctrl Pts',(-6.39051225839896,-0.826285936825186,
-39.5000005289912));
#5262=CARTESIAN_POINT('Origin',(-6.00000008940697,-0.288675134594812,-41.0000006109476));
#5263=CARTESIAN_POINT('',(-7.25346928737921,-0.577350269189624,-40.0882358552486));
#5264=CARTESIAN_POINT('',(-8.06215909252259,0.,-39.5000005289912));
#5265=CARTESIAN_POINT('',(-7.55000008940697,-0.577350269189624,-41.0000006109476));
#5266=CARTESIAN_POINT('Origin',(-6.00000008940697,-0.577350269189624,-41.0000006109476));
#5267=CARTESIAN_POINT('',(-4.74653089143473,-0.577350269189624,-40.0882358552486));
#5268=CARTESIAN_POINT('Origin',(-6.00000008940697,-0.577350269189624,-41.0000006109476));
#5269=CARTESIAN_POINT('',(-4.74653089143473,-0.577350269189624,-40.0882358552486));
#5270=CARTESIAN_POINT('Ctrl Pts',(-6.64072004138633,0.117174508166569,-38.5389249856709));
#5271=CARTESIAN_POINT('Ctrl Pts',(-7.20554818349267,0.0818434088652428,
-38.6816655787233));
#5272=CARTESIAN_POINT('Ctrl Pts',(-7.71854231517249,-4.09212822229477E-13,
-39.0276056007773));
#5273=CARTESIAN_POINT('Ctrl Pts',(-8.06215909252511,0.,-39.5000005289947));
#5274=CARTESIAN_POINT('Ctrl Pts',(-6.5573174470572,-0.197312306830683,-38.859283500111));
#5275=CARTESIAN_POINT('Ctrl Pts',(-7.04840846757924,-0.203946852237298,
-38.9842631234114));
#5276=CARTESIAN_POINT('Ctrl Pts',(-7.49389627258876,-0.223325576921244,
-39.2854350138715));
#5277=CARTESIAN_POINT('Ctrl Pts',(-7.79259582414366,-0.192450089729649,
-39.69607897108));
#5278=CARTESIAN_POINT('Ctrl Pts',(-6.47391485272808,-0.511799121827934,
-39.1796420145511));
#5279=CARTESIAN_POINT('Ctrl Pts',(-6.89126875166581,-0.489737113339838,
-39.2868606680995));
#5280=CARTESIAN_POINT('Ctrl Pts',(-7.26925023000503,-0.446651153842078,
-39.5432644269656));
#5281=CARTESIAN_POINT('Ctrl Pts',(-7.5230325557622,-0.384900179459298,-39.8921574131654));
#5282=CARTESIAN_POINT('Ctrl Pts',(-6.39051225839896,-0.826285936825185,
-39.5000005289912));
#5283=CARTESIAN_POINT('Ctrl Pts',(-6.73412903575238,-0.775527374442379,
-39.5894582127877));
#5284=CARTESIAN_POINT('Ctrl Pts',(-7.0446041874213,-0.669976730762912,-39.8010938400598));
#5285=CARTESIAN_POINT('Ctrl Pts',(-7.25346928738074,-0.577350269188946,
-40.0882358552507));
#5286=CARTESIAN_POINT('Ctrl Pts',(-6.39051225839896,-0.826285936825185,
-39.5000005289912));
#5287=CARTESIAN_POINT('Ctrl Pts',(-6.73412903575238,-0.775527374442379,
-39.5894582127877));
#5288=CARTESIAN_POINT('Ctrl Pts',(-7.0446041874213,-0.669976730762912,-39.8010938400598));
#5289=CARTESIAN_POINT('Ctrl Pts',(-7.25346928738074,-0.577350269188946,
-40.0882358552507));
#5290=CARTESIAN_POINT('Ctrl Pts',(-3.93784108629134,0.,-39.5000005289912));
#5291=CARTESIAN_POINT('Ctrl Pts',(-4.28145786364392,0.,-39.0276056007756));
#5292=CARTESIAN_POINT('Ctrl Pts',(-4.79445199532264,0.0818434088653285,
-38.6816655787229));
#5293=CARTESIAN_POINT('Ctrl Pts',(-5.3592801374276,0.117174508166568,-38.5389249856709));
#5294=CARTESIAN_POINT('Ctrl Pts',(-4.20740435467247,-0.192450089729875,
-39.696078971077));
#5295=CARTESIAN_POINT('Ctrl Pts',(-4.50610390622732,-0.223325576921125,
-39.28543501387));
#5296=CARTESIAN_POINT('Ctrl Pts',(-4.95159171123589,-0.203946852237282,
-38.9842631234111));
#5297=CARTESIAN_POINT('Ctrl Pts',(-5.44268273175673,-0.197312306830683,
-38.859283500111));
#5298=CARTESIAN_POINT('Ctrl Pts',(-4.4769676230536,-0.38490017945975,-39.8921574131628));
#5299=CARTESIAN_POINT('Ctrl Pts',(-4.73074994881073,-0.44665115384225,-39.5432644269644));
#5300=CARTESIAN_POINT('Ctrl Pts',(-5.10873142714915,-0.489737113339892,
-39.2868606680993));
#5301=CARTESIAN_POINT('Ctrl Pts',(-5.52608532608585,-0.511799121827934,
-39.1796420145511));
#5302=CARTESIAN_POINT('Ctrl Pts',(-4.74653089143472,-0.577350269189625,
-40.0882358552486));
#5303=CARTESIAN_POINT('Ctrl Pts',(-4.95539599139413,-0.669976730763375,
-39.8010938400587));
#5304=CARTESIAN_POINT('Ctrl Pts',(-5.2658711430624,-0.775527374442502,-39.5894582127875));
#5305=CARTESIAN_POINT('Ctrl Pts',(-5.60948792041498,-0.826285936825185,
-39.5000005289912));
#5306=CARTESIAN_POINT('Ctrl Pts',(-4.74653089143472,-0.577350269189625,
-40.0882358552486));
#5307=CARTESIAN_POINT('Ctrl Pts',(-4.95539599139413,-0.669976730763375,
-39.8010938400587));
#5308=CARTESIAN_POINT('Ctrl Pts',(-5.2658711430624,-0.775527374442502,-39.5894582127875));
#5309=CARTESIAN_POINT('Ctrl Pts',(-5.60948792041498,-0.826285936825185,
-39.5000005289912));
#5310=CARTESIAN_POINT('Origin',(-6.00000008940697,-2.,-41.0000006109476));
#5311=CARTESIAN_POINT('',(-7.55000008940697,-2.,-41.0000006109476));
#5312=CARTESIAN_POINT('Origin',(-6.00000008940697,-2.,-41.0000006109476));
#5313=CARTESIAN_POINT('',(-7.55000008940697,-2.,-41.0000006109476));
#5314=CARTESIAN_POINT('Origin',(4.81812357122418,18.2853419187542,33.05011350827));
#5315=CARTESIAN_POINT('',(-16.3,18.2853419187542,7.55011350826997));
#5316=CARTESIAN_POINT('',(-16.2999997087652,11.6854562686399,8.41900493789872));
#5317=CARTESIAN_POINT('Origin',(-16.2999997087652,18.2853419187542,33.05011350827));
#5318=CARTESIAN_POINT('',(-22.244988861,18.2853419187542,7.55011350826997));
#5319=CARTESIAN_POINT('',(4.81812357122418,18.2853419187542,7.55011350826997));
#5320=CARTESIAN_POINT('',(-22.2449888610282,11.6854562686399,8.41900493789872));
#5321=CARTESIAN_POINT('Origin',(-22.2449888610282,18.2853419187542,33.05011350827));
#5322=CARTESIAN_POINT('',(4.81812357122418,11.6854562686399,8.41900493789872));
#5323=CARTESIAN_POINT('Origin',(-16.2999997087652,0.,3.59999991953376));
#5324=CARTESIAN_POINT('',(-16.2999997087652,7.41180954897479,9.5641251251689));
#5325=CARTESIAN_POINT('',(-16.2999997087652,4.72581500616091,10.2838351937903));
#5326=CARTESIAN_POINT('',(-16.3,0.,19.2233833880596));
#5327=CARTESIAN_POINT('Origin',(-16.2999997087652,10.,19.2233833880596));
#5328=CARTESIAN_POINT('',(-16.2999997087652,2.22044604925031E-15,25.7999995258547));
#5329=CARTESIAN_POINT('',(-16.3,0.,9.20142546854981));
#5330=CARTESIAN_POINT('',(-16.2999997087652,32.5,25.7999995258547));
#5331=CARTESIAN_POINT('',(-16.2999997087652,0.,25.7999995258547));
#5332=CARTESIAN_POINT('',(-16.2999997087652,32.5000004842877,7.55011350826997));
#5333=CARTESIAN_POINT('',(-16.2999997087652,32.5,25.7999995258547));
#5334=CARTESIAN_POINT('',(-16.3,5.60886882809754,7.55011350826998));
#5335=CARTESIAN_POINT('Origin',(9.63624714244836,7.46410161513778,9.55011350826998));
#5336=CARTESIAN_POINT('',(-22.2449888610282,7.41180954897479,9.5641251251689));
#5337=CARTESIAN_POINT('',(-22.2449888610282,5.62581498604435,10.0426809259925));
#5338=CARTESIAN_POINT('',(14.4543707136725,7.41180954897479,9.5641251251689));
#5339=CARTESIAN_POINT('Origin',(4.81812357122418,18.2853419187541,-33.05011350827));
#5340=CARTESIAN_POINT('',(16.3,18.2853419187541,-7.55011350826998));
#5341=CARTESIAN_POINT('',(16.2999997087652,11.6854562686399,-8.41900493789873));
#5342=CARTESIAN_POINT('Origin',(16.2999997087652,18.2853419187541,-33.05011350827));
#5343=CARTESIAN_POINT('',(22.244988861,18.2853419187541,-7.55011350826998));
#5344=CARTESIAN_POINT('',(4.81812357122418,18.2853419187541,-7.55011350826998));
#5345=CARTESIAN_POINT('',(22.2449888610282,11.6854562686399,-8.41900493789873));
#5346=CARTESIAN_POINT('Origin',(22.2449888610282,18.2853419187541,-33.05011350827));
#5347=CARTESIAN_POINT('',(4.81812357122418,11.6854562686399,-8.41900493789873));
#5348=CARTESIAN_POINT('Origin',(9.63624714244836,7.46410161513776,-9.55011350826998));
#5349=CARTESIAN_POINT('',(22.2449888610282,7.41180954897479,-9.56412512516891));
#5350=CARTESIAN_POINT('',(22.2449888610282,5.62581498604435,-10.0426809259925));
#5351=CARTESIAN_POINT('',(16.2999997087652,7.41180954897479,-9.5641251251689));
#5352=CARTESIAN_POINT('',(14.4543707136725,7.41180954897479,-9.5641251251689));
#5353=CARTESIAN_POINT('',(16.2999997087652,4.72581500616091,-10.2838351937903));
#5354=CARTESIAN_POINT('Origin',(4.81812357122418,18.2853419187541,33.05011350827));
#5355=CARTESIAN_POINT('',(16.2999997087652,11.6854562686399,8.41900493789873));
#5356=CARTESIAN_POINT('',(16.3,18.2853419187541,7.55011350826997));
#5357=CARTESIAN_POINT('Origin',(16.2999997087652,18.2853419187541,33.05011350827));
#5358=CARTESIAN_POINT('',(22.2449888610282,11.6854562686399,8.41900493789873));
#5359=CARTESIAN_POINT('',(4.81812357122418,11.6854562686399,8.41900493789872));
#5360=CARTESIAN_POINT('',(22.244988861,18.2853419187541,7.55011350826997));
#5361=CARTESIAN_POINT('Origin',(22.2449888610282,18.2853419187541,33.05011350827));
#5362=CARTESIAN_POINT('',(4.81812357122418,18.2853419187541,7.55011350826997));
#5363=CARTESIAN_POINT('Origin',(9.63624714244836,7.46410161513778,9.55011350826998));
#5364=CARTESIAN_POINT('',(16.2999997087652,7.41180954897479,9.5641251251689));
#5365=CARTESIAN_POINT('',(16.2999997087652,5.62581498604435,10.0426809259925));
#5366=CARTESIAN_POINT('',(22.2449888610282,7.41180954897479,9.5641251251689));
#5367=CARTESIAN_POINT('',(14.4543707136725,7.41180954897479,9.5641251251689));
#5368=CARTESIAN_POINT('',(22.2449888610282,4.72581500616092,10.2838351937903));
#5369=CARTESIAN_POINT('Origin',(14.4543707136725,10.,-19.2233833880596));
#5370=CARTESIAN_POINT('Origin',(16.2999997087652,10.,-19.2233833880596));
#5371=CARTESIAN_POINT('Origin',(22.2449888610282,10.,-19.2233833880596));
#5372=CARTESIAN_POINT('Origin',(14.4543707136725,10.,19.2233833880596));
#5373=CARTESIAN_POINT('',(-22.2449888610282,0.,19.2233833880596));
#5374=CARTESIAN_POINT('Origin',(-22.2449888610282,10.,19.2233833880596));
#5375=CARTESIAN_POINT('',(14.4543707136725,0.,19.2233833880596));
#5376=CARTESIAN_POINT('Origin',(19.2724942848967,0.,5.12779404140362));
#5377=CARTESIAN_POINT('',(-22.2449888610282,0.,6.00000008940697));
#5378=CARTESIAN_POINT('',(-22.244988861,0.,2.56389702070181));
#5379=CARTESIAN_POINT('',(-51.098948119576,0.,6.00000008940697));
#5380=CARTESIAN_POINT('',(-48.6312663878136,0.,6.00000008940697));
#5381=CARTESIAN_POINT('',(51.098948119576,0.,6.00000008940697));
#5382=CARTESIAN_POINT('Origin',(0.,0.,0.));
#5383=CARTESIAN_POINT('',(22.2449888610282,0.,6.00000008940697));
#5384=CARTESIAN_POINT('',(22.2449888610282,0.,6.00000008940697));
#5385=CARTESIAN_POINT('',(22.2449888610282,0.,19.2233833880596));
#5386=CARTESIAN_POINT('',(22.244988861,0.,2.56389702070181));
#5387=CARTESIAN_POINT('',(16.2999997087652,0.,19.2233833880596));
#5388=CARTESIAN_POINT('',(14.4543707136725,0.,19.2233833880596));
#5389=CARTESIAN_POINT('',(16.2999997087652,3.33066907387547E-15,25.7999995258547));
#5390=CARTESIAN_POINT('',(16.2999997087652,0.,12.0638971622628));
#5391=CARTESIAN_POINT('Origin',(-4.44089185034694E-15,0.,25.7999995258547));
#5392=CARTESIAN_POINT('Origin',(14.4543707136725,10.,19.2233833880596));
#5393=CARTESIAN_POINT('Origin',(16.2999997087652,10.,19.2233833880596));
#5394=CARTESIAN_POINT('Origin',(22.2449888610282,10.,19.2233833880596));
#5395=CARTESIAN_POINT('Origin',(16.2999997087652,0.,-3.59999991953375));
#5396=CARTESIAN_POINT('',(16.2999997087652,32.5000004842877,7.55011350826997));
#5397=CARTESIAN_POINT('',(16.3,16.6088689920103,7.55011350826997));
#5398=CARTESIAN_POINT('',(16.2999997087652,32.5,25.7999995258547));
#5399=CARTESIAN_POINT('',(16.2999997087652,32.5,-25.7999995258547));
#5400=CARTESIAN_POINT('',(16.2999997087652,5.,25.7999995258547));
#5401=CARTESIAN_POINT('Origin',(15.3999997087652,0.,-24.7999995258547));
#5402=CARTESIAN_POINT('',(15.3999997087652,29.7999995258547,-8.32667268468867E-16));
#5403=CARTESIAN_POINT('',(15.3999997087652,5.,-24.7999995258547));
#5404=CARTESIAN_POINT('Origin',(15.3999997087652,5.,0.));
#5405=CARTESIAN_POINT('',(15.3999997087652,1.,-24.7999995258547));
#5406=CARTESIAN_POINT('',(15.3999997087652,0.,-24.7999995258547));
#5407=CARTESIAN_POINT('',(15.3999997087652,-2.,-27.7999995258547));
#5408=CARTESIAN_POINT('Origin',(15.3999997087652,1.,-27.7999995258547));
#5409=CARTESIAN_POINT('',(15.3999997087652,-2.,21.6610025810601));
#5410=CARTESIAN_POINT('',(15.3999997087652,-2.,-9.83610274222553));
#5411=CARTESIAN_POINT('',(15.3999997087652,-0.108291735600727,21.6610025810601));
#5412=CARTESIAN_POINT('',(15.3999997087652,-0.999999977648258,21.6610025810601));
#5413=CARTESIAN_POINT('',(15.3999997087652,4.41952908690028,21.9923401119668));
#5414=CARTESIAN_POINT('Ctrl Pts',(15.3999997087652,-0.108291735672896,21.6610025810784));
#5415=CARTESIAN_POINT('Ctrl Pts',(15.3999997087652,0.687577564194628,21.4587407850217));
#5416=CARTESIAN_POINT('Ctrl Pts',(15.3999997087652,1.77974601958847,21.3494084483698));
#5417=CARTESIAN_POINT('Ctrl Pts',(15.3999997087652,3.3367144070129,21.2394000240485));
#5418=CARTESIAN_POINT('Ctrl Pts',(15.3999997087652,4.03371991825597,21.2042581194206));
#5419=CARTESIAN_POINT('Ctrl Pts',(15.3999997087652,4.57866297439871,21.2158214535379));
#5420=CARTESIAN_POINT('Ctrl Pts',(15.3999997087652,4.6792897253214,21.2261068587115));
#5421=CARTESIAN_POINT('Ctrl Pts',(15.3999997087652,4.76907907767175,21.2506042658626));
#5422=CARTESIAN_POINT('Ctrl Pts',(15.3999997087652,4.78909914688516,21.2587458498693));
#5423=CARTESIAN_POINT('Ctrl Pts',(15.3999997087652,4.81516530840634,21.2747563598328));
#5424=CARTESIAN_POINT('Ctrl Pts',(15.3999997087652,4.82501504104665,21.2828001587584));
#5425=CARTESIAN_POINT('Ctrl Pts',(15.3999997087652,4.83834790881545,21.3007205337508));
#5426=CARTESIAN_POINT('Ctrl Pts',(15.3999997087652,4.84242168379233,21.309336746465));
#5427=CARTESIAN_POINT('Ctrl Pts',(15.3999997087652,4.84730171574131,21.3289946538553));
#5428=CARTESIAN_POINT('Ctrl Pts',(15.3999997087652,4.84769034573681,21.3395095642679));
#5429=CARTESIAN_POINT('Ctrl Pts',(15.3999997087652,4.84530600847974,21.3664656250724));
#5430=CARTESIAN_POINT('Ctrl Pts',(15.3999997087652,4.84042624853183,21.3842131910156));
#5431=CARTESIAN_POINT('Ctrl Pts',(15.3999997087652,4.81980561284395,21.4386668782894));
#5432=CARTESIAN_POINT('Ctrl Pts',(15.3999997087652,4.79596849896024,21.4832318702076));
#5433=CARTESIAN_POINT('Ctrl Pts',(15.3999997087652,4.66267490853595,21.7026575035053));
#5434=CARTESIAN_POINT('Ctrl Pts',(15.3999997087652,4.55551168785067,21.863633514783));
#5435=CARTESIAN_POINT('Ctrl Pts',(15.3999997087652,4.41952908690029,21.9923401119668));
#5436=CARTESIAN_POINT('',(15.3999997087652,26.999999396503,0.));
#5437=CARTESIAN_POINT('Origin',(15.3999997087652,5.00000007450581,0.));
#5438=CARTESIAN_POINT('',(15.3999997087652,13.4999996982515,0.));
#5439=CARTESIAN_POINT('',(15.3999997087652,22.9999994859099,-1.41926913115917E-14));
#5440=CARTESIAN_POINT('Origin',(15.3999997087652,24.1224994608201,-9.5300747854223E-15));
#5441=CARTESIAN_POINT('',(15.3999997087652,19.0553981275299,3.09950498436578));
#5442=CARTESIAN_POINT('',(15.3999997087652,9.81823948323722,4.03503430545558));
#5443=CARTESIAN_POINT('',(15.3999997087652,11.0229073157304,3.91302686541152));
#5444=CARTESIAN_POINT('',(15.3999997087652,0.299192549724341,4.17125178585684));
#5445=CARTESIAN_POINT('Origin',(15.3999997087652,5.00000007450581,-1.98254111540207E-15));
#5446=CARTESIAN_POINT('',(15.3999997087652,0.,3.77505675413499));
#5447=CARTESIAN_POINT('',(15.3999997087652,-6.87105515688739,-5.32369225667329));
#5448=CARTESIAN_POINT('',(15.3999997087652,0.,-3.77505675413499));
#5449=CARTESIAN_POINT('',(15.3999997087652,0.,-9.83610274222553));
#5450=CARTESIAN_POINT('',(15.3999997087652,0.299192549724339,-4.17125178585683));
#5451=CARTESIAN_POINT('',(15.3999997087652,5.20517831954394,-10.6678279522468));
#5452=CARTESIAN_POINT('',(15.3999997087652,9.81823948323722,-4.03503430545558));
#5453=CARTESIAN_POINT('Origin',(15.3999997087652,5.00000007450581,0.));
#5454=CARTESIAN_POINT('',(15.3999997087652,19.0553981275299,-3.09950498436578));
#5455=CARTESIAN_POINT('',(15.3999997087652,1.7357113475759,-4.85362391191605));
#5456=CARTESIAN_POINT('Origin',(15.3999997087652,19.0000000745058,0.));
#5457=CARTESIAN_POINT('Origin',(9.63624714244836,7.46410161513776,-9.55011350826998));
#5458=CARTESIAN_POINT('',(-16.2999997087652,14.9282032302755,-7.55011350826998));
#5459=CARTESIAN_POINT('',(-16.2999997087652,5.62581498604435,-10.0426809259925));
#5460=CARTESIAN_POINT('',(-22.244988861,14.9282032302755,-7.55011350826998));
#5461=CARTESIAN_POINT('',(-22.2449888610282,4.72581500616091,-10.2838351937903));
#5462=CARTESIAN_POINT('',(9.63624714244836,14.9282032302755,-7.55011350826998));
#5463=CARTESIAN_POINT('Origin',(0.,0.,-7.55011350826998));
#5464=CARTESIAN_POINT('',(16.2999997087652,29.6705444112273,-7.55011350826998));
#5465=CARTESIAN_POINT('',(16.3,5.60886882809753,-7.55011350826998));
#5466=CARTESIAN_POINT('',(-16.2999997087652,29.6705444112273,-7.55011350826998));
#5467=CARTESIAN_POINT('',(-15.7999997087652,29.6705444112273,-7.55011350826998));
#5468=CARTESIAN_POINT('',(-16.2999997087652,16.2500002421439,-7.55011350826998));
#5469=CARTESIAN_POINT('',(-22.244988861,22.0000003278255,-7.55011350826998));
#5470=CARTESIAN_POINT('',(-22.244988861,22.0000003278255,-7.55011350826998));
#5471=CARTESIAN_POINT('',(-26.545,22.0000003278255,-7.55011350826998));
#5472=CARTESIAN_POINT('',(0.,22.0000003278255,-7.55011350826998));
#5473=CARTESIAN_POINT('',(-26.545,27.0000004023314,-7.55011350826998));
#5474=CARTESIAN_POINT('',(-26.545,22.0000003278255,-7.55011350826998));
#5475=CARTESIAN_POINT('',(-23.5,27.0000004023314,-7.55011350826998));
#5476=CARTESIAN_POINT('',(0.,27.0000004023314,-7.55011350826998));
#5477=CARTESIAN_POINT('',(-23.5,32.5000004842877,-7.55011350826998));
#5478=CARTESIAN_POINT('',(-23.5,22.0000003278255,-7.55011350826998));
#5479=CARTESIAN_POINT('',(23.5,32.5000004842877,-7.55011350826998));
#5480=CARTESIAN_POINT('',(0.,32.5000004842877,-7.55011350826998));
#5481=CARTESIAN_POINT('',(23.5,27.0000004023314,-7.55011350826998));
#5482=CARTESIAN_POINT('',(23.5,22.0000003278255,-7.55011350826998));
#5483=CARTESIAN_POINT('',(26.545,27.0000004023314,-7.55011350826998));
#5484=CARTESIAN_POINT('',(0.,27.0000004023314,-7.55011350826998));
#5485=CARTESIAN_POINT('',(26.545,22.0000003278255,-7.55011350826998));
#5486=CARTESIAN_POINT('',(26.545,22.0000003278255,-7.55011350826998));
#5487=CARTESIAN_POINT('',(22.244988861,22.0000003278255,-7.55011350826998));
#5488=CARTESIAN_POINT('',(0.,22.0000003278255,-7.55011350826998));
#5489=CARTESIAN_POINT('',(22.244988861,22.0000003278255,-7.55011350826998));
#5490=CARTESIAN_POINT('Origin',(0.,22.0000003278255,7.55011350826997));
#5491=CARTESIAN_POINT('',(22.244988861,22.0000003278255,7.55011350826997));
#5492=CARTESIAN_POINT('',(22.244988861,22.0000003278255,7.55011350826997));
#5493=CARTESIAN_POINT('',(26.545,22.0000003278255,7.55011350826997));
#5494=CARTESIAN_POINT('',(0.,22.0000003278255,7.55011350826997));
#5495=CARTESIAN_POINT('',(26.545,27.0000004023314,7.55011350826997));
#5496=CARTESIAN_POINT('',(26.545,22.0000003278255,7.55011350826997));
#5497=CARTESIAN_POINT('',(23.5,27.0000004023314,7.55011350826997));
#5498=CARTESIAN_POINT('',(0.,27.0000004023314,7.55011350826997));
#5499=CARTESIAN_POINT('',(23.5,32.5000004842877,7.55011350826997));
#5500=CARTESIAN_POINT('',(23.5,28.0000004172325,7.55011350826997));
#5501=CARTESIAN_POINT('',(0.,32.5000004842877,7.55011350826997));
#5502=CARTESIAN_POINT('Origin',(0.,4.44089209850063E-15,7.55011350826998));
#5503=CARTESIAN_POINT('',(-23.5,32.5000004842877,7.55011350826997));
#5504=CARTESIAN_POINT('',(0.,32.5000004842877,7.55011350826997));
#5505=CARTESIAN_POINT('',(-23.5,27.0000004023314,7.55011350826997));
#5506=CARTESIAN_POINT('',(-23.5,28.0000004172325,7.55011350826997));
#5507=CARTESIAN_POINT('',(-26.545,27.0000004023314,7.55011350826997));
#5508=CARTESIAN_POINT('',(0.,27.0000004023314,7.55011350826997));
#5509=CARTESIAN_POINT('',(-26.545,22.0000003278255,7.55011350826997));
#5510=CARTESIAN_POINT('',(-26.545,22.0000003278255,7.55011350826997));
#5511=CARTESIAN_POINT('',(-22.244988861,22.0000003278255,7.55011350826997));
#5512=CARTESIAN_POINT('',(0.,22.0000003278255,7.55011350826997));
#5513=CARTESIAN_POINT('',(-22.244988861,22.0000003278255,7.55011350826997));
#5514=CARTESIAN_POINT('Origin',(-2.22044604925031E-15,29.0000004321337,
25.7999995258547));
#5515=CARTESIAN_POINT('',(-10.1751430170351,29.0000004321337,37.226129915059));
#5516=CARTESIAN_POINT('Ctrl Pts',(-10.1751430170351,29.0000004321337,37.226129915059));
#5517=CARTESIAN_POINT('Ctrl Pts',(-10.1751430170351,29.194765687029,37.226129915059));
#5518=CARTESIAN_POINT('Ctrl Pts',(-10.2044982412713,29.4024211539387,37.2001978051928));
#5519=CARTESIAN_POINT('Ctrl Pts',(-10.3223592146235,29.784269269124,37.0935908669885));
#5520=CARTESIAN_POINT('Ctrl Pts',(-10.4107000844259,29.9584733589085,37.0127748461059));
#5521=CARTESIAN_POINT('Ctrl Pts',(-10.6111105778798,30.2335580337903,36.8233084119343));
#5522=CARTESIAN_POINT('Ctrl Pts',(-10.7365497729369,30.3528244660129,36.7019716914957));
#5523=CARTESIAN_POINT('Ctrl Pts',(-11.0054492010088,30.5110493519869,36.4304551139484));
#5524=CARTESIAN_POINT('Ctrl Pts',(-11.1487620113526,30.5500004321337,36.280124999096));
#5525=CARTESIAN_POINT('Ctrl Pts',(-11.4119240655956,30.5500004321337,35.9929340121418));
#5526=CARTESIAN_POINT('Ctrl Pts',(-11.5491915945443,30.5110493519869,35.8370644174913));
#5527=CARTESIAN_POINT('Ctrl Pts',(-11.7962388401629,30.3528244660129,35.5455240039418));
#5528=CARTESIAN_POINT('Ctrl Pts',(-11.9061810915328,30.2335580337903,35.4099869509006));
#5529=CARTESIAN_POINT('Ctrl Pts',(-12.0774596233095,29.9584733589085,35.1938259920839));
#5530=CARTESIAN_POINT('Ctrl Pts',(-12.150268700711,29.784269269124,35.0987777056361));
#5531=CARTESIAN_POINT('Ctrl Pts',(-12.2461977066564,29.4024211539387,34.9720738219894));
#5532=CARTESIAN_POINT('Ctrl Pts',(-12.2694726606436,29.194765687029,34.9405701709476));
#5533=CARTESIAN_POINT('Ctrl Pts',(-12.2694726606436,28.8052351772384,34.9405701709476));
#5534=CARTESIAN_POINT('Ctrl Pts',(-12.2461977066564,28.5975797103287,34.9720738219894));
#5535=CARTESIAN_POINT('Ctrl Pts',(-12.150268700711,28.2157315951434,35.0987777056361));
#5536=CARTESIAN_POINT('Ctrl Pts',(-12.0774596233095,28.0415275053588,35.1938259920839));
#5537=CARTESIAN_POINT('Ctrl Pts',(-11.9061810915328,27.7664428304771,35.4099869509006));
#5538=CARTESIAN_POINT('Ctrl Pts',(-11.7962388401629,27.6471763982545,35.5455240039418));
#5539=CARTESIAN_POINT('Ctrl Pts',(-11.5491915945443,27.4889515122804,35.8370644174913));
#5540=CARTESIAN_POINT('Ctrl Pts',(-11.4119240655956,27.4500004321337,35.9929340121418));
#5541=CARTESIAN_POINT('Ctrl Pts',(-11.1487620113526,27.4500004321337,36.280124999096));
#5542=CARTESIAN_POINT('Ctrl Pts',(-11.0054492010088,27.4889515122804,36.4304551139484));
#5543=CARTESIAN_POINT('Ctrl Pts',(-10.7365497729369,27.6471763982545,36.7019716914957));
#5544=CARTESIAN_POINT('Ctrl Pts',(-10.6111105778798,27.7664428304771,36.8233084119343));
#5545=CARTESIAN_POINT('Ctrl Pts',(-10.4107000844259,28.0415275053588,37.0127748461059));
#5546=CARTESIAN_POINT('Ctrl Pts',(-10.3223592146235,28.2157315951434,37.0935908669885));
#5547=CARTESIAN_POINT('Ctrl Pts',(-10.2044982412713,28.5975797103286,37.2001978051928));
#5548=CARTESIAN_POINT('Ctrl Pts',(-10.1751430170351,28.8052351772384,37.226129915059));
#5549=CARTESIAN_POINT('Ctrl Pts',(-10.1751430170351,29.0000004321337,37.226129915059));
#5550=CARTESIAN_POINT('',(-14.3934276383202,29.0000004321337,41.0914756144208));
#5551=CARTESIAN_POINT('',(1.04716482180427,29.0000004321337,26.9427793979104));
#5552=CARTESIAN_POINT('Ctrl Pts',(-14.3934276383202,29.0000004321337,41.0914756144208));
#5553=CARTESIAN_POINT('Ctrl Pts',(-14.3934276383202,28.8053029077275,41.0914756144208));
#5554=CARTESIAN_POINT('Ctrl Pts',(-14.4219327209216,28.597676324988,41.0648003171132));
#5555=CARTESIAN_POINT('Ctrl Pts',(-14.5367868017268,28.2158093577111,40.9554644170664));
#5556=CARTESIAN_POINT('Ctrl Pts',(-14.623017826753,28.0415629492527,40.8727009822989));
#5557=CARTESIAN_POINT('Ctrl Pts',(-14.8195127544879,27.7664070317234,40.6795499638201));
#5558=CARTESIAN_POINT('Ctrl Pts',(-14.9428742718477,27.6471304841023,40.5562522137356));
#5559=CARTESIAN_POINT('Ctrl Pts',(-15.2088168309757,27.4889252273264,40.2820013036252));
#5560=CARTESIAN_POINT('Ctrl Pts',(-15.3512884667852,27.4500004321337,40.1309398158639));
#5561=CARTESIAN_POINT('Ctrl Pts',(-15.6143596839811,27.4500004321337,39.8438479600447));
#5562=CARTESIAN_POINT('Ctrl Pts',(-15.7524291158793,27.4889252273271,39.6887525956038));
#5563=CARTESIAN_POINT('Ctrl Pts',(-16.0024579971051,27.6471304841043,39.3999194863377));
#5564=CARTESIAN_POINT('Ctrl Pts',(-16.1145348973061,27.7664070317259,39.2662812897642));
#5565=CARTESIAN_POINT('Ctrl Pts',(-16.2898252563963,28.0415629492548,39.0536998640072));
#5566=CARTESIAN_POINT('Ctrl Pts',(-16.3647582222402,28.2158093577123,38.9605836654062));
#5567=CARTESIAN_POINT('Ctrl Pts',(-16.4636678734139,28.597676324988,38.836637387437));
#5568=CARTESIAN_POINT('Ctrl Pts',(-16.4877572815049,28.8053029077272,38.805915869921));
#5569=CARTESIAN_POINT('Ctrl Pts',(-16.4877572815049,29.1946979565401,38.805915869921));
#5570=CARTESIAN_POINT('Ctrl Pts',(-16.4636678734139,29.4023245392793,38.836637387437));
#5571=CARTESIAN_POINT('Ctrl Pts',(-16.3647582222402,29.7841915065551,38.9605836654062));
#5572=CARTESIAN_POINT('Ctrl Pts',(-16.2898252563963,29.9584379150125,39.0536998640072));
#5573=CARTESIAN_POINT('Ctrl Pts',(-16.1145348973061,30.2335938325415,39.2662812897642));
#5574=CARTESIAN_POINT('Ctrl Pts',(-16.0024579971051,30.352870380163,39.3999194863377));
#5575=CARTESIAN_POINT('Ctrl Pts',(-15.7524291158793,30.5110756369402,39.6887525956038));
#5576=CARTESIAN_POINT('Ctrl Pts',(-15.6143596839811,30.5500004321337,39.8438479600447));
#5577=CARTESIAN_POINT('Ctrl Pts',(-15.3512884667852,30.5500004321337,40.1309398158639));
#5578=CARTESIAN_POINT('Ctrl Pts',(-15.2088168309756,30.511075636941,40.2820013036252));
#5579=CARTESIAN_POINT('Ctrl Pts',(-14.9428742718477,30.352870380165,40.5562522137356));
#5580=CARTESIAN_POINT('Ctrl Pts',(-14.8195127544879,30.2335938325439,40.6795499638201));
#5581=CARTESIAN_POINT('Ctrl Pts',(-14.623017826753,29.9584379150147,40.8727009822989));
#5582=CARTESIAN_POINT('Ctrl Pts',(-14.5367868017268,29.7841915065563,40.9554644170664));
#5583=CARTESIAN_POINT('Ctrl Pts',(-14.4219327209216,29.4023245392793,41.0648003171132));
#5584=CARTESIAN_POINT('Ctrl Pts',(-14.3934276383202,29.1946979565399,41.0914756144208));
#5585=CARTESIAN_POINT('Ctrl Pts',(-14.3934276383202,29.0000004321337,41.0914756144208));
#5586=CARTESIAN_POINT('Origin',(0.,29.0000004321337,25.7999995258547));
#5587=CARTESIAN_POINT('',(1.55,29.0000004321337,41.0212836730026));
#5588=CARTESIAN_POINT('Ctrl Pts',(1.55,29.0000004321337,41.0212836730026));
#5589=CARTESIAN_POINT('Ctrl Pts',(1.55,29.194765687029,41.0212836730026));
#5590=CARTESIAN_POINT('Ctrl Pts',(1.51104874106361,29.4024211539387,41.0254071350605));
#5591=CARTESIAN_POINT('Ctrl Pts',(1.35282414212206,29.784269269124,41.0402807560928));
#5592=CARTESIAN_POINT('Ctrl Pts',(1.23355809490344,29.9584733589085,41.0508139649854));
#5593=CARTESIAN_POINT('Ctrl Pts',(0.958473420021688,30.2335580337903,41.0705704122697));
#5594=CARTESIAN_POINT('Ctrl Pts',(0.784269114087639,30.3528244660129,41.0810799877805));
#5595=CARTESIAN_POINT('Ctrl Pts',(0.402420274454977,30.5110493519869,41.0958995009829));
#5596=CARTESIAN_POINT('Ctrl Pts',(0.194764556439998,30.5500004321337,41.0999992346199));
#5597=CARTESIAN_POINT('Ctrl Pts',(-0.194764556439997,30.5500004321337,41.0999992346199));
#5598=CARTESIAN_POINT('Ctrl Pts',(-0.402420274454976,30.5110493519869,41.0958995009828));
#5599=CARTESIAN_POINT('Ctrl Pts',(-0.784269114087639,30.3528244660129,41.0810799877805));
#5600=CARTESIAN_POINT('Ctrl Pts',(-0.958473420021687,30.2335580337903,41.0705704122697));
#5601=CARTESIAN_POINT('Ctrl Pts',(-1.23355809490344,29.9584733589085,41.0508139649854));
#5602=CARTESIAN_POINT('Ctrl Pts',(-1.35282414212206,29.784269269124,41.0402807560928));
#5603=CARTESIAN_POINT('Ctrl Pts',(-1.51104874106361,29.4024211539387,41.0254071350605));
#5604=CARTESIAN_POINT('Ctrl Pts',(-1.55,29.194765687029,41.0212836730026));
#5605=CARTESIAN_POINT('Ctrl Pts',(-1.55,28.8052351772384,41.0212836730026));
#5606=CARTESIAN_POINT('Ctrl Pts',(-1.51104874106361,28.5975797103286,41.0254071350605));
#5607=CARTESIAN_POINT('Ctrl Pts',(-1.35282414212206,28.2157315951434,41.0402807560928));
#5608=CARTESIAN_POINT('Ctrl Pts',(-1.23355809490344,28.0415275053588,41.0508139649854));
#5609=CARTESIAN_POINT('Ctrl Pts',(-0.958473420021687,27.7664428304771,41.0705704122697));
#5610=CARTESIAN_POINT('Ctrl Pts',(-0.784269114087639,27.6471763982545,41.0810799877805));
#5611=CARTESIAN_POINT('Ctrl Pts',(-0.402420274454976,27.4889515122804,41.0958995009828));
#5612=CARTESIAN_POINT('Ctrl Pts',(-0.194764556439998,27.4500004321337,41.0999992346199));
#5613=CARTESIAN_POINT('Ctrl Pts',(0.194764556439997,27.4500004321337,41.0999992346199));
#5614=CARTESIAN_POINT('Ctrl Pts',(0.402420274454976,27.4889515122804,41.0958995009828));
#5615=CARTESIAN_POINT('Ctrl Pts',(0.784269114087638,27.6471763982545,41.0810799877805));
#5616=CARTESIAN_POINT('Ctrl Pts',(0.958473420021686,27.7664428304771,41.0705704122697));
#5617=CARTESIAN_POINT('Ctrl Pts',(1.23355809490344,28.0415275053588,41.0508139649854));
#5618=CARTESIAN_POINT('Ctrl Pts',(1.35282414212206,28.2157315951434,41.0402807560928));
#5619=CARTESIAN_POINT('Ctrl Pts',(1.51104874106361,28.5975797103286,41.0254071350605));
#5620=CARTESIAN_POINT('Ctrl Pts',(1.55,28.8052351772384,41.0212836730026));
#5621=CARTESIAN_POINT('Ctrl Pts',(1.55,29.0000004321337,41.0212836730026));
#5622=CARTESIAN_POINT('',(1.55,29.0000004321337,46.7427190298326));
#5623=CARTESIAN_POINT('',(1.55,29.0000004321337,25.7999995258547));
#5624=CARTESIAN_POINT('Ctrl Pts',(1.55,29.0000004321337,46.7427190298326));
#5625=CARTESIAN_POINT('Ctrl Pts',(1.55,28.8053029077274,46.7427190298326));
#5626=CARTESIAN_POINT('Ctrl Pts',(1.51107515316957,28.597676324988,46.7457136115782));
#5627=CARTESIAN_POINT('Ctrl Pts',(1.35286997966892,28.2158093577116,46.7565266590074));
#5628=CARTESIAN_POINT('Ctrl Pts',(1.23359353879824,28.0415629492536,46.7641886734295));
#5629=CARTESIAN_POINT('Ctrl Pts',(0.958437621268955,27.7664070317244,46.7785689938125));
#5630=CARTESIAN_POINT('Ctrl Pts',(0.784191151327214,27.6471304841031,46.7862218922444));
#5631=CARTESIAN_POINT('Ctrl Pts',(0.402323981967974,27.4889252273267,46.7970140847397));
#5632=CARTESIAN_POINT('Ctrl Pts',(0.194697328560458,27.4500004321337,46.799999531112));
#5633=CARTESIAN_POINT('Ctrl Pts',(-0.194697328560853,27.4500004321337,46.7999995310982));
#5634=CARTESIAN_POINT('Ctrl Pts',(-0.402323981968555,27.4889252273268,46.7970140847112));
#5635=CARTESIAN_POINT('Ctrl Pts',(-0.784191151327893,27.6471304841035,46.7862218921889));
#5636=CARTESIAN_POINT('Ctrl Pts',(-0.958437621269564,27.7664070317249,46.7785689937446));
#5637=CARTESIAN_POINT('Ctrl Pts',(-1.23359353879851,28.041562949254,46.7641886733419));
#5638=CARTESIAN_POINT('Ctrl Pts',(-1.35286997966903,28.2158093577118,46.7565266589114));
#5639=CARTESIAN_POINT('Ctrl Pts',(-1.51107515316955,28.597676324988,46.7457136114709));
#5640=CARTESIAN_POINT('Ctrl Pts',(-1.55,28.8053029077273,46.7427190297226));
#5641=CARTESIAN_POINT('Ctrl Pts',(-1.55,29.19469795654,46.7427190297226));
#5642=CARTESIAN_POINT('Ctrl Pts',(-1.51107515316955,29.4023245392793,46.7457136114709));
#5643=CARTESIAN_POINT('Ctrl Pts',(-1.35286997966903,29.7841915065556,46.7565266589114));
#5644=CARTESIAN_POINT('Ctrl Pts',(-1.23359353879851,29.9584379150134,46.7641886733419));
#5645=CARTESIAN_POINT('Ctrl Pts',(-0.958437621269565,30.2335938325425,46.7785689937446));
#5646=CARTESIAN_POINT('Ctrl Pts',(-0.784191151327895,30.3528703801638,46.7862218921889));
#5647=CARTESIAN_POINT('Ctrl Pts',(-0.402323981968555,30.5110756369405,46.7970140847112));
#5648=CARTESIAN_POINT('Ctrl Pts',(-0.194697328560853,30.5500004321337,46.7999995310982));
#5649=CARTESIAN_POINT('Ctrl Pts',(0.194697328560457,30.5500004321337,46.799999531112));
#5650=CARTESIAN_POINT('Ctrl Pts',(0.402323981967979,30.5110756369407,46.7970140847397));
#5651=CARTESIAN_POINT('Ctrl Pts',(0.784191151327218,30.3528703801642,46.7862218922444));
#5652=CARTESIAN_POINT('Ctrl Pts',(0.958437621268955,30.2335938325429,46.7785689938125));
#5653=CARTESIAN_POINT('Ctrl Pts',(1.23359353879824,29.9584379150138,46.7641886734295));
#5654=CARTESIAN_POINT('Ctrl Pts',(1.35286997966893,29.7841915065558,46.7565266590074));
#5655=CARTESIAN_POINT('Ctrl Pts',(1.51107515316957,29.4023245392793,46.7457136115782));
#5656=CARTESIAN_POINT('Ctrl Pts',(1.55,29.19469795654,46.7427190298326));
#5657=CARTESIAN_POINT('Ctrl Pts',(1.55,29.0000004321337,46.7427190298326));
#5658=CARTESIAN_POINT('Origin',(0.,29.0000004321337,25.7999995258547));
#5659=CARTESIAN_POINT('',(12.2694726606436,29.0000004321337,34.9405701709476));
#5660=CARTESIAN_POINT('Ctrl Pts',(12.2694726606436,29.0000004321337,34.9405701709476));
#5661=CARTESIAN_POINT('Ctrl Pts',(12.2694726606436,29.194765687029,34.9405701709476));
#5662=CARTESIAN_POINT('Ctrl Pts',(12.2461977066564,29.4024211539387,34.9720738219894));
#5663=CARTESIAN_POINT('Ctrl Pts',(12.150268700711,29.784269269124,35.0987777056361));
#5664=CARTESIAN_POINT('Ctrl Pts',(12.0774596233095,29.9584733589085,35.1938259920839));
#5665=CARTESIAN_POINT('Ctrl Pts',(11.9061810915328,30.2335580337903,35.4099869509006));
#5666=CARTESIAN_POINT('Ctrl Pts',(11.7962388401629,30.3528244660129,35.5455240039418));
#5667=CARTESIAN_POINT('Ctrl Pts',(11.5491915945443,30.5110493519869,35.8370644174913));
#5668=CARTESIAN_POINT('Ctrl Pts',(11.4119240655956,30.5500004321337,35.9929340121418));
#5669=CARTESIAN_POINT('Ctrl Pts',(11.1487620113526,30.5500004321337,36.280124999096));
#5670=CARTESIAN_POINT('Ctrl Pts',(11.0054492010088,30.5110493519869,36.4304551139485));
#5671=CARTESIAN_POINT('Ctrl Pts',(10.7365497729369,30.3528244660129,36.7019716914957));
#5672=CARTESIAN_POINT('Ctrl Pts',(10.6111105778798,30.2335580337903,36.8233084119343));
#5673=CARTESIAN_POINT('Ctrl Pts',(10.4107000844259,29.9584733589085,37.0127748461059));
#5674=CARTESIAN_POINT('Ctrl Pts',(10.3223592146235,29.784269269124,37.0935908669885));
#5675=CARTESIAN_POINT('Ctrl Pts',(10.2044982412713,29.4024211539387,37.2001978051928));
#5676=CARTESIAN_POINT('Ctrl Pts',(10.1751430170351,29.194765687029,37.226129915059));
#5677=CARTESIAN_POINT('Ctrl Pts',(10.1751430170351,28.8052351772384,37.226129915059));
#5678=CARTESIAN_POINT('Ctrl Pts',(10.2044982412713,28.5975797103286,37.2001978051928));
#5679=CARTESIAN_POINT('Ctrl Pts',(10.3223592146235,28.2157315951434,37.0935908669885));
#5680=CARTESIAN_POINT('Ctrl Pts',(10.4107000844259,28.0415275053588,37.0127748461059));
#5681=CARTESIAN_POINT('Ctrl Pts',(10.6111105778798,27.7664428304771,36.8233084119343));
#5682=CARTESIAN_POINT('Ctrl Pts',(10.7365497729369,27.6471763982545,36.7019716914957));
#5683=CARTESIAN_POINT('Ctrl Pts',(11.0054492010088,27.4889515122804,36.4304551139485));
#5684=CARTESIAN_POINT('Ctrl Pts',(11.1487620113526,27.4500004321337,36.280124999096));
#5685=CARTESIAN_POINT('Ctrl Pts',(11.4119240655956,27.4500004321337,35.9929340121418));
#5686=CARTESIAN_POINT('Ctrl Pts',(11.5491915945443,27.4889515122804,35.8370644174913));
#5687=CARTESIAN_POINT('Ctrl Pts',(11.7962388401629,27.6471763982545,35.5455240039418));
#5688=CARTESIAN_POINT('Ctrl Pts',(11.9061810915328,27.7664428304771,35.4099869509006));
#5689=CARTESIAN_POINT('Ctrl Pts',(12.0774596233095,28.0415275053588,35.1938259920839));
#5690=CARTESIAN_POINT('Ctrl Pts',(12.150268700711,28.2157315951434,35.0987777056361));
#5691=CARTESIAN_POINT('Ctrl Pts',(12.2461977066564,28.5975797103287,34.9720738219894));
#5692=CARTESIAN_POINT('Ctrl Pts',(12.2694726606436,28.8052351772384,34.9405701709476));
#5693=CARTESIAN_POINT('Ctrl Pts',(12.2694726606436,29.0000004321337,34.9405701709476));
#5694=CARTESIAN_POINT('',(16.487757282368,29.0000004321337,38.8059158707119));
#5695=CARTESIAN_POINT('',(1.04716482180427,29.0000004321337,24.657219653799));
#5696=CARTESIAN_POINT('Ctrl Pts',(16.487757282368,29.0000004321337,38.8059158707119));
#5697=CARTESIAN_POINT('Ctrl Pts',(16.487757282368,28.8053029077273,38.8059158707119));
#5698=CARTESIAN_POINT('Ctrl Pts',(16.4636678742756,28.597676324988,38.8366373882266));
#5699=CARTESIAN_POINT('Ctrl Pts',(16.3647582230963,28.2158093577121,38.9605836661907));
#5700=CARTESIAN_POINT('Ctrl Pts',(16.2898252572481,28.0415629492545,39.0536998647879));
#5701=CARTESIAN_POINT('Ctrl Pts',(16.114534898148,27.7664070317255,39.2662812905362));
#5702=CARTESIAN_POINT('Ctrl Pts',(16.0024579979408,27.6471304841041,39.3999194871041));
#5703=CARTESIAN_POINT('Ctrl Pts',(15.7524291167015,27.488925227327,39.6887525963578));
#5704=CARTESIAN_POINT('Ctrl Pts',(15.6143596847961,27.4500004321337,39.8438479607919));
#5705=CARTESIAN_POINT('Ctrl Pts',(15.3512884675865,27.4500004321337,40.1309398165985));
#5706=CARTESIAN_POINT('Ctrl Pts',(15.2088168317695,27.4889252273265,40.2820013043532));
#5707=CARTESIAN_POINT('Ctrl Pts',(14.942874272628,27.6471304841026,40.5562522144513));
#5708=CARTESIAN_POINT('Ctrl Pts',(14.8195127552621,27.7664070317237,40.6795499645301));
#5709=CARTESIAN_POINT('Ctrl Pts',(14.6230178275177,28.041562949253,40.8727009829998));
#5710=CARTESIAN_POINT('Ctrl Pts',(14.5367868024873,28.2158093577113,40.9554644177633));
#5711=CARTESIAN_POINT('Ctrl Pts',(14.4219327216765,28.597676324988,41.0648003178049));
#5712=CARTESIAN_POINT('Ctrl Pts',(14.3934276390737,28.8053029077274,41.0914756151113));
#5713=CARTESIAN_POINT('Ctrl Pts',(14.3934276390737,29.1946979565399,41.0914756151113));
#5714=CARTESIAN_POINT('Ctrl Pts',(14.4219327216766,29.4023245392793,41.0648003178049));
#5715=CARTESIAN_POINT('Ctrl Pts',(14.5367868024873,29.7841915065561,40.9554644177633));
#5716=CARTESIAN_POINT('Ctrl Pts',(14.6230178275177,29.9584379150144,40.8727009829998));
#5717=CARTESIAN_POINT('Ctrl Pts',(14.8195127552621,30.2335938325436,40.6795499645301));
#5718=CARTESIAN_POINT('Ctrl Pts',(14.942874272628,30.3528703801648,40.5562522144513));
#5719=CARTESIAN_POINT('Ctrl Pts',(15.2088168317695,30.5110756369409,40.2820013043532));
#5720=CARTESIAN_POINT('Ctrl Pts',(15.3512884675865,30.5500004321337,40.1309398165985));
#5721=CARTESIAN_POINT('Ctrl Pts',(15.6143596847961,30.5500004321337,39.8438479607919));
#5722=CARTESIAN_POINT('Ctrl Pts',(15.7524291167015,30.5110756369403,39.6887525963578));
#5723=CARTESIAN_POINT('Ctrl Pts',(16.0024579979408,30.3528703801633,39.3999194871041));
#5724=CARTESIAN_POINT('Ctrl Pts',(16.114534898148,30.2335938325418,39.2662812905362));
#5725=CARTESIAN_POINT('Ctrl Pts',(16.289825257248,29.9584379150128,39.0536998647879));
#5726=CARTESIAN_POINT('Ctrl Pts',(16.3647582230963,29.7841915065552,38.9605836661907));
#5727=CARTESIAN_POINT('Ctrl Pts',(16.4636678742756,29.4023245392793,38.8366373882266));
#5728=CARTESIAN_POINT('Ctrl Pts',(16.487757282368,29.1946979565401,38.8059158707119));
#5729=CARTESIAN_POINT('Ctrl Pts',(16.487757282368,29.0000004321337,38.8059158707119));
#5730=CARTESIAN_POINT('Ctrl Pts',(15.6636011099013,25.2449994357,35.6438605777008));
#5731=CARTESIAN_POINT('Ctrl Pts',(16.4727792603978,25.2449994357,34.3562922430022));
#5732=CARTESIAN_POINT('Ctrl Pts',(15.4483619427497,25.2449994357,33.2323835923273));
#5733=CARTESIAN_POINT('Ctrl Pts',(17.7803039624142,25.2449994357,36.9741120705259));
#5734=CARTESIAN_POINT('Ctrl Pts',(19.6009548010314,25.2449994357,34.0770833174543));
#5735=CARTESIAN_POINT('Ctrl Pts',(17.2960158363232,25.2449994357,31.5482888534356));
#5736=CARTESIAN_POINT('Ctrl Pts',(17.7803039624142,27.7449994357,36.9741120705259));
#5737=CARTESIAN_POINT('Ctrl Pts',(19.6009548010314,27.7449994357,34.0770833174543));
#5738=CARTESIAN_POINT('Ctrl Pts',(17.2960158363232,27.7449994357,31.5482888534356));
#5739=CARTESIAN_POINT('',(17.7803039624142,27.7449994357,36.9741120705259));
#5740=CARTESIAN_POINT('',(15.6636011099013,25.2449994357,35.6438605777008));
#5741=CARTESIAN_POINT('Origin',(15.6636011099013,27.7449994357,35.6438605777008));
#5742=CARTESIAN_POINT('',(15.4483619427497,25.2449994357,33.2323835923273));
#5743=CARTESIAN_POINT('Origin',(13.9702388278909,25.2449994357,34.5796593834406));
#5744=CARTESIAN_POINT('',(17.2960158363233,27.7449994357,31.5482888534356));
#5745=CARTESIAN_POINT('Origin',(15.4483619427497,27.7449994357,33.2323835923273));
#5746=CARTESIAN_POINT('Origin',(13.9702388278909,27.7449994357,34.5796593834406));
#5747=CARTESIAN_POINT('Origin',(20.6217928447556,27.7449994357,28.5169183234305));
#5748=CARTESIAN_POINT('',(14.8617658377813,25.2449994357,32.4946172661519));
#5749=CARTESIAN_POINT('',(16.1603472149129,27.7449994357,27.9291233830326));
#5750=CARTESIAN_POINT('Ctrl Pts',(16.1603472149129,27.7449994357,27.9291233830326));
#5751=CARTESIAN_POINT('Ctrl Pts',(16.1600420079283,27.7430320806157,27.93143994664));
#5752=CARTESIAN_POINT('Ctrl Pts',(16.1597363026359,27.7410647242817,27.9337564460899));
#5753=CARTESIAN_POINT('Ctrl Pts',(16.0881410920618,27.2810670923055,28.4753753926985));
#5754=CARTESIAN_POINT('Ctrl Pts',(15.9867415095515,26.8030995352602,29.0346392161653));
#5755=CARTESIAN_POINT('Ctrl Pts',(15.7233560728054,26.0226485919274,30.1305825522158));
#5756=CARTESIAN_POINT('Ctrl Pts',(15.5628927435017,25.6926781862342,30.6851519812649));
#5757=CARTESIAN_POINT('Ctrl Pts',(15.212952938568,25.3340135628352,31.6685456458475));
#5758=CARTESIAN_POINT('Ctrl Pts',(15.0471524249019,25.2449994357,32.0830669500425));
#5759=CARTESIAN_POINT('Ctrl Pts',(14.8617658377813,25.2449994357,32.4946172661519));
#5760=CARTESIAN_POINT('Origin',(20.6217928447556,27.7449994357,28.5169183234305));
#5761=CARTESIAN_POINT('Origin',(20.6217928447556,25.2449994357,28.5169183234305));
#5762=CARTESIAN_POINT('Origin',(7.43527802949735E-10,27.7449994357,25.7999995304414));
#5763=CARTESIAN_POINT('',(17.4184929811616,27.7449994357,37.5301360308835));
#5764=CARTESIAN_POINT('',(15.3448628645107,25.2449994357,36.1336912094464));
#5765=CARTESIAN_POINT('Origin',(15.3448628645107,27.7449994357,36.1336912094464));
#5766=CARTESIAN_POINT('Origin',(7.43527802949735E-10,25.2449994357,25.7999995304414));
#5767=CARTESIAN_POINT('Origin',(7.43527802949735E-10,27.7449994357,25.7999995304414));
#5768=CARTESIAN_POINT('Ctrl Pts',(13.0295623914768,23.4654759814643,38.9193172509));
#5769=CARTESIAN_POINT('Ctrl Pts',(13.3185506825884,23.9388343993295,38.7033762054414));
#5770=CARTESIAN_POINT('Ctrl Pts',(14.1399469644251,24.8837291670707,38.0177271210607));
#5771=CARTESIAN_POINT('Ctrl Pts',(14.9735981418875,25.2449994357,36.8705700645452));
#5772=CARTESIAN_POINT('Ctrl Pts',(15.3448628645107,25.2449994357,36.1336912094464));
#5773=CARTESIAN_POINT('Ctrl Pts',(13.532357411452,23.4436543394349,39.5024783493363));
#5774=CARTESIAN_POINT('Ctrl Pts',(13.8136728983793,23.9265665271854,39.2750475800234));
#5775=CARTESIAN_POINT('Ctrl Pts',(14.640056705465,24.914988136052,38.5433510313736));
#5776=CARTESIAN_POINT('Ctrl Pts',(15.5502923559903,25.2768821788115,37.3178159935934));
#5777=CARTESIAN_POINT('Ctrl Pts',(15.9652915445805,25.2449994357,36.5515065229865));
#5778=CARTESIAN_POINT('Ctrl Pts',(14.0063773297201,23.8097288399634,40.86688771216));
#5779=CARTESIAN_POINT('Ctrl Pts',(14.332693600007,24.3654820669464,40.5699046644269));
#5780=CARTESIAN_POINT('Ctrl Pts',(15.3087972277728,25.5106682223987,39.6358175213231));
#5781=CARTESIAN_POINT('Ctrl Pts',(16.4689803427058,25.9220066127407,38.1673785418879));
#5782=CARTESIAN_POINT('Ctrl Pts',(17.0395515502432,25.8725623457355,37.2749454862513));
#5783=CARTESIAN_POINT('Ctrl Pts',(13.4696817984895,24.6272065736722,41.9176663332718));
#5784=CARTESIAN_POINT('Ctrl Pts',(13.9153395101135,25.3095210546027,41.5434929153763));
#5785=CARTESIAN_POINT('Ctrl Pts',(15.2126950748377,26.6819378531948,40.3850350873095));
#5786=CARTESIAN_POINT('Ctrl Pts',(16.6881744765561,27.198593931396,38.6141496017748));
#5787=CARTESIAN_POINT('Ctrl Pts',(17.4184929811616,27.184000747559,37.5301360308835));
#5788=CARTESIAN_POINT('Ctrl Pts',(13.1104145366406,24.9768518402222,42.2047863539517));
#5789=CARTESIAN_POINT('Ctrl Pts',(13.6068191389965,25.7131871569014,41.8080686041613));
#5790=CARTESIAN_POINT('Ctrl Pts',(15.0402978102258,27.1830234622766,40.5785871757663));
#5791=CARTESIAN_POINT('Ctrl Pts',(16.6366788697075,27.7449994357,38.691079350839));
#5792=CARTESIAN_POINT('Ctrl Pts',(17.4184929811616,27.7449994357,37.5301360308835));
#5793=CARTESIAN_POINT('',(13.4593877587639,23.5168345839818,39.5653555730457));
#5794=CARTESIAN_POINT('',(13.5652124632395,24.1921994297547,38.4800287432358));
#5795=CARTESIAN_POINT('Ctrl Pts',(13.4593877587639,23.5168345839819,39.5653555730457));
#5796=CARTESIAN_POINT('Ctrl Pts',(13.5066097980899,23.7450875940048,39.2112714401548));
#5797=CARTESIAN_POINT('Ctrl Pts',(13.5403576001884,23.9683604943368,38.8510924641667));
#5798=CARTESIAN_POINT('Ctrl Pts',(13.5648630391045,24.1890401861372,38.4852674323048));
#5799=CARTESIAN_POINT('Ctrl Pts',(13.5650379954733,24.1906199189093,38.4826481614634));
#5800=CARTESIAN_POINT('Ctrl Pts',(13.5652124632224,24.1921994297354,38.4800287432511));
#5801=CARTESIAN_POINT('Ctrl Pts',(13.565742881274,24.1918636716345,38.4801978065381));
#5802=CARTESIAN_POINT('Ctrl Pts',(13.7149435019295,24.3601498643097,38.3463127265808));
#5803=CARTESIAN_POINT('Ctrl Pts',(14.3407396068451,24.9707444725449,37.7414236707979));
#5804=CARTESIAN_POINT('Ctrl Pts',(14.9735981418875,25.2449994357,36.8705700645452));
#5805=CARTESIAN_POINT('Ctrl Pts',(15.3448628645107,25.2449994357,36.1336912094464));
#5806=CARTESIAN_POINT('',(15.2396900964562,27.0558809370648,40.2482466841454));
#5807=CARTESIAN_POINT('Ctrl Pts',(17.4184929811616,27.7449994357,37.5301360308835));
#5808=CARTESIAN_POINT('Ctrl Pts',(16.7492792155261,27.7449994357,38.5238751300561));
#5809=CARTESIAN_POINT('Ctrl Pts',(15.9845194686176,27.5097100038516,39.4572641028029));
#5810=CARTESIAN_POINT('Ctrl Pts',(15.2393594861216,27.0546127499363,40.2472041923391));
#5811=CARTESIAN_POINT('',(14.2455079719202,24.4847304983187,39.9292858661093));
#5812=CARTESIAN_POINT('Ctrl Pts',(15.2396900964562,27.0558809370648,40.2482466841453));
#5813=CARTESIAN_POINT('Ctrl Pts',(15.2389746534243,27.052595261,40.2490013175601));
#5814=CARTESIAN_POINT('Ctrl Pts',(15.2382578152467,27.0493088552536,40.24975142612));
#5815=CARTESIAN_POINT('Ctrl Pts',(15.1716274361517,26.7443660907213,40.3189185187813));
#5816=CARTESIAN_POINT('Ctrl Pts',(15.0942370075943,26.4387214378218,40.3488373220106));
#5817=CARTESIAN_POINT('Ctrl Pts',(14.9094015330814,25.8423382432423,40.3371599032928));
#5818=CARTESIAN_POINT('Ctrl Pts',(14.8039901631072,25.5550420619171,40.297466766439));
#5819=CARTESIAN_POINT('Ctrl Pts',(14.5536744087917,24.9952615091796,40.1567144332774));
#5820=CARTESIAN_POINT('Ctrl Pts',(14.4091647819148,24.7279714752487,40.0541182709435));
#5821=CARTESIAN_POINT('Ctrl Pts',(14.2455079719202,24.4847304983187,39.9292858661093));
#5822=CARTESIAN_POINT('Ctrl Pts',(14.2427434560323,24.4856746514071,39.930521436585));
#5823=CARTESIAN_POINT('Ctrl Pts',(14.2027102253738,24.4269197626106,39.900230580718));
#5824=CARTESIAN_POINT('Ctrl Pts',(14.1585608212906,24.3660170051902,39.871567086543));
#5825=CARTESIAN_POINT('Ctrl Pts',(14.1106164882324,24.3028096310661,39.8440413447417));
#5826=CARTESIAN_POINT('Ctrl Pts',(14.059327571197,24.2351929272622,39.814595414482));
#5827=CARTESIAN_POINT('Ctrl Pts',(14.0036958886895,24.1649385645893,39.7864498822595));
#5828=CARTESIAN_POINT('Ctrl Pts',(13.9440708667434,24.0918224539605,39.7589731177184));
#5829=CARTESIAN_POINT('Ctrl Pts',(13.8876929672787,24.0226881777836,39.7329927118694));
#5830=CARTESIAN_POINT('Ctrl Pts',(13.8277441077786,23.9509954273732,39.7076078673874));
#5831=CARTESIAN_POINT('Ctrl Pts',(13.7644878321289,23.8765298993982,39.6822872457218));
#5832=CARTESIAN_POINT('Ctrl Pts',(13.7306758775558,23.8367263380394,39.6687527829237));
#5833=CARTESIAN_POINT('Ctrl Pts',(13.6959184493423,23.7961301493421,39.6552369052719));
#5834=CARTESIAN_POINT('Ctrl Pts',(13.6602528536548,23.7547045557363,39.6416625161259));
#5835=CARTESIAN_POINT('Ctrl Pts',(13.6245581978985,23.7132452088572,39.6280770666661));
#5836=CARTESIAN_POINT('Ctrl Pts',(13.5883058837423,23.6713691529664,39.6145442908444));
#5837=CARTESIAN_POINT('Ctrl Pts',(13.551146597039,23.6285775322006,39.6008743294186));
#5838=CARTESIAN_POINT('Ctrl Pts',(13.5201343787905,23.5928647077595,39.5894657189528));
#5839=CARTESIAN_POINT('Ctrl Pts',(13.4884904210231,23.556514867045,39.5779604460054));
#5840=CARTESIAN_POINT('Ctrl Pts',(13.4560103900627,23.5192530564013,39.5662249942802));
#5841=CARTESIAN_POINT('Origin',(13.9702388278909,0.,34.5796593834406));
#5842=CARTESIAN_POINT('',(17.2960158363233,32.5000004842877,31.5482888534356));
#5843=CARTESIAN_POINT('',(17.2960158363233,0.,31.5482888534356));
#5844=CARTESIAN_POINT('',(17.7803039624142,32.5,36.9741120705259));
#5845=CARTESIAN_POINT('Origin',(13.9702388278909,32.5000004842877,34.5796593834406));
#5846=CARTESIAN_POINT('',(17.7803039624142,0.,36.9741120705259));
#5847=CARTESIAN_POINT('Origin',(20.6217928447556,0.,28.5169183234305));
#5848=CARTESIAN_POINT('',(16.1603472149129,32.5,27.9291233830326));
#5849=CARTESIAN_POINT('',(16.1603472149129,0.,27.9291233830326));
#5850=CARTESIAN_POINT('Origin',(20.6217928447556,32.5000004842877,28.5169183234305));
#5851=CARTESIAN_POINT('Origin',(1.25607524381621E-9,25.2449994357,39.0874636472178));
#5852=CARTESIAN_POINT('',(13.8209656971262,25.2449994357,34.4412319440117));
#5853=CARTESIAN_POINT('',(11.8043160150971,25.2449994357,32.201515569091));
#5854=CARTESIAN_POINT('Origin',(-4.44089185034694E-15,25.2449994357,25.7999995258547));
#5855=CARTESIAN_POINT('Origin',(-20.6217928442859,27.7449994357,28.5169183269957));
#5856=CARTESIAN_POINT('',(-15.4483619407802,25.2449994357,33.232383594247));
#5857=CARTESIAN_POINT('',(-17.2960158348894,27.7449994357,31.5482888559429));
#5858=CARTESIAN_POINT('Origin',(-15.4483619407802,27.7449994357,33.232383594247));
#5859=CARTESIAN_POINT('',(-16.1603472145448,27.7449994357,27.9291233858264));
#5860=CARTESIAN_POINT('Origin',(-20.6217928442859,27.7449994357,28.5169183269957));
#5861=CARTESIAN_POINT('',(-14.8617658366239,25.2449994357,32.4946172687213));
#5862=CARTESIAN_POINT('Ctrl Pts',(-14.8617658366239,25.2449994357,32.4946172687213));
#5863=CARTESIAN_POINT('Ctrl Pts',(-15.0471524238156,25.2449994357,32.0830669526439));
#5864=CARTESIAN_POINT('Ctrl Pts',(-15.2129529375534,25.3340135628352,31.6685456484776));
#5865=CARTESIAN_POINT('Ctrl Pts',(-15.5628927426571,25.6926781862342,30.6851519839555));
#5866=CARTESIAN_POINT('Ctrl Pts',(-15.7233560720567,26.0226485919274,30.1305825549341));
#5867=CARTESIAN_POINT('Ctrl Pts',(-15.9867415090017,26.8030995352882,29.0346392188899));
#5868=CARTESIAN_POINT('Ctrl Pts',(-16.0881410912976,27.2810670904385,28.4753753977624));
#5869=CARTESIAN_POINT('Ctrl Pts',(-16.1597363022689,27.7410647242925,27.9337564488694));
#5870=CARTESIAN_POINT('Ctrl Pts',(-16.160042007558,27.7430320806044,27.9314399494471));
#5871=CARTESIAN_POINT('Ctrl Pts',(-16.1603472145448,27.7449994357,27.9291233858264));
#5872=CARTESIAN_POINT('Origin',(-20.6217928442859,25.2449994357,28.5169183269957));
#5873=CARTESIAN_POINT('Ctrl Pts',(-15.4483619407802,25.2449994357,33.232383594247));
#5874=CARTESIAN_POINT('Ctrl Pts',(-16.472779257843,25.2449994357,34.3562922449978));
#5875=CARTESIAN_POINT('Ctrl Pts',(-15.6636011073928,25.2449994357,35.643860579326));
#5876=CARTESIAN_POINT('Ctrl Pts',(-17.2960158348894,25.2449994357,31.5482888559429));
#5877=CARTESIAN_POINT('Ctrl Pts',(-19.6009547982806,25.2449994357,34.0770833201323));
#5878=CARTESIAN_POINT('Ctrl Pts',(-17.7803039597677,25.2449994357,36.9741120723708));
#5879=CARTESIAN_POINT('Ctrl Pts',(-17.2960158348894,27.7449994357,31.5482888559429));
#5880=CARTESIAN_POINT('Ctrl Pts',(-19.6009547982806,27.7449994357,34.0770833201323));
#5881=CARTESIAN_POINT('Ctrl Pts',(-17.7803039597677,27.7449994357,36.9741120723708));
#5882=CARTESIAN_POINT('',(-15.6636011073928,25.2449994357,35.643860579326));
#5883=CARTESIAN_POINT('',(-17.7803039597677,27.7449994357,36.9741120723708));
#5884=CARTESIAN_POINT('Origin',(-15.6636011073928,27.7449994357,35.643860579326));
#5885=CARTESIAN_POINT('Origin',(-13.9702388254929,27.7449994357,34.5796593848902));
#5886=CARTESIAN_POINT('Origin',(-13.9702388254929,25.2449994357,34.5796593848902));
#5887=CARTESIAN_POINT('Origin',(7.43527802949735E-10,27.7449994357,25.7999995304414));
#5888=CARTESIAN_POINT('',(-15.3448628647468,25.2449994357,36.1336912068876));
#5889=CARTESIAN_POINT('',(-17.4184929816305,27.7449994357,37.5301360279789));
#5890=CARTESIAN_POINT('Origin',(-15.3448628647468,27.7449994357,36.1336912068876));
#5891=CARTESIAN_POINT('Origin',(7.43527802949735E-10,27.7449994357,25.7999995304414));
#5892=CARTESIAN_POINT('Origin',(7.43527802949735E-10,25.2449994357,25.7999995304414));
#5893=CARTESIAN_POINT('Ctrl Pts',(-13.1104145379428,24.9768518404064,42.2047863517225));
#5894=CARTESIAN_POINT('Ctrl Pts',(-13.6099248346004,25.7177939484296,41.8055865860158));
#5895=CARTESIAN_POINT('Ctrl Pts',(-15.0365986095844,27.1813291916059,40.5829497770688));
#5896=CARTESIAN_POINT('Ctrl Pts',(-16.638859763624,27.7449994357,38.6878408628308));
#5897=CARTESIAN_POINT('Ctrl Pts',(-17.4184929816305,27.7449994357,37.5301360279789));
#5898=CARTESIAN_POINT('Ctrl Pts',(-13.5894375536289,24.5106581516915,41.8219596574391));
#5899=CARTESIAN_POINT('Ctrl Pts',(-14.0199931686514,25.1787783773587,41.4531366602133));
#5900=CARTESIAN_POINT('Ctrl Pts',(-15.2654963827417,26.5134072054788,40.3244125675829));
#5901=CARTESIAN_POINT('Ctrl Pts',(-16.7073207656031,27.0170850062227,38.5848529586605));
#5902=CARTESIAN_POINT('Ctrl Pts',(-17.4184929816305,26.9970011848453,37.5301360279789));
#5903=CARTESIAN_POINT('Ctrl Pts',(-14.0007494831239,23.7045270429704,40.6381972390675));
#5904=CARTESIAN_POINT('Ctrl Pts',(-14.3146217528394,24.2465796248231,40.3548114565061));
#5905=CARTESIAN_POINT('Ctrl Pts',(-15.2453843510584,25.3554235382819,39.4684844251817));
#5906=CARTESIAN_POINT('Ctrl Pts',(-16.3593861517906,25.7540642233961,38.0422355165571));
#5907=CARTESIAN_POINT('Ctrl Pts',(-16.8979596405685,25.7018569877389,37.1795932371442));
#5908=CARTESIAN_POINT('Ctrl Pts',(-13.406658657374,23.4491097501049,39.3566880727162));
#5909=CARTESIAN_POINT('Ctrl Pts',(-13.6922816903097,23.9328717503315,39.1306999199237));
#5910=CARTESIAN_POINT('Ctrl Pts',(-14.5139926648279,24.9060888820242,38.4148836929998));
#5911=CARTESIAN_POINT('Ctrl Pts',(-15.4073474733194,25.268375393965,37.2043727400745));
#5912=CARTESIAN_POINT('Ctrl Pts',(-15.8101843748514,25.2449994357,36.4470526919651));
#5913=CARTESIAN_POINT('Ctrl Pts',(-13.0295623923905,23.4654759815827,38.919317248948));
#5914=CARTESIAN_POINT('Ctrl Pts',(-13.3203587031597,23.941795908169,38.7020251948136));
#5915=CARTESIAN_POINT('Ctrl Pts',(-14.1380134396853,24.8826399930681,38.0203770640189));
#5916=CARTESIAN_POINT('Ctrl Pts',(-14.9746337960437,25.2449994357,36.8685145170604));
#5917=CARTESIAN_POINT('Ctrl Pts',(-15.3448628647468,25.2449994357,36.1336912068876));
#5918=CARTESIAN_POINT('',(-14.2455079727251,24.4847304983187,39.9292858637985));
#5919=CARTESIAN_POINT('',(-15.2396900973194,27.0558809370648,40.2482466816663));
#5920=CARTESIAN_POINT('Ctrl Pts',(-14.2455079727251,24.4847304983187,39.9292858637985));
#5921=CARTESIAN_POINT('Ctrl Pts',(-14.4091333234423,24.7279247177063,40.0540942724174));
#5922=CARTESIAN_POINT('Ctrl Pts',(-14.5536191461331,24.9951592493887,40.1566752785453));
#5923=CARTESIAN_POINT('Ctrl Pts',(-14.8039713330287,25.554979479375,40.2974639293475));
#5924=CARTESIAN_POINT('Ctrl Pts',(-14.9094229261568,25.8423874951494,40.3371736261215));
#5925=CARTESIAN_POINT('Ctrl Pts',(-15.0942651354008,26.4388324943083,40.3488263899017));
#5926=CARTESIAN_POINT('Ctrl Pts',(-15.1716391603016,26.7444199747474,40.3189061050091));
#5927=CARTESIAN_POINT('Ctrl Pts',(-15.2382575001826,27.049307406838,40.2497517542306));
#5928=CARTESIAN_POINT('Ctrl Pts',(-15.2389744967921,27.0525945376895,40.249001481204));
#5929=CARTESIAN_POINT('Ctrl Pts',(-15.2396900973223,27.0558809370666,40.2482466816633));
#5930=CARTESIAN_POINT('Ctrl Pts',(-15.2392969100579,27.0549995911288,40.2473697005116));
#5931=CARTESIAN_POINT('Ctrl Pts',(-15.984497567744,27.5090942814869,39.4569037423092));
#5932=CARTESIAN_POINT('Ctrl Pts',(-16.7512784145685,27.7449994357,38.5209064471081));
#5933=CARTESIAN_POINT('Ctrl Pts',(-17.4184929816305,27.7449994357,37.5301360279789));
#5934=CARTESIAN_POINT('',(-13.5652124588842,24.1921994240237,38.4800287457727));
#5935=CARTESIAN_POINT('Ctrl Pts',(-15.3448628647468,25.2449994357,36.1336912068876));
#5936=CARTESIAN_POINT('Ctrl Pts',(-14.9746337960437,25.2449994357,36.8685145170604));
#5937=CARTESIAN_POINT('Ctrl Pts',(-14.3392286577245,24.9697909136782,37.7433430762896));
#5938=CARTESIAN_POINT('Ctrl Pts',(-13.7147633760461,24.3608975919467,38.3469398830849));
#5939=CARTESIAN_POINT('Ctrl Pts',(-13.5655505305052,24.1924676833467,38.4807434504661));
#5940=CARTESIAN_POINT('',(-13.459387759646,23.5168345841332,39.5653555709069));
#5941=CARTESIAN_POINT('Ctrl Pts',(-13.5652124639508,24.1921994297354,38.4800287412271));
#5942=CARTESIAN_POINT('Ctrl Pts',(-13.5650382687549,24.1906223864149,38.4826440673947));
#5943=CARTESIAN_POINT('Ctrl Pts',(-13.5648635871041,24.1890451275954,38.4852592371135));
#5944=CARTESIAN_POINT('Ctrl Pts',(-13.5408971371853,23.9732174218702,38.8430412577838));
#5945=CARTESIAN_POINT('Ctrl Pts',(-13.5073708726861,23.7487663292991,39.2055646928892));
#5946=CARTESIAN_POINT('Ctrl Pts',(-13.459387759646,23.5168345841332,39.5653555709068));
#5947=CARTESIAN_POINT('Ctrl Pts',(-13.459387759646,23.5168345841332,39.5653555709069));
#5948=CARTESIAN_POINT('Ctrl Pts',(-13.8078537900865,23.9137985213581,39.6904928323765));
#5949=CARTESIAN_POINT('Ctrl Pts',(-14.0684336224848,24.2215472067839,39.794218970045));
#5950=CARTESIAN_POINT('Ctrl Pts',(-14.2455079727251,24.4847304983187,39.9292858637985));
#5951=CARTESIAN_POINT('Origin',(-9.81643579412492,24.0488629114568,34.5718796466375));
#5952=CARTESIAN_POINT('',(-12.0406970504334,24.1921994297354,36.7868828439495));
#5953=CARTESIAN_POINT('',(-8.86850821672951,24.1921994297354,33.2638102258881));
#5954=CARTESIAN_POINT('',(-10.9068286894678,22.8527263872136,37.9132599640831));
#5955=CARTESIAN_POINT('Origin',(-4.44089185034694E-15,22.8527263865313,
25.7999995258547));
#5956=CARTESIAN_POINT('',(-12.5092385899869,22.8527263872136,39.6929164534598));
#5957=CARTESIAN_POINT('',(-8.75708284541384,22.8527263872136,35.5257253260097));
#5958=CARTESIAN_POINT('Origin',(-19.3984100488811,44.7558577249723,8.33359266855553));
#5959=CARTESIAN_POINT('Origin',(-11.0180875038033,20.7449994357,31.3283203422396));
#5960=CARTESIAN_POINT('',(-13.8209656981488,25.2449994357,34.441231942376));
#5961=CARTESIAN_POINT('',(-11.0180875038033,25.2449994357,31.3283203422396));
#5962=CARTESIAN_POINT('Ctrl Pts',(-12.0406970504334,24.1921994297354,36.7868828439495));
#5963=CARTESIAN_POINT('Ctrl Pts',(-12.2767229164124,24.4846102874094,36.5282184105484));
#5964=CARTESIAN_POINT('Ctrl Pts',(-12.5438048901309,24.7319593200331,36.2179718059358));
#5965=CARTESIAN_POINT('Ctrl Pts',(-13.16292122839,25.1366551953281,35.4304779291761));
#5966=CARTESIAN_POINT('Ctrl Pts',(-13.5164825118157,25.2449994357,34.9282286427456));
#5967=CARTESIAN_POINT('Ctrl Pts',(-13.8209656981488,25.2449994357,34.441231942376));
#5968=CARTESIAN_POINT('Origin',(1.25607524381621E-9,25.2449994357,39.0874636472178));
#5969=CARTESIAN_POINT('Origin',(-4.44089185034694E-15,25.2449994357,25.7999995258547));
#5970=CARTESIAN_POINT('Origin',(-13.9702388254929,0.,34.5796593848902));
#5971=CARTESIAN_POINT('',(-17.7803039597677,32.5,36.9741120723708));
#5972=CARTESIAN_POINT('',(-17.7803039597677,0.,36.9741120723708));
#5973=CARTESIAN_POINT('',(-17.2960158348894,32.5000004842877,31.5482888559429));
#5974=CARTESIAN_POINT('Origin',(-13.9702388254929,32.5000004842877,34.5796593848902));
#5975=CARTESIAN_POINT('',(-17.2960158348894,0.,31.5482888559429));
#5976=CARTESIAN_POINT('Origin',(-20.6217928442859,0.,28.5169183269957));
#5977=CARTESIAN_POINT('',(-16.1603472145448,32.5,27.9291233858264));
#5978=CARTESIAN_POINT('Origin',(-20.6217928442859,32.5000004842877,28.5169183269957));
#5979=CARTESIAN_POINT('',(-16.1603472145448,0.,27.9291233858264));
#5980=CARTESIAN_POINT('Origin',(0.,32.5000004842877,0.));
#5981=CARTESIAN_POINT('Origin',(7.43527802949735E-10,32.5,25.7999995304414));
#5982=CARTESIAN_POINT('Origin',(-4.44089185034694E-15,32.5,25.7999995258547));
#5983=CARTESIAN_POINT('',(23.5,32.5000004842877,-7.55011350826998));
#5984=CARTESIAN_POINT('',(-23.5,32.5000004842877,-7.55011350826998));
#5985=CARTESIAN_POINT('Origin',(-4.44089185034694E-15,32.5,25.7999995258547));
#5986=CARTESIAN_POINT('',(15.3,32.5000004842877,1.00000001490116));
#5987=CARTESIAN_POINT('',(15.2999997087652,32.5,25.7999995258548));
#5988=CARTESIAN_POINT('',(15.2999997087652,32.5,-24.7999995258547));
#5989=CARTESIAN_POINT('',(-15.2999997087652,32.5,25.7999995258547));
#5990=CARTESIAN_POINT('Origin',(8.11300073967865E-15,32.5,25.7999995258547));
#5991=CARTESIAN_POINT('',(-15.3,32.5000004842877,1.00000001490116));
#5992=CARTESIAN_POINT('',(-15.2999997087652,32.5,25.7999995258547));
#5993=CARTESIAN_POINT('',(0.,32.5000004842877,1.00000001490116));
#5994=CARTESIAN_POINT('Origin',(7.43527802949735E-10,0.,25.7999995304414));
#5995=CARTESIAN_POINT('Origin',(7.43527802949735E-10,27.0558809370648,25.7999995304414));
#5996=CARTESIAN_POINT('Origin',(-4.44089185034694E-15,0.,25.7999995258547));
#5997=CARTESIAN_POINT('',(12.040697049172,24.1921994297354,36.7868828453319));
#5998=CARTESIAN_POINT('Ctrl Pts',(13.8209656971262,25.2449994357,34.4412319440117));
#5999=CARTESIAN_POINT('Ctrl Pts',(13.5164825107413,25.2449994357,34.9282286443359));
#6000=CARTESIAN_POINT('Ctrl Pts',(13.1629212272642,25.136655195326,35.430477930714));
#6001=CARTESIAN_POINT('Ctrl Pts',(12.543804888926,24.7319593200306,36.2179718073863));
#6002=CARTESIAN_POINT('Ctrl Pts',(12.2767229151764,24.484610287407,36.5282184119625));
#6003=CARTESIAN_POINT('Ctrl Pts',(12.040697049172,24.1921994297354,36.7868828453319));
#6004=CARTESIAN_POINT('',(10.9068286880828,22.8527263872136,37.9132599653301));
#6005=CARTESIAN_POINT('Origin',(-4.44089185034694E-15,22.8527263878958,
25.7999995258547));
#6006=CARTESIAN_POINT('',(10.9068286880828,22.851,37.9132599653301));
#6007=CARTESIAN_POINT('',(10.9068286880828,0.,37.9132599653301));
#6008=CARTESIAN_POINT('',(9.01091717797436,20.,39.3828328870291));
#6009=CARTESIAN_POINT('Origin',(-4.44089185034694E-15,22.8510000009689,
25.7999995258547));
#6010=CARTESIAN_POINT('',(6.22183825674279,20.,40.8658124548897));
#6011=CARTESIAN_POINT('Origin',(-4.44089185034694E-15,20.,25.7999995258547));
#6012=CARTESIAN_POINT('',(3.94332682691438,22.851,41.615819581795));
#6013=CARTESIAN_POINT('Origin',(-4.44089185034694E-15,22.8509999990311,
25.7999995258547));
#6014=CARTESIAN_POINT('',(3.94332682691438,22.8527263872136,41.615819581795));
#6015=CARTESIAN_POINT('',(3.94332682691438,0.,41.615819581795));
#6016=CARTESIAN_POINT('',(2.37546673253527,24.1921994297354,41.9259769631564));
#6017=CARTESIAN_POINT('Origin',(-4.44089185034694E-15,22.8527263865314,
25.7999995258547));
#6018=CARTESIAN_POINT('',(-9.56720154488E-10,25.2118089181473,42.0999992346199));
#6019=CARTESIAN_POINT('Ctrl Pts',(2.37546673253527,24.1921994297354,41.9259769631564));
#6020=CARTESIAN_POINT('Ctrl Pts',(2.02904020927111,24.4846102874094,41.9770079586096));
#6021=CARTESIAN_POINT('Ctrl Pts',(1.62248377294132,24.7319593200331,42.0249412501492));
#6022=CARTESIAN_POINT('Ctrl Pts',(0.80489838165347,25.0631415914132,42.0846068107545));
#6023=CARTESIAN_POINT('Ctrl Pts',(0.400140234615081,25.1643907364927,42.0999992346434));
#6024=CARTESIAN_POINT('Ctrl Pts',(-9.56719078959445E-10,25.2118089181473,
42.0999992346199));
#6025=CARTESIAN_POINT('',(-2.37546673438677,24.1921994297354,41.9259769628837));
#6026=CARTESIAN_POINT('Ctrl Pts',(-9.5671942590414E-10,25.2118089181473,
42.0999992346199));
#6027=CARTESIAN_POINT('Ctrl Pts',(-0.400140236521757,25.1643907364922,42.0999992345964));
#6028=CARTESIAN_POINT('Ctrl Pts',(-0.804898383551133,25.0631415914117,42.0846068106606));
#6029=CARTESIAN_POINT('Ctrl Pts',(-1.62248377481765,24.7319593200306,42.0249412499614));
#6030=CARTESIAN_POINT('Ctrl Pts',(-2.02904021113467,24.484610287407,41.9770079583758));
#6031=CARTESIAN_POINT('Ctrl Pts',(-2.37546673438677,24.1921994297354,41.9259769628837));
#6032=CARTESIAN_POINT('',(-3.94332682872265,22.8527263872136,41.6158195813441));
#6033=CARTESIAN_POINT('Origin',(-4.44089185034694E-15,22.8527263878958,
25.7999995258547));
#6034=CARTESIAN_POINT('',(-3.94332682872265,22.851,41.6158195813441));
#6035=CARTESIAN_POINT('',(-3.94332682872265,0.,41.6158195813441));
#6036=CARTESIAN_POINT('',(-6.22183825848176,20.,40.8658124541715));
#6037=CARTESIAN_POINT('Origin',(-4.44089185034694E-15,22.8510000009689,
25.7999995258547));
#6038=CARTESIAN_POINT('',(-9.01091717954216,20.,39.382832885989));
#6039=CARTESIAN_POINT('Origin',(-4.44089185034694E-15,20.,25.7999995258547));
#6040=CARTESIAN_POINT('',(-10.9068286894678,22.851,37.9132599640831));
#6041=CARTESIAN_POINT('Origin',(-4.44089185034694E-15,22.8509999990311,
25.7999995258547));
#6042=CARTESIAN_POINT('',(-10.9068286894678,0.,37.9132599640831));
#6043=CARTESIAN_POINT('Origin',(11.8043160150971,20.7449994357,32.201515569091));
#6044=CARTESIAN_POINT('',(9.6547367279951,24.1921994297354,34.1370054527082));
#6045=CARTESIAN_POINT('Origin',(-1.03041338714942,20.7449994357,40.2222589935804));
#6046=CARTESIAN_POINT('',(3.23009870643681,24.1921994297354,45.3537185893772));
#6047=CARTESIAN_POINT('',(1.77620993047474,24.1921994297354,39.5224892070857));
#6048=CARTESIAN_POINT('',(2.90313421652817,24.4847304983187,45.6530356065002));
#6049=CARTESIAN_POINT('Ctrl Pts',(3.23009870643681,24.1921994297354,45.3537185893772));
#6050=CARTESIAN_POINT('Ctrl Pts',(3.20949304272047,24.2133119370839,45.375078041061));
#6051=CARTESIAN_POINT('Ctrl Pts',(3.18855255317358,24.2341894609008,45.3962494669056));
#6052=CARTESIAN_POINT('Ctrl Pts',(3.08721000118873,24.3324832288269,45.4961579565277));
#6053=CARTESIAN_POINT('Ctrl Pts',(2.99897022222087,24.4099605431677,45.5756146974357));
#6054=CARTESIAN_POINT('Ctrl Pts',(2.90313421652817,24.4847304983187,45.6530356065002));
#6055=CARTESIAN_POINT('',(0.500029534489712,25.2449994357,46.360530283746));
#6056=CARTESIAN_POINT('Ctrl Pts',(2.90313421652817,24.4847304983186,45.6530356065002));
#6057=CARTESIAN_POINT('Ctrl Pts',(2.68027339283558,24.6586034980536,45.8330732389164));
#6058=CARTESIAN_POINT('Ctrl Pts',(2.4168978959657,24.8125457438073,45.9728474090199));
#6059=CARTESIAN_POINT('Ctrl Pts',(1.75232877276073,25.0883417042745,46.2158601178774));
#6060=CARTESIAN_POINT('Ctrl Pts',(1.34473128763363,25.1865497410186,46.296834804528));
#6061=CARTESIAN_POINT('Ctrl Pts',(0.784249902910166,25.2385793275651,46.3489024039941));
#6062=CARTESIAN_POINT('Ctrl Pts',(0.642144994966899,25.2449994357001,46.3570740535401));
#6063=CARTESIAN_POINT('Ctrl Pts',(0.500029534486379,25.2449994357,46.3605302837461));
#6064=CARTESIAN_POINT('',(-9.73138514215321E-10,25.2449994357,44.3550213566446));
#6065=CARTESIAN_POINT('',(-1.03041338714942,25.2449994357,40.2222589935804));
#6066=CARTESIAN_POINT('Origin',(-9.73138930548956E-10,20.7449994357,44.3550213566446));
#6067=CARTESIAN_POINT('Origin',(2.14802849187726,24.0488629114568,40.3076688618906));
#6068=CARTESIAN_POINT('',(4.52267267844343,22.8527263872136,43.9394488771029));
#6069=CARTESIAN_POINT('',(3.53118504968621,22.8527263872136,39.9628091997233));
#6070=CARTESIAN_POINT('Origin',(-25.3277607874837,44.7558577316447,32.1149195440638));
#6071=CARTESIAN_POINT('Origin',(0.746155140351006,20.7449994357,41.3623565424549));
#6072=CARTESIAN_POINT('',(-0.500029536446153,25.2449994357,46.3605302836623));
#6073=CARTESIAN_POINT('',(0.746155140351006,25.2449994357,41.3623565424549));
#6074=CARTESIAN_POINT('',(-2.9031342183821,24.4847304983187,45.6530356060116));
#6075=CARTESIAN_POINT('Ctrl Pts',(-0.500029536446153,25.2449994357,46.3605302836623));
#6076=CARTESIAN_POINT('Ctrl Pts',(-0.793153680780558,25.2449994357,46.353401541122));
#6077=CARTESIAN_POINT('Ctrl Pts',(-1.08489580030666,25.2175554923683,46.3264455213525));
#6078=CARTESIAN_POINT('Ctrl Pts',(-1.75719600899948,25.0846951547126,46.2099373798828));
#6079=CARTESIAN_POINT('Ctrl Pts',(-2.12400458195029,24.9545534759136,46.102159996804));
#6080=CARTESIAN_POINT('Ctrl Pts',(-2.61453372149978,24.6907910571858,45.8588385761728));
#6081=CARTESIAN_POINT('Ctrl Pts',(-2.76701845092139,24.5909261786932,45.7629964331722));
#6082=CARTESIAN_POINT('Ctrl Pts',(-2.9031342183821,24.4847304983187,45.6530356060116));
#6083=CARTESIAN_POINT('',(-3.2300987082725,24.1921994297354,45.3537185888283));
#6084=CARTESIAN_POINT('Ctrl Pts',(-2.9031342183821,24.4847304983186,45.6530356060116));
#6085=CARTESIAN_POINT('Ctrl Pts',(-2.99897022423888,24.4099605430357,45.5756146967931));
#6086=CARTESIAN_POINT('Ctrl Pts',(-3.08721000334651,24.3324832285514,45.4961579557231));
#6087=CARTESIAN_POINT('Ctrl Pts',(-3.18855255529474,24.2341894606186,45.3962494660784));
#6088=CARTESIAN_POINT('Ctrl Pts',(-3.20949304469664,24.2133119369412,45.3750780403716));
#6089=CARTESIAN_POINT('Ctrl Pts',(-3.23009870827252,24.1921994297354,45.3537185888283));
#6090=CARTESIAN_POINT('',(-2.06046817726295,24.1921994297354,40.6625867559193));
#6091=CARTESIAN_POINT('Origin',(-2.71654498384572,24.0488629114568,42.5878639606068));
#6092=CARTESIAN_POINT('',(-4.52267268019853,22.8527263872136,43.9394488762945));
#6093=CARTESIAN_POINT('Origin',(25.3277607918061,44.7558577367514,32.1149195451628));
#6094=CARTESIAN_POINT('',(-4.09970154164964,22.8527263872136,42.2430042984194));
#6095=CARTESIAN_POINT('Origin',(7.43527802949735E-10,27.0558809370648,25.7999995304414));
#6096=CARTESIAN_POINT('Origin',(7.43527802949735E-10,24.4847304983187,25.7999995304414));
#6097=CARTESIAN_POINT('Origin',(7.43527802949735E-10,25.2449994357,25.7999995304414));
#6098=CARTESIAN_POINT('Origin',(7.43527802949735E-10,24.4847304983187,25.7999995304414));
#6099=CARTESIAN_POINT('Origin',(7.43527802949735E-10,22.8,25.7999995304414));
#6100=CARTESIAN_POINT('',(4.52232222775477,22.851,43.9380432961626));
#6101=CARTESIAN_POINT('',(4.51196940251313,22.8,43.896520382074));
#6102=CARTESIAN_POINT('',(6.22209318726694,20.,40.8668349253753));
#6103=CARTESIAN_POINT('Ctrl Pts',(4.52232222775477,22.851,43.9380432961626));
#6104=CARTESIAN_POINT('Ctrl Pts',(5.45783412008249,21.320330429487,42.3810900483325));
#6105=CARTESIAN_POINT('Ctrl Pts',(6.22209318726695,20.,40.8668349253753));
#6106=CARTESIAN_POINT('',(9.01162228888758,20.,39.3836159920337));
#6107=CARTESIAN_POINT('Origin',(7.43527802949735E-10,20.,25.7999995304414));
#6108=CARTESIAN_POINT('',(12.5082692793693,22.851,39.6918399277943));
#6109=CARTESIAN_POINT('Ctrl Pts',(9.01162228888758,20.,39.3836159920337));
#6110=CARTESIAN_POINT('Ctrl Pts',(10.6943649269743,21.3203304294953,39.5967772289231));
#6111=CARTESIAN_POINT('Ctrl Pts',(12.5082692793693,22.851,39.6918399277943));
#6112=CARTESIAN_POINT('',(12.5092385892419,22.8527263872136,39.6929164554696));
#6113=CARTESIAN_POINT('',(12.4796344498742,22.8,39.6600377277967));
#6114=CARTESIAN_POINT('Origin',(19.3984100526181,44.755857729517,8.33359266704155));
#6115=CARTESIAN_POINT('Origin',(7.43527802949735E-10,22.8,25.7999995304414));
#6116=CARTESIAN_POINT('',(-12.5082692801143,22.851,39.6918399257845));
#6117=CARTESIAN_POINT('',(-12.4796344506188,22.8,39.6600377257873));
#6118=CARTESIAN_POINT('',(-9.01162228989929,20.,39.3836159903759));
#6119=CARTESIAN_POINT('Ctrl Pts',(-12.5082692801143,22.851,39.6918399257845));
#6120=CARTESIAN_POINT('Ctrl Pts',(-10.6943649278647,21.3203304295132,39.5967772270803));
#6121=CARTESIAN_POINT('Ctrl Pts',(-9.01162228989929,20.,39.3836159903759));
#6122=CARTESIAN_POINT('',(-6.22209318886711,20.,40.8668349241004));
#6123=CARTESIAN_POINT('Origin',(7.43527802949735E-10,20.,25.7999995304414));
#6124=CARTESIAN_POINT('',(-4.52232222950985,22.851,43.9380432953543));
#6125=CARTESIAN_POINT('Ctrl Pts',(-6.22209318886711,20.,40.8668349241004));
#6126=CARTESIAN_POINT('Ctrl Pts',(-5.45783412177603,21.3203304294671,42.3810900472857));
#6127=CARTESIAN_POINT('Ctrl Pts',(-4.52232222950984,22.851,43.9380432953543));
#6128=CARTESIAN_POINT('',(-4.51196940426761,22.8,43.8965203812658));
#6129=CARTESIAN_POINT('Origin',(14.0517427347794,0.,41.4060408637047));
#6130=CARTESIAN_POINT('',(13.0790666885155,22.851,40.3257746738335));
#6131=CARTESIAN_POINT('',(10.3295398680178,22.8527263872136,37.2721157770855));
#6132=CARTESIAN_POINT('Origin',(12.1901640199538,21.4255,41.1261462315819));
#6133=CARTESIAN_POINT('',(11.3012613513921,20.,41.9265177893303));
#6134=CARTESIAN_POINT('Origin',(8.99753478139515,20.,42.0447348741756));
#6135=CARTESIAN_POINT('',(6.46278182691026,20.,41.8321843322054));
#6136=CARTESIAN_POINT('Origin',(5.30217566939233,21.4255,42.1215559475378));
#6137=CARTESIAN_POINT('',(4.14156951187441,22.851,42.4109275628703));
#6138=CARTESIAN_POINT('Origin',(3.94332682691438,0.,41.615819581795));
#6139=CARTESIAN_POINT('Origin',(1.25607524381621E-9,25.2449994357,39.0874636472178));
#6140=CARTESIAN_POINT('Origin',(-5.08035980923951,0.,46.176209780261));
#6141=CARTESIAN_POINT('',(-4.71008600387779,22.851,44.6911226615746));
#6142=CARTESIAN_POINT('Origin',(-5.8706921613915,21.4255,44.4017510462252));
#6143=CARTESIAN_POINT('',(-7.0312983189052,20.,44.1123794308758));
#6144=CARTESIAN_POINT('Origin',(11.3888928167427,24.0488629114568,36.3182700977286));
#6145=CARTESIAN_POINT('Origin',(-10.6177069980235,21.4255,39.3797557811648));
#6146=CARTESIAN_POINT('',(-11.5066096665735,22.851,38.5793842234035));
#6147=CARTESIAN_POINT('',(-9.72880432947349,20.,40.1801273389261));
#6148=CARTESIAN_POINT('Origin',(-10.9068286894677,0.,37.9132599640831));
#6149=CARTESIAN_POINT('Origin',(-8.9975347826843,20.,42.0447348731439));
#6150=CARTESIAN_POINT('Origin',(0.,27.0000004023314,7.55011350826997));
#6151=CARTESIAN_POINT('',(-23.5,27.0000004023314,3.77505675413498));
#6152=CARTESIAN_POINT('',(-26.545,27.0000004023314,-9.5300747854223E-15));
#6153=CARTESIAN_POINT('Origin',(-26.545,24.5000003650784,-4.44089209850063E-15));
#6154=CARTESIAN_POINT('',(-26.545,22.0000003278255,-4.36159045388454E-15));
#6155=CARTESIAN_POINT('',(-26.545,22.9999994859099,-1.39177581113284E-14));
#6156=CARTESIAN_POINT('Origin',(-26.545,24.1224994608201,-9.5300747854223E-15));
#6157=CARTESIAN_POINT('Origin',(-23.5,27.2500004060566,-4.44089209850063E-15));
#6158=CARTESIAN_POINT('Origin',(0.,27.0000004023314,-7.55011350826998));
#6159=CARTESIAN_POINT('',(23.5,27.0000004023314,-3.77505675413499));
#6160=CARTESIAN_POINT('',(26.545,27.0000004023314,-9.5300747854223E-15));
#6161=CARTESIAN_POINT('Origin',(26.545,24.5000003650784,-4.44089209850063E-15));
#6162=CARTESIAN_POINT('',(26.545,22.0000003278255,-4.36159045388454E-15));
#6163=CARTESIAN_POINT('',(26.545,22.9999994859099,-1.41926913115917E-14));
#6164=CARTESIAN_POINT('Origin',(26.545,24.1224994608201,-9.5300747854223E-15));
#6165=CARTESIAN_POINT('Origin',(23.5,27.2500004060566,-4.44089209850063E-15));
#6166=CARTESIAN_POINT('Origin',(-22.245,11.3000000745058,0.));
#6167=CARTESIAN_POINT('',(-22.244988861,22.0000003278255,-0.781024053706851));
#6168=CARTESIAN_POINT('',(-22.245,22.0000003278255,0.781024053706842));
#6169=CARTESIAN_POINT('',(-22.245,22.0000003278255,-3.77505675413499));
#6170=CARTESIAN_POINT('Origin',(-22.245,19.0000000745058,0.));
#6171=CARTESIAN_POINT('Origin',(0.,19.0553981275299,3.09950498436579));
#6172=CARTESIAN_POINT('',(22.2449888610282,19.0553981275299,3.09950498436578));
#6173=CARTESIAN_POINT('',(0.,19.0553981275299,3.09950498436578));
#6174=CARTESIAN_POINT('',(22.244988861,9.81823948323722,4.03503430545558));
#6175=CARTESIAN_POINT('',(22.2449888610282,9.59934891193793,4.05720330302792));
#6176=CARTESIAN_POINT('',(0.,9.81823948323722,4.03503430545558));
#6177=CARTESIAN_POINT('Origin',(0.,19.0553981275299,3.09950498436579));
#6178=CARTESIAN_POINT('',(-22.2449888610282,19.0553981275299,3.09950498436578));
#6179=CARTESIAN_POINT('',(-22.244988861,9.81823948323722,4.03503430545558));
#6180=CARTESIAN_POINT('',(-22.2449888610282,9.96025104145798,4.02065153021427));
#6181=CARTESIAN_POINT('',(-15.3999997087652,19.0553981275299,3.09950498436578));
#6182=CARTESIAN_POINT('',(0.,19.0553981275299,3.09950498436578));
#6183=CARTESIAN_POINT('',(-15.3999997087652,9.81823948323722,4.03503430545558));
#6184=CARTESIAN_POINT('',(-15.3999997087652,10.7321806317437,3.94247134588071));
#6185=CARTESIAN_POINT('',(0.,9.81823948323722,4.03503430545558));
#6186=CARTESIAN_POINT('Origin',(0.,5.45343554735061,-4.47709687253654));
#6187=CARTESIAN_POINT('',(22.244988861,9.81823948323722,-4.03503430545558));
#6188=CARTESIAN_POINT('',(0.,9.81823948323722,-4.03503430545558));
#6189=CARTESIAN_POINT('',(22.2449888610282,19.0553981275299,-3.09950498436578));
#6190=CARTESIAN_POINT('',(22.2449888610282,3.15926975136836,-4.70944747429965));
#6191=CARTESIAN_POINT('',(0.,19.0553981275299,-3.09950498436578));
#6192=CARTESIAN_POINT('Origin',(0.,19.0000000745058,0.));
#6193=CARTESIAN_POINT('',(22.244988861,22.0000003278255,0.781024053706851));
#6194=CARTESIAN_POINT('Origin',(22.2449888610282,19.0000000745058,0.));
#6195=CARTESIAN_POINT('',(22.245,22.0000003278255,-0.781024053706862));
#6196=CARTESIAN_POINT('Origin',(22.2449888610282,19.0000000745058,0.));
#6197=CARTESIAN_POINT('Origin',(22.245,19.0000000745058,0.));
#6198=CARTESIAN_POINT('Origin',(22.245,11.3000000745058,0.));
#6199=CARTESIAN_POINT('',(22.245,22.0000003278255,3.77505675413498));
#6200=CARTESIAN_POINT('Origin',(0.,5.45343554735061,-4.47709687253654));
#6201=CARTESIAN_POINT('',(-22.244988861,9.81823948323722,-4.03503430545558));
#6202=CARTESIAN_POINT('',(-22.2449888610282,19.0553981275299,-3.09950498436578));
#6203=CARTESIAN_POINT('',(-22.2449888610282,2.79836762184831,-4.74599924711329));
#6204=CARTESIAN_POINT('',(-15.3999997087652,9.81823948323722,-4.03503430545558));
#6205=CARTESIAN_POINT('',(0.,9.81823948323722,-4.03503430545558));
#6206=CARTESIAN_POINT('',(-15.3999997087652,19.0553981275299,-3.09950498436578));
#6207=CARTESIAN_POINT('',(-15.3999997087652,2.0264380315626,-4.82417943144685));
#6208=CARTESIAN_POINT('',(0.,19.0553981275299,-3.09950498436578));
#6209=CARTESIAN_POINT('Origin',(0.,19.0000000745058,0.));
#6210=CARTESIAN_POINT('Origin',(-22.2449888610282,19.0000000745058,0.));
#6211=CARTESIAN_POINT('Origin',(-15.3999997087652,19.0000000745058,0.));
#6212=CARTESIAN_POINT('Origin',(-22.2449888610282,19.0000000745058,0.));
#6213=CARTESIAN_POINT('Origin',(0.,22.0000003278255,-7.55011350826998));
#6214=CARTESIAN_POINT('',(-22.244988861,22.0000003278255,-4.36159045388454E-15));
#6215=CARTESIAN_POINT('',(-22.244988861,22.0000003278255,-4.36159045388454E-15));
#6216=CARTESIAN_POINT('Origin',(-22.2449888610282,0.,-3.59999991953373));
#6217=CARTESIAN_POINT('',(-22.244988861,0.299192549724343,4.17125178585684));
#6218=CARTESIAN_POINT('Origin',(-22.244988861,5.00000007450581,-1.98254111540207E-15));
#6219=CARTESIAN_POINT('',(-22.244988861,0.,3.77505675413499));
#6220=CARTESIAN_POINT('',(-22.244988861,0.299192549724341,4.17125178585683));
#6221=CARTESIAN_POINT('',(-22.2449888610282,0.,3.59999991953377));
#6222=CARTESIAN_POINT('',(-22.2449888610282,0.,6.65558816327347));
#6223=CARTESIAN_POINT('',(-22.2449888610282,-2.,3.59999991953377));
#6224=CARTESIAN_POINT('',(-22.2449888610282,0.,3.59999991953377));
#6225=CARTESIAN_POINT('',(-22.2449888610282,-2.,6.00000008940697));
#6226=CARTESIAN_POINT('',(-22.2449888610282,-2.,6.65558816327347));
#6227=CARTESIAN_POINT('',(-22.2449888610282,0.,6.00000008940697));
#6228=CARTESIAN_POINT('Origin',(0.,5.00000007450581,-1.98254111540207E-15));
#6229=CARTESIAN_POINT('',(-15.3999997087652,0.299192549724341,4.17125178585684));
#6230=CARTESIAN_POINT('Origin',(-15.3999997087652,5.00000007450581,-1.98254111540207E-15));
#6231=CARTESIAN_POINT('',(0.,0.299192549724341,4.17125178585684));
#6232=CARTESIAN_POINT('Origin',(0.,5.00000007450581,-1.98254111540207E-15));
#6233=CARTESIAN_POINT('',(22.244988861,0.299192549724343,4.17125178585684));
#6234=CARTESIAN_POINT('Origin',(22.244988861,5.00000007450581,-1.98254111540207E-15));
#6235=CARTESIAN_POINT('',(0.,0.299192549724341,4.17125178585684));
#6236=CARTESIAN_POINT('Origin',(22.2449888610282,0.,3.59999991953377));
#6237=CARTESIAN_POINT('',(22.244988861,0.299192549724339,-4.17125178585683));
#6238=CARTESIAN_POINT('Origin',(22.244988861,5.00000007450581,0.));
#6239=CARTESIAN_POINT('',(22.244988861,0.,-3.77505675413499));
#6240=CARTESIAN_POINT('',(22.244988861,0.299192549724339,-4.17125178585683));
#6241=CARTESIAN_POINT('',(22.2449888610282,0.,-3.59999991953373));
#6242=CARTESIAN_POINT('',(22.2449888610282,0.,-6.65558816327343));
#6243=CARTESIAN_POINT('',(22.2449888610282,-2.,-3.59999991953373));
#6244=CARTESIAN_POINT('',(22.2449888610282,0.,-3.59999991953373));
#6245=CARTESIAN_POINT('',(22.2449888610282,-2.,-6.00000008940697));
#6246=CARTESIAN_POINT('',(22.2449888610282,-2.,-6.65558816327343));
#6247=CARTESIAN_POINT('',(22.2449888610282,0.,-6.00000008940697));
#6248=CARTESIAN_POINT('',(22.244988861,22.0000003278255,-4.36159045388454E-15));
#6249=CARTESIAN_POINT('Origin',(22.2449888610282,0.,3.59999991953377));
#6250=CARTESIAN_POINT('',(22.244988861,22.0000003278255,-4.36159045388454E-15));
#6251=CARTESIAN_POINT('',(22.2449888610282,-2.,6.00000008940697));
#6252=CARTESIAN_POINT('',(22.2449888610282,0.,6.00000008940697));
#6253=CARTESIAN_POINT('',(22.2449888610282,-2.,3.59999991953377));
#6254=CARTESIAN_POINT('',(22.2449888610282,-2.,6.65558816327347));
#6255=CARTESIAN_POINT('',(22.2449888610282,0.,3.59999991953377));
#6256=CARTESIAN_POINT('',(22.2449888610282,0.,3.59999991953377));
#6257=CARTESIAN_POINT('',(22.244988861,0.,3.77505675413499));
#6258=CARTESIAN_POINT('',(22.2449888610282,0.,6.65558816327347));
#6259=CARTESIAN_POINT('',(22.244988861,0.299192549724341,4.17125178585683));
#6260=CARTESIAN_POINT('Origin',(0.,22.0000003278255,7.55011350826997));
#6261=CARTESIAN_POINT('Origin',(0.,24.1224994608201,-9.5300747854223E-15));
#6262=CARTESIAN_POINT('',(0.,22.9999994859099,-1.41926913115917E-14));
#6263=CARTESIAN_POINT('Origin',(-15.7999997087652,5.,0.));
#6264=CARTESIAN_POINT('',(16.2999997087652,5.,-25.7999995258547));
#6265=CARTESIAN_POINT('Origin',(16.2999997087652,5.,-1.57979434186706E-15));
#6266=CARTESIAN_POINT('',(-16.2999997087652,5.,-25.7999995258547));
#6267=CARTESIAN_POINT('',(-16.2999997087652,5.,-25.7999995258547));
#6268=CARTESIAN_POINT('Origin',(-16.2999997087652,5.,-1.57979434186706E-15));
#6269=CARTESIAN_POINT('Origin',(16.2999997087652,0.,-3.59999991953375));
#6270=CARTESIAN_POINT('',(16.2999997087652,0.,-25.7999995258547));
#6271=CARTESIAN_POINT('Origin',(0.,24.1224994608201,-9.5300747854223E-15));
#6272=CARTESIAN_POINT('',(-15.3999997087652,22.9999994859099,-1.39177581113284E-14));
#6273=CARTESIAN_POINT('',(0.,22.9999994859099,-1.39177581113284E-14));
#6274=CARTESIAN_POINT('Origin',(-15.3999997087652,24.1224994608201,-9.5300747854223E-15));
#6275=CARTESIAN_POINT('Origin',(-15.3999997087652,0.,-19.0000002831221));
#6276=CARTESIAN_POINT('',(-15.3999997087652,5.,-24.7999995258547));
#6277=CARTESIAN_POINT('',(-15.3999997087652,29.7999995258547,-1.94289029309402E-15));
#6278=CARTESIAN_POINT('Origin',(-15.3999997087652,5.,0.));
#6279=CARTESIAN_POINT('',(-15.3999997087652,26.999999396503,0.));
#6280=CARTESIAN_POINT('',(-15.3999997087652,15.4060000372529,0.));
#6281=CARTESIAN_POINT('',(-15.3999997087652,4.41952908690029,21.9923401119668));
#6282=CARTESIAN_POINT('Origin',(-15.3999997087652,5.00000007450581,0.));
#6283=CARTESIAN_POINT('',(-15.3999997087652,-0.108291735600727,21.6610025810601));
#6284=CARTESIAN_POINT('Ctrl Pts',(-15.3999997087652,4.41952908690028,21.9923401119668));
#6285=CARTESIAN_POINT('Ctrl Pts',(-15.3999997087652,4.44856850176886,21.9648545053832));
#6286=CARTESIAN_POINT('Ctrl Pts',(-15.3999997087652,4.47488027446051,21.937483554828));
#6287=CARTESIAN_POINT('Ctrl Pts',(-15.3999997087652,4.49917598360741,21.9102040155851));
#6288=CARTESIAN_POINT('Ctrl Pts',(-15.3999997087652,4.51835627210271,21.8886681373964));
#6289=CARTESIAN_POINT('Ctrl Pts',(-15.3999997087652,4.53628454422912,21.8671890727356));
#6290=CARTESIAN_POINT('Ctrl Pts',(-15.3999997087652,4.55329646372045,21.8457743822422));
#6291=CARTESIAN_POINT('Ctrl Pts',(-15.3999997087652,4.56808939686435,21.8271529630116));
#6292=CARTESIAN_POINT('Ctrl Pts',(-15.3999997087652,4.5821903138394,21.8085802956409));
#6293=CARTESIAN_POINT('Ctrl Pts',(-15.3999997087652,4.5957794000139,21.7900779586456));
#6294=CARTESIAN_POINT('Ctrl Pts',(-15.3999997087652,4.6089307697929,21.7721715981681));
#6295=CARTESIAN_POINT('Ctrl Pts',(-15.3999997087652,4.6216029580943,21.7543312240413));
#6296=CARTESIAN_POINT('Ctrl Pts',(-15.3999997087652,4.63391272171214,21.7365914676624));
#6297=CARTESIAN_POINT('Ctrl Pts',(-15.3999997087652,4.64588520436909,21.7193377711513));
#6298=CARTESIAN_POINT('Ctrl Pts',(-15.3999997087652,4.65751502489519,21.702179342987));
#6299=CARTESIAN_POINT('Ctrl Pts',(-15.3999997087652,4.66886204836329,21.6851610883982));
#6300=CARTESIAN_POINT('Ctrl Pts',(-15.3999997087652,4.6799332548588,21.6685565038324));
#6301=CARTESIAN_POINT('Ctrl Pts',(-15.3999997087652,4.69073539461095,21.6520854328927));
#6302=CARTESIAN_POINT('Ctrl Pts',(-15.3999997087652,4.70127579329135,21.6358010224416));
#6303=CARTESIAN_POINT('Ctrl Pts',(-15.3999997087652,4.71158634717448,21.6198717111791));
#6304=CARTESIAN_POINT('Ctrl Pts',(-15.3999997087652,4.72164658120883,21.6041210677865));
#6305=CARTESIAN_POINT('Ctrl Pts',(-15.3999997087652,4.73141452167172,21.5886089709967));
#6306=CARTESIAN_POINT('Ctrl Pts',(-15.3999997087652,4.74126470210698,21.5729662720175));
#6307=CARTESIAN_POINT('Ctrl Pts',(-15.3999997087652,4.75081781153143,21.5575662421212));
#6308=CARTESIAN_POINT('Ctrl Pts',(-15.3999997087652,4.75997720570795,21.5424799735279));
#6309=CARTESIAN_POINT('Ctrl Pts',(-15.3999997087652,4.76978687180989,21.5263226540837));
#6310=CARTESIAN_POINT('Ctrl Pts',(-15.3999997087652,4.77914454914429,21.5105257139386));
#6311=CARTESIAN_POINT('Ctrl Pts',(-15.3999997087652,4.78787209003155,21.4951828845816));
#6312=CARTESIAN_POINT('Ctrl Pts',(-15.3999997087652,4.79750271402504,21.4782524545279));
#6313=CARTESIAN_POINT('Ctrl Pts',(-15.3999997087652,4.80636537075971,21.4618759131469));
#6314=CARTESIAN_POINT('Ctrl Pts',(-15.3999997087652,4.81415870009174,21.4461753065123));
#6315=CARTESIAN_POINT('Ctrl Pts',(-15.3999997087652,4.82277881334306,21.4288090434509));
#6316=CARTESIAN_POINT('Ctrl Pts',(-15.3999997087652,4.83008879106606,21.4122716271519));
#6317=CARTESIAN_POINT('Ctrl Pts',(-15.3999997087652,4.83562892407823,21.3967006699259));
#6318=CARTESIAN_POINT('Ctrl Pts',(-15.3999997087652,4.84078706036721,21.3822033429943));
#6319=CARTESIAN_POINT('Ctrl Pts',(-15.3999997087652,4.84440845893388,21.3685445859591));
#6320=CARTESIAN_POINT('Ctrl Pts',(-15.3999997087652,4.8461145655196,21.3557943208718));
#6321=CARTESIAN_POINT('Ctrl Pts',(-15.3999997087652,4.8478134770451,21.3430978267071));
#6322=CARTESIAN_POINT('Ctrl Pts',(-15.3999997087652,4.84761207179628,21.3313018518289));
#6323=CARTESIAN_POINT('Ctrl Pts',(-15.3999997087652,4.84515679412586,21.3204270207812));
#6324=CARTESIAN_POINT('Ctrl Pts',(-15.3999997087652,4.8427275662322,21.3096675685049));
#6325=CARTESIAN_POINT('Ctrl Pts',(-15.3999997087652,4.83809126571573,21.2998090709043));
#6326=CARTESIAN_POINT('Ctrl Pts',(-15.3999997087652,4.83093843356435,21.2908335891178));
#6327=CARTESIAN_POINT('Ctrl Pts',(-15.3999997087652,4.82398598776172,21.2821095551474));
#6328=CARTESIAN_POINT('Ctrl Pts',(-15.3999997087652,4.81465549123258,21.274219028963));
#6329=CARTESIAN_POINT('Ctrl Pts',(-15.3999997087652,4.80270350955385,21.2671204196947));
#6330=CARTESIAN_POINT('Ctrl Pts',(-15.3999997087652,4.79114821876757,21.2602574160122));
#6331=CARTESIAN_POINT('Ctrl Pts',(-15.3999997087652,4.77714219859407,21.2541340365289));
#6332=CARTESIAN_POINT('Ctrl Pts',(-15.3999997087652,4.76051059561183,21.2486984075479));
#6333=CARTESIAN_POINT('Ctrl Pts',(-15.3999997087652,4.74395587670189,21.2432879062286));
#6334=CARTESIAN_POINT('Ctrl Pts',(-15.3999997087652,4.72479947320237,21.2385583906681));
#6335=CARTESIAN_POINT('Ctrl Pts',(-15.3999997087652,4.70292062777611,21.2344519112719));
#6336=CARTESIAN_POINT('Ctrl Pts',(-15.3999997087652,4.68069575927783,21.2302804861902));
#6337=CARTESIAN_POINT('Ctrl Pts',(-15.3999997087652,4.65566173977067,21.2267517046767));
#6338=CARTESIAN_POINT('Ctrl Pts',(-15.3999997087652,4.62774631442659,21.2238025518159));
#6339=CARTESIAN_POINT('Ctrl Pts',(-15.3999997087652,4.59939064706912,21.2208068891499));
#6340=CARTESIAN_POINT('Ctrl Pts',(-15.3999997087652,4.56806207975359,21.2184089942638));
#6341=CARTESIAN_POINT('Ctrl Pts',(-15.3999997087652,4.53373903982728,21.2165446426931));
#6342=CARTESIAN_POINT('Ctrl Pts',(-15.3999997087652,4.49889850629029,21.2146521820147));
#6343=CARTESIAN_POINT('Ctrl Pts',(-15.3999997087652,4.46097265544227,21.2133091537432));
#6344=CARTESIAN_POINT('Ctrl Pts',(-15.3999997087652,4.41999246813058,21.2124548863271));
#6345=CARTESIAN_POINT('Ctrl Pts',(-15.3999997087652,4.37839401797812,21.211587730688));
#6346=CARTESIAN_POINT('Ctrl Pts',(-15.3999997087652,4.33364853116045,21.2112238424747));
#6347=CARTESIAN_POINT('Ctrl Pts',(-15.3999997087652,4.28584097839151,21.2113115747719));
#6348=CARTESIAN_POINT('Ctrl Pts',(-15.3999997087652,4.23675184825058,21.2114016589094));
#6349=CARTESIAN_POINT('Ctrl Pts',(-15.3999997087652,4.18443442937991,21.2119679450339));
#6350=CARTESIAN_POINT('Ctrl Pts',(-15.3999997087652,4.12903362499245,21.2129700364027));
#6351=CARTESIAN_POINT('Ctrl Pts',(-15.3999997087652,4.07177144972655,21.2140057963023));
#6352=CARTESIAN_POINT('Ctrl Pts',(-15.3999997087652,4.01121537958085,21.2155072937285));
#6353=CARTESIAN_POINT('Ctrl Pts',(-15.3999997087652,3.94757884452467,21.2174444304904));
#6354=CARTESIAN_POINT('Ctrl Pts',(-15.3999997087652,3.87986503193883,21.2195056821838));
#6355=CARTESIAN_POINT('Ctrl Pts',(-15.3999997087652,3.8086633750082,21.2220603543703));
#6356=CARTESIAN_POINT('Ctrl Pts',(-15.3999997087652,3.73428956887138,21.2250858887993));
#6357=CARTESIAN_POINT('Ctrl Pts',(-15.3999997087652,3.6562912805877,21.2282588675516));
#6358=CARTESIAN_POINT('Ctrl Pts',(-15.3999997087652,3.57480443403221,21.2319500296356));
#6359=CARTESIAN_POINT('Ctrl Pts',(-15.3999997087652,3.49025302603857,21.2361441327141));
#6360=CARTESIAN_POINT('Ctrl Pts',(-15.3999997087652,3.40147497598942,21.2405478948967));
#6361=CARTESIAN_POINT('Ctrl Pts',(-15.3999997087652,3.30931865724288,21.2455060807398));
#6362=CARTESIAN_POINT('Ctrl Pts',(-15.3999997087652,3.21433399795114,21.2510097047815));
#6363=CARTESIAN_POINT('Ctrl Pts',(-15.3999997087652,3.11347483331563,21.2568537108289));
#6364=CARTESIAN_POINT('Ctrl Pts',(-15.3999997087652,3.00942711640577,21.2633124735498));
#6365=CARTESIAN_POINT('Ctrl Pts',(-15.3999997087652,2.90290834799849,21.2703874602386));
#6366=CARTESIAN_POINT('Ctrl Pts',(-15.3999997087652,2.78746563514851,21.2780551761626));
#6367=CARTESIAN_POINT('Ctrl Pts',(-15.3999997087652,2.66912123008898,21.2864462762693));
#6368=CARTESIAN_POINT('Ctrl Pts',(-15.3999997087652,2.54884669751562,21.2955818805554));
#6369=CARTESIAN_POINT('Ctrl Pts',(-15.3999997087652,2.40191289938774,21.3067424230846));
#6370=CARTESIAN_POINT('Ctrl Pts',(-15.3999997087652,2.25210069653397,21.3190130407761));
#6371=CARTESIAN_POINT('Ctrl Pts',(-15.3999997087652,2.10124704319294,21.3324754900695));
#6372=CARTESIAN_POINT('Ctrl Pts',(-15.3999997087652,1.9659536906737,21.3445493103428));
#6373=CARTESIAN_POINT('Ctrl Pts',(-15.3999997087652,1.8298268319967,21.3575829410416));
#6374=CARTESIAN_POINT('Ctrl Pts',(-15.3999997087652,1.6941837714694,21.3716602200575));
#6375=CARTESIAN_POINT('Ctrl Pts',(-15.3999997087652,1.57753466449492,21.3837662726595));
#6376=CARTESIAN_POINT('Ctrl Pts',(-15.3999997087652,1.4612445316431,21.3966447409097));
#6377=CARTESIAN_POINT('Ctrl Pts',(-15.3999997087652,1.34611457545996,21.4103576946155));
#6378=CARTESIAN_POINT('Ctrl Pts',(-15.3999997087652,1.23679923107502,21.4233780787674));
#6379=CARTESIAN_POINT('Ctrl Pts',(-15.3999997087652,1.12853024047558,21.4371509247658));
#6380=CARTESIAN_POINT('Ctrl Pts',(-15.3999997087652,1.02194623834179,21.4517332282935));
#6381=CARTESIAN_POINT('Ctrl Pts',(-15.3999997087652,0.918793872739874,21.4658460320416));
#6382=CARTESIAN_POINT('Ctrl Pts',(-15.3999997087652,0.817219965832055,21.4807170715363));
#6383=CARTESIAN_POINT('Ctrl Pts',(-15.3999997087652,0.717754169569565,21.4964004805925));
#6384=CARTESIAN_POINT('Ctrl Pts',(-15.3999997087652,0.622169498319197,21.511471927814));
#6385=CARTESIAN_POINT('Ctrl Pts',(-15.3999997087652,0.528531717380206,21.5272936353414));
#6386=CARTESIAN_POINT('Ctrl Pts',(-15.3999997087652,0.437262523693943,21.5439151500698));
#6387=CARTESIAN_POINT('Ctrl Pts',(-15.3999997087652,0.349553484771946,21.5598883062177));
#6388=CARTESIAN_POINT('Ctrl Pts',(-15.3999997087652,0.264032045277928,21.5766001386985));
#6389=CARTESIAN_POINT('Ctrl Pts',(-15.3999997087652,0.18102553422605,21.5940953684705));
#6390=CARTESIAN_POINT('Ctrl Pts',(-15.3999997087652,0.104872437109787,21.6101461085271));
#6391=CARTESIAN_POINT('Ctrl Pts',(-15.3999997087652,0.0308364671512768,
21.6268562910011));
#6392=CARTESIAN_POINT('Ctrl Pts',(-15.3999997087652,-0.04087445647667,21.6442602073424));
#6393=CARTESIAN_POINT('Ctrl Pts',(-15.3999997087652,-0.063581447654307,
21.6497710912472));
#6394=CARTESIAN_POINT('Ctrl Pts',(-15.3999997087652,-0.0860556984670721,
21.6553515265357));
#6395=CARTESIAN_POINT('Ctrl Pts',(-15.3999997087652,-0.108291735672896,
21.6610025810784));
#6396=CARTESIAN_POINT('',(-15.3999997087652,-2.,21.6610025810601));
#6397=CARTESIAN_POINT('',(-15.3999997087652,-0.999999977648258,21.6610025810601));
#6398=CARTESIAN_POINT('',(-15.3999997087652,-2.,-27.7999995258547));
#6399=CARTESIAN_POINT('',(-15.3999997087652,-2.,-6.93610312085922));
#6400=CARTESIAN_POINT('',(-15.3999997087652,1.,-24.7999995258547));
#6401=CARTESIAN_POINT('Origin',(-15.3999997087652,1.,-27.7999995258547));
#6402=CARTESIAN_POINT('',(-15.3999997087652,0.,-24.7999995258547));
#6403=CARTESIAN_POINT('',(-15.3999997087652,0.299192549724339,-4.17125178585683));
#6404=CARTESIAN_POINT('Origin',(-15.3999997087652,5.00000007450581,0.));
#6405=CARTESIAN_POINT('',(-15.3999997087652,-2.77555756156289E-16,-3.77505675413499));
#6406=CARTESIAN_POINT('',(-15.3999997087652,3.66093510798866,-8.62291911761143));
#6407=CARTESIAN_POINT('',(-15.3999997087652,0.,3.77505675413499));
#6408=CARTESIAN_POINT('',(-15.3999997087652,0.,-6.93610312085922));
#6409=CARTESIAN_POINT('',(-15.3999997087652,-5.32681194533211,-3.27878342203791));
#6410=CARTESIAN_POINT('Origin',(-15.2999997087652,0.,-19.0000002831221));
#6411=CARTESIAN_POINT('',(-15.2999997087652,2.22044604925031E-15,25.7999995258547));
#6412=CARTESIAN_POINT('',(-15.2999997087652,5.,25.7999995258547));
#6413=CARTESIAN_POINT('',(-15.2999997087652,0.,25.0434607965154));
#6414=CARTESIAN_POINT('',(-15.2999997087652,0.,12.0638971622628));
#6415=CARTESIAN_POINT('',(-15.2999997087652,24.1390046709878,16.9077920636464));
#6416=CARTESIAN_POINT('Origin',(-15.2999997087652,5.00000007450581,0.));
#6417=CARTESIAN_POINT('',(-15.2999997087652,25.4665413015719,15.7086174657463));
#6418=CARTESIAN_POINT('Origin',(-15.2999997087652,30.106265059493,22.1793931717325));
#6419=CARTESIAN_POINT('',(-15.3,30.6915932669411,2.36263737829429));
#6420=CARTESIAN_POINT('Origin',(-15.2999997087652,5.,0.));
#6421=CARTESIAN_POINT('',(-15.3,32.1852905274542,1.00000001490116));
#6422=CARTESIAN_POINT('Origin',(-15.3,32.1852905274542,2.50000001490116));
#6423=CARTESIAN_POINT('',(-15.3,32.5000004842877,1.00000001490116));
#6424=CARTESIAN_POINT('Origin',(-16.2999997087652,0.,3.59999991953376));
#6425=CARTESIAN_POINT('',(-16.2999997087652,0.,-25.7999995258547));
#6426=CARTESIAN_POINT('Origin',(0.,5.00000007450581,0.));
#6427=CARTESIAN_POINT('',(0.,0.299192549724339,-4.17125178585683));
#6428=CARTESIAN_POINT('Origin',(0.,0.299192549724339,-4.17125178585683));
#6429=CARTESIAN_POINT('',(9.63624714244836,0.,-3.77505675413499));
#6430=CARTESIAN_POINT('Origin',(0.,1.73472347597681E-15,3.77505675413499));
#6431=CARTESIAN_POINT('',(9.63624714244836,0.,3.77505675413499));
#6432=CARTESIAN_POINT('Origin',(19.2724942848967,0.,5.12779404140362));
#6433=CARTESIAN_POINT('',(16.2999997087652,0.,3.59999991953376));
#6434=CARTESIAN_POINT('',(22.2449888610282,0.,3.59999991953377));
#6435=CARTESIAN_POINT('',(16.2999997087652,0.,-3.59999991953375));
#6436=CARTESIAN_POINT('',(16.2999997087652,0.,7.70000018179416));
#6437=CARTESIAN_POINT('',(22.2449888610282,0.,-3.59999991953373));
#6438=CARTESIAN_POINT('Origin',(0.,0.299192549724341,4.17125178585683));
#6439=CARTESIAN_POINT('',(9.63624714244836,0.,3.77505675413499));
#6440=CARTESIAN_POINT('Origin',(0.,5.00000007450581,0.));
#6441=CARTESIAN_POINT('',(-22.244988861,0.299192549724339,-4.17125178585683));
#6442=CARTESIAN_POINT('Origin',(-22.244988861,5.00000007450581,0.));
#6443=CARTESIAN_POINT('',(0.,0.299192549724339,-4.17125178585683));
#6444=CARTESIAN_POINT('Origin',(0.,2.08166817117217E-16,-3.77505675413499));
#6445=CARTESIAN_POINT('',(-22.244988861,0.,-3.77505675413499));
#6446=CARTESIAN_POINT('',(-22.244988861,0.299192549724339,-4.17125178585683));
#6447=CARTESIAN_POINT('',(9.63624714244836,-2.77555756156289E-16,-3.77505675413499));
#6448=CARTESIAN_POINT('Origin',(19.2724942848967,0.,5.12779404140362));
#6449=CARTESIAN_POINT('',(-22.2449888610282,0.,-3.59999991953373));
#6450=CARTESIAN_POINT('',(-22.2449888610282,0.,-6.65558816327343));
#6451=CARTESIAN_POINT('',(-16.2999997087652,0.,-3.59999991953375));
#6452=CARTESIAN_POINT('',(-22.2449888610282,0.,-3.59999991953373));
#6453=CARTESIAN_POINT('',(-16.2999997087652,0.,3.59999991953376));
#6454=CARTESIAN_POINT('',(-16.2999997087652,0.,25.7999995258547));
#6455=CARTESIAN_POINT('',(-22.2449888610282,0.,3.59999991953377));
#6456=CARTESIAN_POINT('Origin',(-16.2999997087652,0.,3.59999991953376));
#6457=CARTESIAN_POINT('',(-16.2999997087652,-2.,-3.59999991953375));
#6458=CARTESIAN_POINT('',(-16.2999997087652,0.,-3.59999991953375));
#6459=CARTESIAN_POINT('',(-16.2999997087652,-2.,3.59999991953376));
#6460=CARTESIAN_POINT('',(-16.2999997087652,-2.,25.7999995258547));
#6461=CARTESIAN_POINT('',(-16.2999997087652,0.,3.59999991953376));
#6462=CARTESIAN_POINT('Origin',(8.11300073967865E-15,0.,25.7999995258547));
#6463=CARTESIAN_POINT('',(15.2999997087652,3.33066907387547E-15,25.7999995258547));
#6464=CARTESIAN_POINT('Origin',(8.11300073967865E-15,0.,25.7999995258547));
#6465=CARTESIAN_POINT('',(15.2999997087652,0.,25.7999995258548));
#6466=CARTESIAN_POINT('Origin',(19.2724942848967,0.,5.12779404140362));
#6467=CARTESIAN_POINT('',(15.2999997087652,0.,25.0434607965154));
#6468=CARTESIAN_POINT('',(15.2999997087652,0.,15.4638967836291));
#6469=CARTESIAN_POINT('',(15.2996435499309,0.,25.000000372529));
#6470=CARTESIAN_POINT('Ctrl Pts',(15.2999997087652,0.,25.0434607965154));
#6471=CARTESIAN_POINT('Ctrl Pts',(15.2999997087652,0.,25.0290840193768));
#6472=CARTESIAN_POINT('Ctrl Pts',(15.2998827320806,0.,25.0145929890278));
#6473=CARTESIAN_POINT('Ctrl Pts',(15.2996435499309,0.,25.000000372529));
#6474=CARTESIAN_POINT('',(-15.2996435499309,0.,25.000000372529));
#6475=CARTESIAN_POINT('',(0.,0.,25.000000372529));
#6476=CARTESIAN_POINT('Ctrl Pts',(-15.2996435499309,0.,25.000000372529));
#6477=CARTESIAN_POINT('Ctrl Pts',(-15.2998827320806,0.,25.0145929890278));
#6478=CARTESIAN_POINT('Ctrl Pts',(-15.2999997087652,0.,25.0290840193768));
#6479=CARTESIAN_POINT('Ctrl Pts',(-15.2999997087652,0.,25.0434607965154));
#6480=CARTESIAN_POINT('Origin',(-15.7999997087652,5.,0.));
#6481=CARTESIAN_POINT('',(-14.4999999999984,27.4399460182166,12.7314099075329));
#6482=CARTESIAN_POINT('Ctrl Pts',(-14.4999999999973,27.4399460182162,12.7314099075336));
#6483=CARTESIAN_POINT('Ctrl Pts',(-14.6690476859765,27.3279913351715,12.9287373883275));
#6484=CARTESIAN_POINT('Ctrl Pts',(-14.8378124964915,27.1795142099843,13.185718308018));
#6485=CARTESIAN_POINT('Ctrl Pts',(-15.281163941882,26.5134356300087,14.2682856346887));
#6486=CARTESIAN_POINT('Ctrl Pts',(-15.2999997087652,25.9478261459233,15.0815580719953));
#6487=CARTESIAN_POINT('Ctrl Pts',(-15.2999997087652,25.466541301572,15.7086174657463));
#6488=CARTESIAN_POINT('',(-14.5,28.9341381698046,9.63312024231006));
#6489=CARTESIAN_POINT('Origin',(-14.5,5.,0.));
#6490=CARTESIAN_POINT('',(14.5,28.9341381698046,9.63312024231006));
#6491=CARTESIAN_POINT('',(0.,28.9341389640722,9.63312056199048));
#6492=CARTESIAN_POINT('',(14.5,28.3505461389524,10.972327489952));
#6493=CARTESIAN_POINT('Origin',(14.5,5.,0.));
#6494=CARTESIAN_POINT('',(15.0853384508855,28.3505461367159,10.97232749379));
#6495=CARTESIAN_POINT('',(-15.2999997087652,28.3505461389524,10.972327489952));
#6496=CARTESIAN_POINT('',(15.2999997087652,28.3128855678954,11.0521193457326));
#6497=CARTESIAN_POINT('Ctrl Pts',(15.2999997087652,28.3128855678954,11.0521193457326));
#6498=CARTESIAN_POINT('Ctrl Pts',(15.2999997087652,28.3128877062558,11.0521148351631));
#6499=CARTESIAN_POINT('Ctrl Pts',(15.2999995782475,28.3128911729974,11.0521075225544));
#6500=CARTESIAN_POINT('Ctrl Pts',(15.2999993012489,28.31289759059,11.0520939855243));
#6501=CARTESIAN_POINT('Ctrl Pts',(15.299999032922,28.312902055844,11.0520845666701));
#6502=CARTESIAN_POINT('Ctrl Pts',(15.2999980700612,28.3129156599851,11.0520558705154));
#6503=CARTESIAN_POINT('Ctrl Pts',(15.2999971737257,28.3129252448116,11.0520356525122));
#6504=CARTESIAN_POINT('Ctrl Pts',(15.2999940893606,28.3129536280393,11.0519757814143));
#6505=CARTESIAN_POINT('Ctrl Pts',(15.2999913641353,28.3129731842659,11.051934529565));
#6506=CARTESIAN_POINT('Ctrl Pts',(15.2999821329487,28.3130306965404,11.0518132125139));
#6507=CARTESIAN_POINT('Ctrl Pts',(15.2999741674537,28.3130699889225,11.0517303275896));
#6508=CARTESIAN_POINT('Ctrl Pts',(15.2999473321866,28.3131854694606,11.0514867250048));
#6509=CARTESIAN_POINT('Ctrl Pts',(15.2999244160796,28.3132640870216,11.0513208792048));
#6510=CARTESIAN_POINT('Ctrl Pts',(15.2998472913452,28.3134953877076,11.0508329311104));
#6511=CARTESIAN_POINT('Ctrl Pts',(15.2997817053433,28.3136524669968,11.0505015411265));
#6512=CARTESIAN_POINT('Ctrl Pts',(15.2995605412319,28.3141155447316,11.0495245338367));
#6513=CARTESIAN_POINT('Ctrl Pts',(15.299372584441,28.3144289819953,11.0488631670015));
#6514=CARTESIAN_POINT('Ctrl Pts',(15.2987350778669,28.3153564980236,11.0469058573452));
#6515=CARTESIAN_POINT('Ctrl Pts',(15.2981919255709,28.3159803093325,11.0455891517311));
#6516=CARTESIAN_POINT('Ctrl Pts',(15.2963250601553,28.3178407626003,11.0416613959934));
#6517=CARTESIAN_POINT('Ctrl Pts',(15.2947229729633,28.3190744503572,11.0390556494644));
#6518=CARTESIAN_POINT('Ctrl Pts',(15.2890424843628,28.3228216269947,11.0311379079318));
#6519=CARTESIAN_POINT('Ctrl Pts',(15.2840835383232,28.3252160611966,11.0260734608812));
#6520=CARTESIAN_POINT('Ctrl Pts',(15.2673849597564,28.3318973873215,11.011932329291));
#6521=CARTESIAN_POINT('Ctrl Pts',(15.2512491623993,28.3364659508554,11.0022458816252));
#6522=CARTESIAN_POINT('Ctrl Pts',(15.2033472775514,28.3449844147134,10.984161224687));
#6523=CARTESIAN_POINT('Ctrl Pts',(15.1591991555562,28.3505461389523,10.9723274899523));
#6524=CARTESIAN_POINT('Ctrl Pts',(15.0853384590242,28.3505461389523,10.9723274899523));
#6525=CARTESIAN_POINT('',(15.3,30.6915932669411,2.36263737829429));
#6526=CARTESIAN_POINT('Origin',(15.2999997087652,5.,0.));
#6527=CARTESIAN_POINT('',(-15.7999997087652,30.6915924092631,2.36263729979741));
#6528=CARTESIAN_POINT('Origin',(-18.1811494404596,2.75,-5.02915460119509));
#6529=CARTESIAN_POINT('',(-15.5248534181646,2.03824762596807,-33.8000005066395));
#6530=CARTESIAN_POINT('Origin',(-18.1811494404596,2.75,-33.8000005066395));
#6531=CARTESIAN_POINT('',(-15.5248534181646,2.03824762596807,-5.02915460119509));
#6532=CARTESIAN_POINT('Origin',(18.1811494404596,2.75,-4.60415459560716));
#6533=CARTESIAN_POINT('',(15.5248534181646,2.03824762596807,-33.8000005066395));
#6534=CARTESIAN_POINT('',(15.5248534181646,2.03824762596807,-4.60415459560716));
#6535=CARTESIAN_POINT('Origin',(18.1811494404596,2.75,-33.8000005066395));
#6536=CARTESIAN_POINT('Origin',(15.5355002235174,1.99851320745314,-14.3361032326179));
#6537=CARTESIAN_POINT('',(15.0000002235174,3.99702641490627,-33.8000005066395));
#6538=CARTESIAN_POINT('',(15.0000002235174,3.99702641490627,-14.3361032326179));
#6539=CARTESIAN_POINT('',(14.7625690387912,4.88313165960592,-33.8000005066395));
#6540=CARTESIAN_POINT('Origin',(27.4497477663291,3.5,-3.15415457325542));
#6541=CARTESIAN_POINT('',(24.9748740321761,1.02512626584708,-28.0000004172325));
#6542=CARTESIAN_POINT('Origin',(27.4497477663291,3.5,-28.0000004172325));
#6543=CARTESIAN_POINT('',(24.9748740321761,1.02512626584708,-32.0000004768372));
#6544=CARTESIAN_POINT('Origin',(27.4497477663291,3.5,-32.0000004768372));
#6545=CARTESIAN_POINT('',(24.9748740321761,1.02512626584708,-3.15415457325542));
#6546=CARTESIAN_POINT('Origin',(-27.4497477663291,3.5,-4.15415458815658));
#6547=CARTESIAN_POINT('',(-24.9748740321761,1.02512626584708,-32.0000004768372));
#6548=CARTESIAN_POINT('Origin',(-27.4497477663291,3.5,-32.0000004768372));
#6549=CARTESIAN_POINT('',(-24.9748740321761,1.02512626584708,-28.0000004172325));
#6550=CARTESIAN_POINT('Origin',(-27.4497477663291,3.5,-28.0000004172325));
#6551=CARTESIAN_POINT('',(-24.9748740321761,1.02512626584709,-4.15415458815658));
#6552=CARTESIAN_POINT('Origin',(-18.3431460485308,2.,-21.7180518323758));
#6553=CARTESIAN_POINT('',(-21.171573173277,4.82842712474619,-28.0000004172325));
#6554=CARTESIAN_POINT('',(-18.3431460485308,6.,-28.0000004172325));
#6555=CARTESIAN_POINT('Origin',(-18.3431460485308,2.,-28.0000004172325));
#6556=CARTESIAN_POINT('',(-18.3431460485308,6.,-32.0000004768372));
#6557=CARTESIAN_POINT('',(-18.3431460485308,6.,-21.7180518323758));
#6558=CARTESIAN_POINT('',(-21.171573173277,4.82842712474619,-32.0000004768372));
#6559=CARTESIAN_POINT('Origin',(-18.3431460485308,2.,-32.0000004768372));
#6560=CARTESIAN_POINT('',(-21.171573173277,4.82842712474619,-21.7180518323758));
#6561=CARTESIAN_POINT('Origin',(-23.0000002980232,3.,-13.4361032177168));
#6562=CARTESIAN_POINT('',(-23.0000002980232,3.,-28.0000004172325));
#6563=CARTESIAN_POINT('',(-13.0000001490116,13.0000001490116,-32.0000004768372));
#6564=CARTESIAN_POINT('Origin',(20.0000002980232,0.,-32.0000004768372));
#6565=CARTESIAN_POINT('',(18.3431460485308,6.,-32.0000004768372));
#6566=CARTESIAN_POINT('',(0.,6.,-32.0000004768372));
#6567=CARTESIAN_POINT('',(21.171573173277,4.82842712474619,-32.0000004768372));
#6568=CARTESIAN_POINT('Origin',(18.3431460485308,2.,-32.0000004768372));
#6569=CARTESIAN_POINT('',(23.0000002980232,3.,-32.0000004768372));
#6570=CARTESIAN_POINT('',(19.4500002980232,2.55,-32.0000004768372));
#6571=CARTESIAN_POINT('Origin',(18.0500002980232,2.55,-32.0000004768372));
#6572=CARTESIAN_POINT('',(-16.6500002980232,2.55,-32.0000004768372));
#6573=CARTESIAN_POINT('Origin',(-18.0500002980232,2.55,-32.0000004768372));
#6574=CARTESIAN_POINT('Origin',(18.3431460485308,2.,-20.7180518174746));
#6575=CARTESIAN_POINT('',(18.3431460485308,6.,-28.0000004172325));
#6576=CARTESIAN_POINT('',(18.3431460485308,6.,-20.7180518174746));
#6577=CARTESIAN_POINT('',(21.171573173277,4.8284271247462,-28.0000004172325));
#6578=CARTESIAN_POINT('Origin',(18.3431460485308,2.,-28.0000004172325));
#6579=CARTESIAN_POINT('',(21.171573173277,4.82842712474619,-20.7180518174746));
#6580=CARTESIAN_POINT('Origin',(23.0000002980232,3.,-11.4361031879144));
#6581=CARTESIAN_POINT('',(13.0000001490116,13.0000001490116,-28.0000004172325));
#6582=CARTESIAN_POINT('Origin',(-15.5355002235174,1.99851320745314,-15.1861032437938));
#6583=CARTESIAN_POINT('',(-15.0000002235174,3.99702641490627,-33.8000005066395));
#6584=CARTESIAN_POINT('',(-15.7673785253807,1.13313160372657,-33.8000005066395));
#6585=CARTESIAN_POINT('',(-15.0000002235174,3.99702641490627,-15.1861032437938));
#6586=CARTESIAN_POINT('Origin',(-15.0000002235174,0.,-35.5000005289912));
#6587=CARTESIAN_POINT('',(-15.0000002235174,4.,-33.8000005066395));
#6588=CARTESIAN_POINT('',(-15.0000002235174,0.,-33.8000005066395));
#6589=CARTESIAN_POINT('',(-15.0000002235174,4.,-33.8000005066395));
#6590=CARTESIAN_POINT('Origin',(15.0000002235174,0.,-33.8000005066395));
#6591=CARTESIAN_POINT('',(15.0000002235174,4.,-33.8000005066395));
#6592=CARTESIAN_POINT('',(15.0000002235174,4.,-33.8000005066395));
#6593=CARTESIAN_POINT('',(15.0000002235174,0.,-33.8000005066395));
#6594=CARTESIAN_POINT('Origin',(18.0500002980232,2.55,-32.0000004768372));
#6595=CARTESIAN_POINT('',(19.4500002980232,2.55,-28.0000004768372));
#6596=CARTESIAN_POINT('',(19.4500002980232,2.55,-32.0000004768372));
#6597=CARTESIAN_POINT('Origin',(18.0500002980232,2.55,-28.0000004172325));
#6598=CARTESIAN_POINT('Origin',(-18.0500002980232,2.55,-32.0000004768372));
#6599=CARTESIAN_POINT('',(-16.6500002980232,2.55,-28.0000004768372));
#6600=CARTESIAN_POINT('',(-16.6500002980232,2.55,-32.0000004768372));
#6601=CARTESIAN_POINT('Origin',(-18.0500002980232,2.55,-28.0000004172325));
#6602=CARTESIAN_POINT('Origin',(-15.0000002235174,0.,-33.8000005066395));
#6603=CARTESIAN_POINT('',(0.,4.,-33.8000005066395));
#6604=CARTESIAN_POINT('Origin',(0.,4.,-34.6500005178154));
#6605=CARTESIAN_POINT('Origin',(-20.0000002980232,0.,-28.0000004172325));
#6606=CARTESIAN_POINT('',(-20.0000002980232,6.,-28.0000004172325));
#6607=CARTESIAN_POINT('Origin',(0.,6.,-30.0000004470348));
#6608=CARTESIAN_POINT('Origin',(14.5,5.,0.));
#6609=CARTESIAN_POINT('',(13.4090405986179,27.3114239332497,11.9909285077692));
#6610=CARTESIAN_POINT('Ctrl Pts',(13.4090405986357,27.3114239332452,11.9909285077798));
#6611=CARTESIAN_POINT('Ctrl Pts',(13.4646866104608,27.4069225765846,11.9378017774405));
#6612=CARTESIAN_POINT('Ctrl Pts',(13.5238196134256,27.4978144075438,11.8797706815698));
#6613=CARTESIAN_POINT('Ctrl Pts',(13.7726869160499,27.844999914435,11.6292522509515));
#6614=CARTESIAN_POINT('Ctrl Pts',(13.9566672206245,28.0250902332443,11.4288713636708));
#6615=CARTESIAN_POINT('Ctrl Pts',(14.2067051272745,28.2335309648223,11.1639654992917));
#6616=CARTESIAN_POINT('Ctrl Pts',(14.3189206609108,28.3072084375728,11.0452384755021));
#6617=CARTESIAN_POINT('Ctrl Pts',(14.4296343855138,28.3419315098393,10.9870545637581));
#6618=CARTESIAN_POINT('Ctrl Pts',(14.4481114860184,28.3461184024257,10.979905668911));
#6619=CARTESIAN_POINT('Ctrl Pts',(14.477601248787,28.3498171143862,10.9735804847546));
#6620=CARTESIAN_POINT('Ctrl Pts',(14.4886934181514,28.3505461389523,10.9723274899523));
#6621=CARTESIAN_POINT('Ctrl Pts',(14.5,28.3505461389523,10.9723274899523));
#6622=CARTESIAN_POINT('',(13.2715992195243,27.3046052171657,11.6435399707172));
#6623=CARTESIAN_POINT('Ctrl Pts',(13.2715992195243,27.3046052171657,11.6435399707172));
#6624=CARTESIAN_POINT('Ctrl Pts',(13.3581755023344,27.5191462691829,11.49952958061));
#6625=CARTESIAN_POINT('Ctrl Pts',(13.4627032066525,27.7261537970401,11.333191021255));
#6626=CARTESIAN_POINT('Ctrl Pts',(13.7170192736658,28.1414629396514,10.9290286651414));
#6627=CARTESIAN_POINT('Ctrl Pts',(13.8645596521862,28.3360721384271,10.6946136901456));
#6628=CARTESIAN_POINT('Ctrl Pts',(14.2751651611384,28.7865747423804,10.0248092580756));
#6629=CARTESIAN_POINT('Ctrl Pts',(14.4794069268575,28.9201982745111,9.6675901127154));
#6630=CARTESIAN_POINT('Ctrl Pts',(14.4973993163578,28.932026441825,9.63836169759009));
#6631=CARTESIAN_POINT('Ctrl Pts',(14.4978231714157,28.9326097060666,9.63691781374823));
#6632=CARTESIAN_POINT('Ctrl Pts',(14.5,28.9341381698046,9.63312024231006));
#6633=CARTESIAN_POINT('',(13.0797688283656,26.6300115817834,12.0963600342814));
#6634=CARTESIAN_POINT('Ctrl Pts',(13.0797688283656,26.6300115817835,12.0963600342814));
#6635=CARTESIAN_POINT('Ctrl Pts',(13.1096962484814,26.791553119943,11.9879254957073));
#6636=CARTESIAN_POINT('Ctrl Pts',(13.1488134390108,26.9486874516543,11.8824492884892));
#6637=CARTESIAN_POINT('Ctrl Pts',(13.2174633286819,27.1621366709975,11.7391717892641));
#6638=CARTESIAN_POINT('Ctrl Pts',(13.2427159759214,27.2330308636066,11.6915841585487));
#6639=CARTESIAN_POINT('Ctrl Pts',(13.2715992195243,27.3046052171657,11.6435399707172));
#6640=CARTESIAN_POINT('',(13.,26.0602131025137,12.1225987739118));
#6641=CARTESIAN_POINT('Ctrl Pts',(13.,26.0602131025137,12.1225987739118));
#6642=CARTESIAN_POINT('Ctrl Pts',(13.,26.1166848534557,12.1533860163425));
#6643=CARTESIAN_POINT('Ctrl Pts',(13.0042248869403,26.1778546223413,12.173915594938));
#6644=CARTESIAN_POINT('Ctrl Pts',(13.0202754753768,26.3132124409724,12.1944195221151));
#6645=CARTESIAN_POINT('Ctrl Pts',(13.0328583157648,26.3863559040039,12.1908400782454));
#6646=CARTESIAN_POINT('Ctrl Pts',(13.0578580167955,26.5181740615139,12.1580134908287));
#6647=CARTESIAN_POINT('Ctrl Pts',(13.0699373096537,26.5769432368,12.1319820889355));
#6648=CARTESIAN_POINT('Ctrl Pts',(13.0797688283657,26.6300115817843,12.0963600342808));
#6649=CARTESIAN_POINT('',(13.,25.767281754947,12.6178439310043));
#6650=CARTESIAN_POINT('Origin',(13.,5.,0.));
#6651=CARTESIAN_POINT('',(13.1109981676686,26.6240077484275,12.2773850887546));
#6652=CARTESIAN_POINT('Ctrl Pts',(13.,25.767281754947,12.6178439310043));
#6653=CARTESIAN_POINT('Ctrl Pts',(13.,26.0847116565438,12.4737958265898));
#6654=CARTESIAN_POINT('Ctrl Pts',(13.0388985564776,26.370893924219,12.3650051416634));
#6655=CARTESIAN_POINT('Ctrl Pts',(13.1109981676686,26.6240077484275,12.2773850887546));
#6656=CARTESIAN_POINT('',(13.1308896873614,26.6905695347801,12.2542770703359));
#6657=CARTESIAN_POINT('Ctrl Pts',(13.1109981676686,26.6240077484275,12.2773850887546));
#6658=CARTESIAN_POINT('Ctrl Pts',(13.1141789032336,26.6351740796929,12.2735196557253));
#6659=CARTESIAN_POINT('Ctrl Pts',(13.1174315411623,26.6463205540259,12.2696561230726));
#6660=CARTESIAN_POINT('Ctrl Pts',(13.1207564899647,26.6574460002911,12.2657941859682));
#6661=CARTESIAN_POINT('Ctrl Pts',(13.1240626421878,26.6685085522547,12.2619540811419));
#6662=CARTESIAN_POINT('Ctrl Pts',(13.1274402634487,26.6795502274207,12.2581155811901));
#6663=CARTESIAN_POINT('Ctrl Pts',(13.1308898460334,26.6905700634295,12.2542787293776));
#6664=CARTESIAN_POINT('',(13.1825949561975,26.8394116349549,12.2025713394961));
#6665=CARTESIAN_POINT('Ctrl Pts',(13.1308896873614,26.6905695347801,12.2542770703359));
#6666=CARTESIAN_POINT('Ctrl Pts',(13.138719364252,26.7155818639597,12.2455666211716));
#6667=CARTESIAN_POINT('Ctrl Pts',(13.1469332260944,26.7404948166324,12.2369010566852));
#6668=CARTESIAN_POINT('Ctrl Pts',(13.1555388910939,26.7652850833768,12.2282888937608));
#6669=CARTESIAN_POINT('Ctrl Pts',(13.1641588590331,26.7901165524793,12.2196624170969));
#6670=CARTESIAN_POINT('Ctrl Pts',(13.1731750736242,26.8148338155317,12.2110863365864));
#6671=CARTESIAN_POINT('Ctrl Pts',(13.1825948791577,26.8394117464865,12.2025715825271));
#6672=CARTESIAN_POINT('Ctrl Pts',(13.1825949561975,26.8394116349549,12.2025713394961));
#6673=CARTESIAN_POINT('Ctrl Pts',(13.2466267156763,27.0064762987589,12.1446896416056));
#6674=CARTESIAN_POINT('Ctrl Pts',(13.3236281244211,27.1648406446388,12.0724740729778));
#6675=CARTESIAN_POINT('Ctrl Pts',(13.4090405986905,27.3114239333393,11.9909285077274));
#6676=CARTESIAN_POINT('Origin',(0.,25.9745229533305,9.58776480759211));
#6677=CARTESIAN_POINT('Ctrl Pts',(15.0853384289831,28.3503981921377,10.9722414110078));
#6678=CARTESIAN_POINT('Ctrl Pts',(15.0713880087911,28.3464107635638,10.9790978806875));
#6679=CARTESIAN_POINT('Ctrl Pts',(15.0577713662534,28.3422356276334,10.9862225218908));
#6680=CARTESIAN_POINT('Ctrl Pts',(15.0443624634458,28.3380156374552,10.9933402551764));
#6681=CARTESIAN_POINT('Ctrl Pts',(15.022047629238,28.3309928122072,11.0051854479177));
#6682=CARTESIAN_POINT('Ctrl Pts',(15.0003090848021,28.3238468950124,11.0170089994403));
#6683=CARTESIAN_POINT('Ctrl Pts',(14.9790749864265,28.3165516330198,11.0288485768343));
#6684=CARTESIAN_POINT('Ctrl Pts',(14.956272037208,28.3087173710789,11.0415629043895));
#6685=CARTESIAN_POINT('Ctrl Pts',(14.9340505628277,28.3007105771103,11.0542959663119));
#6686=CARTESIAN_POINT('Ctrl Pts',(14.9122591351,28.2925075541805,11.0670855304015));
#6687=CARTESIAN_POINT('Ctrl Pts',(14.8904677073723,28.2843045312507,11.0798750944911));
#6688=CARTESIAN_POINT('Ctrl Pts',(14.8691053348734,28.2759050413968,11.0927213658183));
#6689=CARTESIAN_POINT('Ctrl Pts',(14.8479712642052,28.2672979217223,11.1056501776976));
#6690=CARTESIAN_POINT('Ctrl Pts',(14.829744278093,28.2598747492896,11.1168005745271));
#6691=CARTESIAN_POINT('Ctrl Pts',(14.8116862718512,28.2522973170129,11.128012134265));
#6692=CARTESIAN_POINT('Ctrl Pts',(14.7937742302385,28.2446074096987,11.1392187891831));
#6693=CARTESIAN_POINT('Ctrl Pts',(14.7229688648656,28.2142096075478,11.1835181110159));
#6694=CARTESIAN_POINT('Ctrl Pts',(14.6542743760466,28.1816719283358,11.2283054853806));
#6695=CARTESIAN_POINT('Ctrl Pts',(14.5868253033234,28.1476272293317,11.2723107276651));
#6696=CARTESIAN_POINT('Ctrl Pts',(14.5553575057855,28.1317439613749,11.2928410033072));
#6697=CARTESIAN_POINT('Ctrl Pts',(14.5241613535768,28.1155323599138,11.3132015264681));
#6698=CARTESIAN_POINT('Ctrl Pts',(14.4931515521888,28.0990551310121,11.3332655275545));
#6699=CARTESIAN_POINT('Ctrl Pts',(14.4357907754413,28.0685761660996,11.3703791701921));
#6700=CARTESIAN_POINT('Ctrl Pts',(14.3790675334841,28.037188490574,11.4064787553343));
#6701=CARTESIAN_POINT('Ctrl Pts',(14.3233038226488,28.004777611955,11.4419182494618));
#6702=CARTESIAN_POINT('Ctrl Pts',(14.2674668518586,27.9723241533235,11.4774043024662));
#6703=CARTESIAN_POINT('Ctrl Pts',(14.2125915448202,27.938844803641,11.5122281166696));
#6704=CARTESIAN_POINT('Ctrl Pts',(14.1582227029585,27.9042744140415,11.5463029716736));
#6705=CARTESIAN_POINT('Ctrl Pts',(14.0818835848501,27.8557342398475,11.5941473673165));
#6706=CARTESIAN_POINT('Ctrl Pts',(14.006541657981,27.805044752072,11.6405158568114));
#6707=CARTESIAN_POINT('Ctrl Pts',(13.9326847002035,27.7522594036155,11.6852469763478));
#6708=CARTESIAN_POINT('Ctrl Pts',(13.8611910035754,27.7011630708863,11.7285467978705));
#6709=CARTESIAN_POINT('Ctrl Pts',(13.7910882993747,27.6481025411571,11.7703129881195));
#6710=CARTESIAN_POINT('Ctrl Pts',(13.7228570975104,27.5930992782808,11.8103903490547));
#6711=CARTESIAN_POINT('Ctrl Pts',(13.657504284606,27.5404163729579,11.8487770137966));
#6712=CARTESIAN_POINT('Ctrl Pts',(13.5938681436181,27.4859505901101,11.8856147419396));
#6713=CARTESIAN_POINT('Ctrl Pts',(13.5324114099038,27.429702383365,11.9207516982954));
#6714=CARTESIAN_POINT('Ctrl Pts',(13.4902046270919,27.3910726726374,11.9448827868832));
#6715=CARTESIAN_POINT('Ctrl Pts',(13.4490265988899,27.3516018566571,11.9682113758869));
#6716=CARTESIAN_POINT('Ctrl Pts',(13.4090400198873,27.3112873050591,11.9906823571615));
#6717=CARTESIAN_POINT('Origin',(-14.5,5.,0.));
#6718=CARTESIAN_POINT('',(-13.,25.767281754947,12.6178439310043));
#6719=CARTESIAN_POINT('Ctrl Pts',(-14.4999999999973,27.4399460182162,12.7314099075336));
#6720=CARTESIAN_POINT('Ctrl Pts',(-14.4967277551153,27.4421131176147,12.7275902525329));
#6721=CARTESIAN_POINT('Ctrl Pts',(-14.4934509810031,27.444254488386,12.7237919748552));
#6722=CARTESIAN_POINT('Ctrl Pts',(-14.3805938463078,27.5170227209078,12.5938813639869));
#6723=CARTESIAN_POINT('Ctrl Pts',(-14.266577002124,27.5587041794083,12.4918819702464));
#6724=CARTESIAN_POINT('Ctrl Pts',(-14.0680961155675,27.5823937831855,12.3506974785996));
#6725=CARTESIAN_POINT('Ctrl Pts',(-13.978584101947,27.5777147545292,12.2986110083763));
#6726=CARTESIAN_POINT('Ctrl Pts',(-13.8044643953403,27.5309739653883,12.2211398179394));
#6727=CARTESIAN_POINT('Ctrl Pts',(-13.7248725736528,27.4942776026955,12.1953486527076));
#6728=CARTESIAN_POINT('Ctrl Pts',(-13.5690604688048,27.3901391329206,12.1623069281009));
#6729=CARTESIAN_POINT('Ctrl Pts',(-13.4969792855891,27.3233655163906,12.1570139073669));
#6730=CARTESIAN_POINT('Ctrl Pts',(-13.3476026525992,27.1474377591421,12.1639742964137));
#6731=CARTESIAN_POINT('Ctrl Pts',(-13.277928508886,27.0323083290417,12.1829787856554));
#6732=CARTESIAN_POINT('Ctrl Pts',(-13.1441570906579,26.747387051316,12.2477182765938));
#6733=CARTESIAN_POINT('Ctrl Pts',(-13.0830393367376,26.5512331074191,12.3064883081179));
#6734=CARTESIAN_POINT('Ctrl Pts',(-13.015506990331,26.1549998137584,12.4510059483717));
#6735=CARTESIAN_POINT('Ctrl Pts',(-13.,25.968215107837,12.5266613787247));
#6736=CARTESIAN_POINT('Ctrl Pts',(-13.,25.767281754947,12.6178439310043));
#6737=CARTESIAN_POINT('',(-13.,26.0602131025137,12.1225987739118));
#6738=CARTESIAN_POINT('Origin',(-13.,5.,0.));
#6739=CARTESIAN_POINT('',(-13.0797688283656,26.6300115817836,12.0963600342813));
#6740=CARTESIAN_POINT('Ctrl Pts',(-13.0797688283656,26.6300115817836,12.0963600342813));
#6741=CARTESIAN_POINT('Ctrl Pts',(-13.0700287788945,26.5774369673587,12.1316506729669));
#6742=CARTESIAN_POINT('Ctrl Pts',(-13.0580810264322,26.5192594789049,12.1575332369571));
#6743=CARTESIAN_POINT('Ctrl Pts',(-13.0342072877619,26.3935616147987,12.1892611882291));
#6744=CARTESIAN_POINT('Ctrl Pts',(-13.0224988896379,26.3263198808529,12.1937792289547));
#6745=CARTESIAN_POINT('Ctrl Pts',(-13.0054955308635,26.1928316152178,12.178171454149));
#6746=CARTESIAN_POINT('Ctrl Pts',(-13.0004162390815,26.1278783254532,12.1581940054456));
#6747=CARTESIAN_POINT('Ctrl Pts',(-13.0000083330002,26.0652957248241,12.125343818711));
#6748=CARTESIAN_POINT('Ctrl Pts',(-13.,26.0627482329213,12.1239808751066));
#6749=CARTESIAN_POINT('Ctrl Pts',(-13.,26.0602131025137,12.1225987739118));
#6750=CARTESIAN_POINT('',(-13.2715992195243,27.3046052171657,11.6435399707172));
#6751=CARTESIAN_POINT('Ctrl Pts',(-13.2715992195252,27.304605217168,11.6435399707157));
#6752=CARTESIAN_POINT('Ctrl Pts',(-13.2427159759219,27.2330308636081,11.6915841585476));
#6753=CARTESIAN_POINT('Ctrl Pts',(-13.2174633286821,27.1621366709982,11.7391717892636));
#6754=CARTESIAN_POINT('Ctrl Pts',(-13.1488134390109,26.9486874516543,11.8824492884892));
#6755=CARTESIAN_POINT('Ctrl Pts',(-13.1096962484814,26.7915531199431,11.9879254957073));
#6756=CARTESIAN_POINT('Ctrl Pts',(-13.0797688283656,26.6300115817836,12.0963600342813));
#6757=CARTESIAN_POINT('Ctrl Pts',(-14.5,28.9341381698046,9.63312024231006));
#6758=CARTESIAN_POINT('Ctrl Pts',(-14.4978231714157,28.9326097060666,9.63691781374828));
#6759=CARTESIAN_POINT('Ctrl Pts',(-14.4973993163599,28.9320264418246,9.63836169759113));
#6760=CARTESIAN_POINT('Ctrl Pts',(-14.4921406855992,28.9285694265988,9.64690427848566));
#6761=CARTESIAN_POINT('Ctrl Pts',(-14.4832331951413,28.9222621791676,9.66245906372321));
#6762=CARTESIAN_POINT('Ctrl Pts',(-14.1545828369949,28.6850062353603,10.2321454587641));
#6763=CARTESIAN_POINT('Ctrl Pts',(-13.8178312427977,28.3280113707023,10.768415982932));
#6764=CARTESIAN_POINT('Ctrl Pts',(-13.4349908326809,27.6705084396574,11.37741185241));
#6765=CARTESIAN_POINT('Ctrl Pts',(-13.3464894616115,27.4901875822398,11.5189680599334));
#6766=CARTESIAN_POINT('Ctrl Pts',(-13.2715992195243,27.3046052171657,11.6435399707172));
#6767=CARTESIAN_POINT('Origin',(-13.,15.4060000372529,11.5000001713634));
#6768=CARTESIAN_POINT('',(-13.,22.2371373088839,15.2276431442507));
#6769=CARTESIAN_POINT('Origin',(-13.,30.106265059493,22.1793931717325));
#6770=CARTESIAN_POINT('',(-13.,2.57146368804135,22.8714281754561));
#6771=CARTESIAN_POINT('Origin',(-13.,5.00000007450581,0.));
#6772=CARTESIAN_POINT('',(-13.,4.41952908690029,21.9923401119668));
#6773=CARTESIAN_POINT('Ctrl Pts',(-13.,4.41952908690029,21.9923401119668));
#6774=CARTESIAN_POINT('Ctrl Pts',(-13.,4.39963738546887,22.0111674706549));
#6775=CARTESIAN_POINT('Ctrl Pts',(-13.,4.37846495362672,22.0300495640386));
#6776=CARTESIAN_POINT('Ctrl Pts',(-13.,4.35581332834518,22.0489978723864));
#6777=CARTESIAN_POINT('Ctrl Pts',(-13.,4.33477626193113,22.0665955862895));
#6778=CARTESIAN_POINT('Ctrl Pts',(-13.,4.31246254883856,22.0842506501737));
#6779=CARTESIAN_POINT('Ctrl Pts',(-13.,4.28875451806445,22.1019704007638));
#6780=CARTESIAN_POINT('Ctrl Pts',(-13.,4.26458425659287,22.1200356297596));
#6781=CARTESIAN_POINT('Ctrl Pts',(-13.,4.23896448812569,22.1381681503868));
#6782=CARTESIAN_POINT('Ctrl Pts',(-13.,4.21182702169774,22.1563709822329));
#6783=CARTESIAN_POINT('Ctrl Pts',(-13.,4.18332874089996,22.1754865991842));
#6784=CARTESIAN_POINT('Ctrl Pts',(-13.,4.15315703632053,22.1946796834782));
#6785=CARTESIAN_POINT('Ctrl Pts',(-13.,4.12129269202105,22.2139490190984));
#6786=CARTESIAN_POINT('Ctrl Pts',(-13.,4.08731271640251,22.234497741156));
#6787=CARTESIAN_POINT('Ctrl Pts',(-13.,4.05140828921142,22.2551330677452));
#6788=CARTESIAN_POINT('Ctrl Pts',(-13.,4.01361702846436,22.2758497042862));
#6789=CARTESIAN_POINT('Ctrl Pts',(-13.,3.97209226749441,22.2986129930324));
#6790=CARTESIAN_POINT('Ctrl Pts',(-13.,3.92829010616137,22.3214742547401));
#6791=CARTESIAN_POINT('Ctrl Pts',(-13.,3.88232367369619,22.3444244115785));
#6792=CARTESIAN_POINT('Ctrl Pts',(-13.,3.8292825955622,22.3709068031145));
#6793=CARTESIAN_POINT('Ctrl Pts',(-13.,3.77336092209367,22.397507148833));
#6794=CARTESIAN_POINT('Ctrl Pts',(-13.,3.71479725478513,22.4242142060712));
#6795=CARTESIAN_POINT('Ctrl Pts',(-13.,3.65677640854672,22.4506737181325));
#6796=CARTESIAN_POINT('Ctrl Pts',(-13.,3.59616223465713,22.4772381209358));
#6797=CARTESIAN_POINT('Ctrl Pts',(-13.,3.5332369624507,22.5039005809113));
#6798=CARTESIAN_POINT('Ctrl Pts',(-13.,3.47114174334001,22.5302113339069));
#6799=CARTESIAN_POINT('Ctrl Pts',(-13.,3.40679589732612,22.5566177218091));
#6800=CARTESIAN_POINT('Ctrl Pts',(-13.,3.34052130138083,22.5831149537199));
#6801=CARTESIAN_POINT('Ctrl Pts',(-13.,3.27447603968685,22.6095204955531));
#6802=CARTESIAN_POINT('Ctrl Pts',(-13.,3.20651517944712,22.6360163927021));
#6803=CARTESIAN_POINT('Ctrl Pts',(-13.,3.13701007032851,22.6625975533324));
#6804=CARTESIAN_POINT('Ctrl Pts',(-13.,3.06371223292699,22.6906291845971));
#6805=CARTESIAN_POINT('Ctrl Pts',(-13.,2.98869729178962,22.7187556382357));
#6806=CARTESIAN_POINT('Ctrl Pts',(-13.,2.9124627410167,22.7469688989067));
#6807=CARTESIAN_POINT('Ctrl Pts',(-13.,2.82098215108473,22.7808244893695));
#6808=CARTESIAN_POINT('Ctrl Pts',(-13.,2.72774626366607,22.8148048112113));
#6809=CARTESIAN_POINT('Ctrl Pts',(-13.,2.63369336097991,22.8488954396647));
#6810=CARTESIAN_POINT('Ctrl Pts',(-13.,2.61298610125879,22.8564010399947));
#6811=CARTESIAN_POINT('Ctrl Pts',(-13.,2.59223944649129,22.8639119959953));
#6812=CARTESIAN_POINT('Ctrl Pts',(-13.,2.57146368804135,22.8714281754561));
#6813=CARTESIAN_POINT('',(-13.,26.999999396503,0.));
#6814=CARTESIAN_POINT('Origin',(-13.,5.00000007450581,0.));
#6815=CARTESIAN_POINT('',(-13.,29.8000003874302,0.));
#6816=CARTESIAN_POINT('',(-13.,23.1090000558794,0.));
#6817=CARTESIAN_POINT('',(-13.,27.9234421310998,9.46339367241087));
#6818=CARTESIAN_POINT('Origin',(-13.,5.00000007450581,0.));
#6819=CARTESIAN_POINT('',(-13.,26.5968207647664,11.0924340805258));
#6820=CARTESIAN_POINT('Origin',(-13.,24.5496291290505,8.07059583094064));
#6821=CARTESIAN_POINT('',(-13.,25.9483696926494,11.5317374122614));
#6822=CARTESIAN_POINT('',(-13.,22.3427633677166,13.9744118707966));
#6823=CARTESIAN_POINT('',(-13.,25.8682617713217,11.9483699923196));
#6824=CARTESIAN_POINT('Origin',(-13.,26.1166320188726,11.7801076793506));
#6825=CARTESIAN_POINT('Origin',(-13.,26.3234794145852,11.6397003902654));
#6826=CARTESIAN_POINT('',(-13.,25.2289074128758,12.2289072191607));
#6827=CARTESIAN_POINT('',(-13.,25.212074777477,12.2120745837619));
#6828=CARTESIAN_POINT('',(-13.,22.5909538070207,9.59095361330562));
#6829=CARTESIAN_POINT('',(-13.,25.2228540222914,12.2226390564855));
#6830=CARTESIAN_POINT('Origin',(-13.,25.4056841081724,12.052130523864));
#6831=CARTESIAN_POINT('Origin',(-13.,25.7424048633669,11.681744497872));
#6832=CARTESIAN_POINT('Origin',(-12.7499997087652,30.106265059493,22.1793931717325));
#6833=CARTESIAN_POINT('Origin',(-12.7499997087652,24.1390046709878,16.9077920636464));
#6834=CARTESIAN_POINT('Origin',(13.,15.4060000372529,11.5000001713634));
#6835=CARTESIAN_POINT('',(13.,25.8682617713217,11.9483699923196));
#6836=CARTESIAN_POINT('Origin',(13.,26.3234794145852,11.6397003902654));
#6837=CARTESIAN_POINT('',(13.,25.9483696926494,11.5317374122614));
#6838=CARTESIAN_POINT('Origin',(13.,26.1166320188726,11.7801076793506));
#6839=CARTESIAN_POINT('',(13.,26.5968207647664,11.0924340805258));
#6840=CARTESIAN_POINT('',(13.,22.3427633677166,13.9744118707966));
#6841=CARTESIAN_POINT('',(13.,27.9234421310998,9.46339367241087));
#6842=CARTESIAN_POINT('Origin',(13.,24.5496291290505,8.07059583094064));
#6843=CARTESIAN_POINT('',(13.,29.8000003874302,0.));
#6844=CARTESIAN_POINT('Origin',(13.,5.00000007450581,0.));
#6845=CARTESIAN_POINT('',(13.,26.999999396503,0.));
#6846=CARTESIAN_POINT('',(13.,21.2029997168779,0.));
#6847=CARTESIAN_POINT('',(13.,4.41952908690029,21.9923401119668));
#6848=CARTESIAN_POINT('Origin',(13.,5.00000007450581,0.));
#6849=CARTESIAN_POINT('',(13.,2.57146368804135,22.8714281754561));
#6850=CARTESIAN_POINT('Ctrl Pts',(13.,2.57146368804135,22.8714281754561));
#6851=CARTESIAN_POINT('Ctrl Pts',(13.,2.66729189392446,22.8367597904459));
#6852=CARTESIAN_POINT('Ctrl Pts',(13.,2.76249747309012,22.8022022384237));
#6853=CARTESIAN_POINT('Ctrl Pts',(13.,2.85608620060676,22.7677700759261));
#6854=CARTESIAN_POINT('Ctrl Pts',(13.,2.93321118460425,22.7393950776534));
#6855=CARTESIAN_POINT('Ctrl Pts',(13.,3.00923732257744,22.7111054488053));
#6856=CARTESIAN_POINT('Ctrl Pts',(13.,3.08364796219835,22.6829096215371));
#6857=CARTESIAN_POINT('Ctrl Pts',(13.,3.15318346213429,22.6565610918753));
#6858=CARTESIAN_POINT('Ctrl Pts',(13.,3.22130768598435,22.6302945396502));
#6859=CARTESIAN_POINT('Ctrl Pts',(13.,3.28764699834648,22.6041153076314));
#6860=CARTESIAN_POINT('Ctrl Pts',(13.,3.35521475617814,22.5774512988215));
#6861=CARTESIAN_POINT('Ctrl Pts',(13.,3.4209309089151,22.5508777397004));
#6862=CARTESIAN_POINT('Ctrl Pts',(13.,3.4844553526681,22.5243993742836));
#6863=CARTESIAN_POINT('Ctrl Pts',(13.,3.54882847242127,22.4975672623099));
#6864=CARTESIAN_POINT('Ctrl Pts',(13.,3.61095103217107,22.4708327508442));
#6865=CARTESIAN_POINT('Ctrl Pts',(13.,3.67052365342614,22.4442020733789));
#6866=CARTESIAN_POINT('Ctrl Pts',(13.,3.72981493666099,22.4176971621116));
#6867=CARTESIAN_POINT('Ctrl Pts',(13.,3.78658057135515,22.3912949579251));
#6868=CARTESIAN_POINT('Ctrl Pts',(13.,3.84057608221646,22.3650051485844));
#6869=CARTESIAN_POINT('Ctrl Pts',(13.,3.88828057111036,22.341778367363));
#6870=CARTESIAN_POINT('Ctrl Pts',(13.,3.9338223381347,22.3186395258437));
#6871=CARTESIAN_POINT('Ctrl Pts',(13.,3.97707009472031,22.2955978856513));
#6872=CARTESIAN_POINT('Ctrl Pts',(13.,4.01622080728466,22.2747390780876));
#6873=CARTESIAN_POINT('Ctrl Pts',(13.,4.05349093784873,22.2539601084064));
#6874=CARTESIAN_POINT('Ctrl Pts',(13.,4.08882581851801,22.2332671019284));
#6875=CARTESIAN_POINT('Ctrl Pts',(13.,4.12192833931246,22.2138814222753));
#6876=CARTESIAN_POINT('Ctrl Pts',(13.,4.15333199846889,22.1945712907202));
#6877=CARTESIAN_POINT('Ctrl Pts',(13.,4.18303841471192,22.1753391682548));
#6878=CARTESIAN_POINT('Ctrl Pts',(13.,4.2108038792688,22.157363630233));
#6879=CARTESIAN_POINT('Ctrl Pts',(13.,4.23708650372479,22.139456295836));
#6880=CARTESIAN_POINT('Ctrl Pts',(13.,4.26193326008025,22.1216157841438));
#6881=CARTESIAN_POINT('Ctrl Pts',(13.,4.28662910754181,22.103883628321));
#6882=CARTESIAN_POINT('Ctrl Pts',(13.,4.30990606759771,22.0862175417277));
#6883=CARTESIAN_POINT('Ctrl Pts',(13.,4.33186204735784,22.06861176247));
#6884=CARTESIAN_POINT('Ctrl Pts',(13.,4.35636236309525,22.048965763734));
#6885=CARTESIAN_POINT('Ctrl Pts',(13.,4.37921828738682,22.0293946103788));
#6886=CARTESIAN_POINT('Ctrl Pts',(13.,4.40063291687253,22.0098859041731));
#6887=CARTESIAN_POINT('Ctrl Pts',(13.,4.40705893618601,22.0040318069568));
#6888=CARTESIAN_POINT('Ctrl Pts',(13.,4.41335555021013,21.998183322013));
#6889=CARTESIAN_POINT('Ctrl Pts',(13.,4.41952908690028,21.9923401119668));
#6890=CARTESIAN_POINT('',(13.,22.2371373088839,15.2276431442507));
#6891=CARTESIAN_POINT('Origin',(13.,5.00000007450581,0.));
#6892=CARTESIAN_POINT('',(13.,23.9877824390685,13.646271209428));
#6893=CARTESIAN_POINT('Origin',(13.,30.106265059493,22.1793931717325));
#6894=CARTESIAN_POINT('Origin',(13.,30.106265059493,22.1793931717325));
#6895=CARTESIAN_POINT('',(13.,25.212074777477,12.2120745837619));
#6896=CARTESIAN_POINT('',(13.,25.2289074128758,12.2289072191607));
#6897=CARTESIAN_POINT('',(13.,22.5825374893214,9.58253729560626));
#6898=CARTESIAN_POINT('',(13.,25.2228540222914,12.2226390564855));
#6899=CARTESIAN_POINT('Origin',(13.,25.7424048633669,11.681744497872));
#6900=CARTESIAN_POINT('Origin',(13.,25.4056841081724,12.052130523864));
#6901=CARTESIAN_POINT('Origin',(12.7499997087652,30.106265059493,22.1793931717325));
#6902=CARTESIAN_POINT('',(15.2999997087652,25.466541301572,15.7086174657463));
#6903=CARTESIAN_POINT('Origin',(12.7499997087652,25.466541301572,15.7086174657463));
#6904=CARTESIAN_POINT('',(15.2999997087652,24.1390046709878,16.9077920636464));
#6905=CARTESIAN_POINT('Origin',(12.7499997087652,24.1390046709878,16.9077920636464));
#6906=CARTESIAN_POINT('Origin',(15.2999997087652,30.106265059493,22.1793931717325));
#6907=CARTESIAN_POINT('Ctrl Pts',(13.,23.9877824390685,13.646271209428));
#6908=CARTESIAN_POINT('Ctrl Pts',(13.,24.8067202688531,13.0590703114589));
#6909=CARTESIAN_POINT('Ctrl Pts',(13.,25.7248490725435,12.5868386384923));
#6910=CARTESIAN_POINT('Ctrl Pts',(13.,26.6519885445281,12.2638511412552));
#6911=CARTESIAN_POINT('Ctrl Pts',(13.7118167496315,24.0286444956298,13.7032593442155));
#6912=CARTESIAN_POINT('Ctrl Pts',(13.6707982677023,24.8263084912567,13.1280863478787));
#6913=CARTESIAN_POINT('Ctrl Pts',(13.6207189591042,25.6811415832821,12.6727116240045));
#6914=CARTESIAN_POINT('Ctrl Pts',(13.5752421708837,26.5025686614768,12.3212288770127));
#6915=CARTESIAN_POINT('Ctrl Pts',(14.8926762754735,24.4233099943012,14.2536783031965));
#6916=CARTESIAN_POINT('Ctrl Pts',(14.7918541486805,25.098668535558,13.6745696981821));
#6917=CARTESIAN_POINT('Ctrl Pts',(14.6661423218775,25.7740413975942,13.1969398482166));
#6918=CARTESIAN_POINT('Ctrl Pts',(14.574608863072,26.3679732268602,12.7825270455098));
#6919=CARTESIAN_POINT('Ctrl Pts',(15.2999997087652,25.1539469330318,15.2726587424872));
#6920=CARTESIAN_POINT('Ctrl Pts',(15.2550808126149,25.6594636379571,14.686110725863));
#6921=CARTESIAN_POINT('Ctrl Pts',(15.1987946588917,26.1246504836413,14.144991868366));
#6922=CARTESIAN_POINT('Ctrl Pts',(15.1592075819371,26.507367826222,13.6834468527185));
#6923=CARTESIAN_POINT('Ctrl Pts',(15.2999997087652,25.466541301572,15.7086174657463));
#6924=CARTESIAN_POINT('Ctrl Pts',(15.2999997087652,25.9118266445096,15.1284613264749));
#6925=CARTESIAN_POINT('Ctrl Pts',(15.2999997087652,26.3003751620147,14.5688827335933));
#6926=CARTESIAN_POINT('Ctrl Pts',(15.2999997087652,26.6086505502728,14.0963185594784));
#6927=CARTESIAN_POINT('',(15.2999997087652,26.6086505502728,14.0963185594784));
#6928=CARTESIAN_POINT('Origin',(15.2999997087652,5.,-1.57979434186706E-15));
#6929=CARTESIAN_POINT('Origin',(12.977712253989,27.4908522262185,14.6718193677729));
#6930=CARTESIAN_POINT('Origin',(12.7499997087652,5.00000007450581,0.));
#6931=CARTESIAN_POINT('Origin',(15.2999997087652,5.00000007450581,0.));
#6932=CARTESIAN_POINT('Ctrl Pts',(15.2996435499309,3.22008045228195E-16,
25.000000372529));
#6933=CARTESIAN_POINT('Ctrl Pts',(15.2966752420894,3.54292803518372E-16,
24.8189025020131));
#6934=CARTESIAN_POINT('Ctrl Pts',(15.2726006821768,0.013521362391237,24.605544806938));
#6935=CARTESIAN_POINT('Ctrl Pts',(15.1762410524645,0.126853996647999,24.2512827581448));
#6936=CARTESIAN_POINT('Ctrl Pts',(15.123849181817,0.200043470005567,24.1221164984117));
#6937=CARTESIAN_POINT('Ctrl Pts',(14.9752243689739,0.437257054375868,23.8430841371992));
#6938=CARTESIAN_POINT('Ctrl Pts',(14.8659888945008,0.634916683994802,23.6946796345339));
#6939=CARTESIAN_POINT('Ctrl Pts',(14.5241962328527,1.21618592511048,23.3826663396504));
#6940=CARTESIAN_POINT('Ctrl Pts',(14.2983619364806,1.57779270760658,23.2388379690313));
#6941=CARTESIAN_POINT('Ctrl Pts',(13.8386759918953,2.1019187442907,23.040772393226));
#6942=CARTESIAN_POINT('Ctrl Pts',(13.6109135099796,2.31059283349891,22.9657269952699));
#6943=CARTESIAN_POINT('Ctrl Pts',(13.2385201517257,2.50188948745638,22.8965814506395));
#6944=CARTESIAN_POINT('Ctrl Pts',(13.122203040277,2.54559307060764,22.8807875547472));
#6945=CARTESIAN_POINT('Ctrl Pts',(13.,2.57146368804135,22.8714281754561));
#6946=CARTESIAN_POINT('Ctrl Pts',(13.1109981676686,26.6240077484275,12.2773850887546));
#6947=CARTESIAN_POINT('Ctrl Pts',(13.1106560806209,26.6480421952982,12.2686649818323));
#6948=CARTESIAN_POINT('Ctrl Pts',(13.1103148904864,26.6720449832497,12.2599506253994));
#6949=CARTESIAN_POINT('Ctrl Pts',(13.1099744010899,26.6960125802729,12.2512433812665));
#6950=CARTESIAN_POINT('Ctrl Pts',(13.5259693123228,26.5225869126382,12.3372012636473));
#6951=CARTESIAN_POINT('Ctrl Pts',(13.524378445845,26.5445625068407,12.3278677953374));
#6952=CARTESIAN_POINT('Ctrl Pts',(13.5227883585338,26.5664923202337,12.3185087112946));
#6953=CARTESIAN_POINT('Ctrl Pts',(13.5212056398391,26.5883880791124,12.3091553117528));
#6954=CARTESIAN_POINT('Ctrl Pts',(14.4812755186159,26.3742835985041,12.7213347644734));
#6955=CARTESIAN_POINT('Ctrl Pts',(14.4775937568942,26.3911664936975,12.7096412218044));
#6956=CARTESIAN_POINT('Ctrl Pts',(14.473912322436,26.4080016848499,12.6979291787085));
#6957=CARTESIAN_POINT('Ctrl Pts',(14.4702726105529,26.4247924159917,12.6861914776757));
#6958=CARTESIAN_POINT('Ctrl Pts',(15.119180223345,26.4785730348789,13.5660669662765));
#6959=CARTESIAN_POINT('Ctrl Pts',(15.1169908415043,26.4910583747591,13.5510061991209));
#6960=CARTESIAN_POINT('Ctrl Pts',(15.1148976398107,26.5035154645671,13.5359443126183));
#6961=CARTESIAN_POINT('Ctrl Pts',(15.1127418005462,26.5159186566147,13.5209015189372));
#6962=CARTESIAN_POINT('Ctrl Pts',(15.2999997087652,26.6086505502728,14.0963185594784));
#6963=CARTESIAN_POINT('Ctrl Pts',(15.2999997087652,26.6194458872238,14.0797700782021));
#6964=CARTESIAN_POINT('Ctrl Pts',(15.2999997087652,26.6301992061728,14.0632444664066));
#6965=CARTESIAN_POINT('Ctrl Pts',(15.2999997087652,26.6409109438041,14.0467415814644));
#6966=CARTESIAN_POINT('',(15.2999997087652,26.6409109438041,14.0467415814644));
#6967=CARTESIAN_POINT('Origin',(15.2999997087652,5.,-1.57979434186706E-15));
#6968=CARTESIAN_POINT('Origin',(13.,27.5645386529345,14.646252377536));
#6969=CARTESIAN_POINT('Ctrl Pts',(15.2999997087652,26.7075083807704,13.943602670504));
#6970=CARTESIAN_POINT('Ctrl Pts',(15.2999997087652,26.6855392510151,13.9778043814642));
#6971=CARTESIAN_POINT('Ctrl Pts',(15.2999997087652,26.6633283129446,14.0122045832325));
#6972=CARTESIAN_POINT('Ctrl Pts',(15.2999997087652,26.6409109438041,14.0467415814644));
#6973=CARTESIAN_POINT('Ctrl Pts',(15.1538997204881,26.6261947139441,13.5639351357333));
#6974=CARTESIAN_POINT('Ctrl Pts',(15.1559574425895,26.6002201205409,13.5941910546549));
#6975=CARTESIAN_POINT('Ctrl Pts',(15.1581439889256,26.5740839481096,13.6246200770945));
#6976=CARTESIAN_POINT('Ctrl Pts',(15.1605769115976,26.5478479887062,13.6552275830566));
#6977=CARTESIAN_POINT('Ctrl Pts',(14.6007132064994,26.5316366891007,12.7387291689315));
#6978=CARTESIAN_POINT('Ctrl Pts',(14.6019637424344,26.4952948187945,12.7593085017261));
#6979=CARTESIAN_POINT('Ctrl Pts',(14.6038464953282,26.4588571359292,12.7799513738887));
#6980=CARTESIAN_POINT('Ctrl Pts',(14.6062543965579,26.422440357397,12.8007458965927));
#6981=CARTESIAN_POINT('Ctrl Pts',(13.7014811581598,26.6874145628954,12.2857010884813));
#6982=CARTESIAN_POINT('Ctrl Pts',(13.6918893695195,26.6416229703346,12.3021771532216));
#6983=CARTESIAN_POINT('Ctrl Pts',(13.6829922318143,26.5957725659545,12.3189383530291));
#6984=CARTESIAN_POINT('Ctrl Pts',(13.6749837992104,26.549773517897,12.335493493568));
#6985=CARTESIAN_POINT('Ctrl Pts',(13.1768127630408,26.8411029824673,12.201638017706));
#6986=CARTESIAN_POINT('Ctrl Pts',(13.1606002405925,26.7910719803586,12.2191325189818));
#6987=CARTESIAN_POINT('Ctrl Pts',(13.1453030277739,26.7408639107338,12.2366894415451));
#6988=CARTESIAN_POINT('Ctrl Pts',(13.1308896873614,26.6905695347801,12.2542770703359));
#6989=CARTESIAN_POINT('',(15.2999997087652,26.7075083807704,13.943602670504));
#6990=CARTESIAN_POINT('Origin',(15.2999997087652,5.,-1.57979434186706E-15));
#6991=CARTESIAN_POINT('Origin',(13.050602384245,27.7181101465983,14.592752689642));
#6992=CARTESIAN_POINT('Ctrl Pts',(15.3000028136123,28.3128875467942,11.0521177824399));
#6993=CARTESIAN_POINT('Ctrl Pts',(15.2999997087652,28.3128855678954,11.0521193457326));
#6994=CARTESIAN_POINT('Ctrl Pts',(15.2999997087652,28.244632012678,11.1957635360193));
#6995=CARTESIAN_POINT('Ctrl Pts',(15.2999997087652,28.1110491079883,11.4696602307058));
#6996=CARTESIAN_POINT('Ctrl Pts',(15.2999997087652,27.9604769495342,11.7686188586651));
#6997=CARTESIAN_POINT('Ctrl Pts',(15.2999997087652,27.8083654533965,12.0593481449523));
#6998=CARTESIAN_POINT('Ctrl Pts',(15.2999997087652,27.4207559729478,12.7845773063644));
#6999=CARTESIAN_POINT('Ctrl Pts',(15.2999997087652,27.0402218729216,13.4256317350193));
#7000=CARTESIAN_POINT('Ctrl Pts',(15.2999997087652,26.7075083807704,13.943602670504));
#7001=CARTESIAN_POINT('Ctrl Pts',(15.2999997087652,28.3255144920502,11.0254804130125));
#7002=CARTESIAN_POINT('Ctrl Pts',(15.2792976421195,28.3255144920502,11.0254804130125));
#7003=CARTESIAN_POINT('Ctrl Pts',(15.2498162210427,28.2592095784995,11.1555751105043));
#7004=CARTESIAN_POINT('Ctrl Pts',(15.2028689187068,28.1249274332652,11.4007341606929));
#7005=CARTESIAN_POINT('Ctrl Pts',(15.1617987266169,27.9681258897391,11.6642110612592));
#7006=CARTESIAN_POINT('Ctrl Pts',(15.1265498462023,27.803928653937,11.9145027152883));
#7007=CARTESIAN_POINT('Ctrl Pts',(15.0491744250324,27.380770735599,12.5313274011238));
#7008=CARTESIAN_POINT('Ctrl Pts',(15.0310951756015,26.9345220103238,13.0307069021025));
#7009=CARTESIAN_POINT('Ctrl Pts',(15.096282163485,26.5941269849268,13.4142053781553));
#7010=CARTESIAN_POINT('Ctrl Pts',(15.2999997087652,28.3484236344318,10.9792455858704));
#7011=CARTESIAN_POINT('Ctrl Pts',(15.243030840239,28.3484236344318,10.9792455858704));
#7012=CARTESIAN_POINT('Ctrl Pts',(15.1619409918312,28.288101998449,11.0867715284584));
#7013=CARTESIAN_POINT('Ctrl Pts',(15.0307998531549,28.1610950497627,11.2858440301242));
#7014=CARTESIAN_POINT('Ctrl Pts',(14.9127237774697,28.006726581755,11.4939938388211));
#7015=CARTESIAN_POINT('Ctrl Pts',(14.8039181511274,27.8388882780406,11.6832792873479));
#7016=CARTESIAN_POINT('Ctrl Pts',(14.5513149838396,27.400467115241,12.1372027001779));
#7017=CARTESIAN_POINT('Ctrl Pts',(14.403566751527,26.9007927164551,12.4298909344171));
#7018=CARTESIAN_POINT('Ctrl Pts',(14.4248478703471,26.5384883487716,12.58234419005));
#7019=CARTESIAN_POINT('Ctrl Pts',(15.2999997087652,28.3727235483926,10.9337301813017));
#7020=CARTESIAN_POINT('Ctrl Pts',(15.2067353867057,28.3727235483926,10.9337301813017));
#7021=CARTESIAN_POINT('Ctrl Pts',(15.0737667040151,28.3231060314534,11.0212482588462));
#7022=CARTESIAN_POINT('Ctrl Pts',(14.8567754073054,28.2180000192541,11.1831373722982));
#7023=CARTESIAN_POINT('Ctrl Pts',(14.6571617508244,28.0891376715152,11.3523219045049));
#7024=CARTESIAN_POINT('Ctrl Pts',(14.4654095871077,27.9476102494385,11.5062973347003));
#7025=CARTESIAN_POINT('Ctrl Pts',(14.0053079120531,27.5727265231427,11.874469298916));
#7026=CARTESIAN_POINT('Ctrl Pts',(13.6452592426405,27.1382934434832,12.1170884846032));
#7027=CARTESIAN_POINT('Ctrl Pts',(13.4626772455903,26.7510599839025,12.229337632535));
#7028=CARTESIAN_POINT('Ctrl Pts',(15.2999997087652,28.3833897117964,10.9143623124724));
#7029=CARTESIAN_POINT('Ctrl Pts',(15.1911801925039,28.3833897117964,10.9143623124724));
#7030=CARTESIAN_POINT('Ctrl Pts',(15.0359705653725,28.3391871964369,10.9937504198497));
#7031=CARTESIAN_POINT('Ctrl Pts',(14.7821823002501,28.2460313721265,11.1414762717034));
#7032=CARTESIAN_POINT('Ctrl Pts',(14.5476083965941,28.1320503118023,11.2972808787375));
#7033=CARTESIAN_POINT('Ctrl Pts',(14.320303270702,28.006668716172,11.4416331100846));
#7034=CARTESIAN_POINT('Ctrl Pts',(13.7712935088259,27.6719619944502,11.7900997044181));
#7035=CARTESIAN_POINT('Ctrl Pts',(13.3201551044274,27.2802633279932,12.0449791095703));
#7036=CARTESIAN_POINT('Ctrl Pts',(13.050602384245,26.8792144215354,12.1846924822403));
#7037=CARTESIAN_POINT('Origin',(15.2999997087652,5.,-1.57979434186706E-15));
#7038=CARTESIAN_POINT('Origin',(15.2999997087652,0.,-24.7999995258547));
#7039=CARTESIAN_POINT('',(15.3,32.1852905274542,1.00000001490116));
#7040=CARTESIAN_POINT('',(15.3,32.5000004842877,1.00000001490116));
#7041=CARTESIAN_POINT('Origin',(15.3,32.1852905274542,2.50000001490116));
#7042=CARTESIAN_POINT('Origin',(-12.7499997087652,5.00000007450581,0.));
#7043=CARTESIAN_POINT('Ctrl Pts',(-13.,2.57146368804135,22.8714281754561));
#7044=CARTESIAN_POINT('Ctrl Pts',(-13.1211006080066,2.54582645762854,22.8807031208269));
#7045=CARTESIAN_POINT('Ctrl Pts',(-13.2364281757755,2.50267491628907,22.8962978112682));
#7046=CARTESIAN_POINT('Ctrl Pts',(-13.5367133206879,2.34920524563179,22.9517698174867));
#7047=CARTESIAN_POINT('Ctrl Pts',(-13.7082675102896,2.21299291089618,23.0009100087948));
#7048=CARTESIAN_POINT('Ctrl Pts',(-14.2606074566459,1.67156932738377,23.2008135179838));
#7049=CARTESIAN_POINT('Ctrl Pts',(-14.5785257821999,1.12976818143329,23.4039220638812));
#7050=CARTESIAN_POINT('Ctrl Pts',(-14.9263231292391,0.525907849889749,23.7766811388234));
#7051=CARTESIAN_POINT('Ctrl Pts',(-15.0066239934906,0.386563995826239,23.9000286082622));
#7052=CARTESIAN_POINT('Ctrl Pts',(-15.1292359895728,0.19208078428324,24.1344357425508));
#7053=CARTESIAN_POINT('Ctrl Pts',(-15.1807158100116,0.121042585484534,24.2641763468733));
#7054=CARTESIAN_POINT('Ctrl Pts',(-15.2731591992558,0.013630328963706,24.6125633274296));
#7055=CARTESIAN_POINT('Ctrl Pts',(-15.296691740378,5.35728824378664E-17,
24.8199090704345));
#7056=CARTESIAN_POINT('Ctrl Pts',(-15.2996435499309,-8.89045781438114E-17,
25.000000372529));
#7057=CARTESIAN_POINT('Ctrl Pts',(-15.60906,-0.108291735672896,21.6610025810784));
#7058=CARTESIAN_POINT('Ctrl Pts',(15.606,-0.108291735672896,21.6610025810784));
#7059=CARTESIAN_POINT('Ctrl Pts',(-15.60906,-0.0216612750608283,21.6389863623858));
#7060=CARTESIAN_POINT('Ctrl Pts',(15.606,-0.0216612750608283,21.6389863623858));
#7061=CARTESIAN_POINT('Ctrl Pts',(-15.60906,0.24922740343156,21.5751555590978));
#7062=CARTESIAN_POINT('Ctrl Pts',(15.606,0.24922740343156,21.5751555590978));
#7063=CARTESIAN_POINT('Ctrl Pts',(-15.60906,0.745117558308601,21.4817883482867));
#7064=CARTESIAN_POINT('Ctrl Pts',(15.606,0.745117558308601,21.4817883482867));
#7065=CARTESIAN_POINT('Ctrl Pts',(-15.60906,1.52098075439388,21.3785197204053));
#7066=CARTESIAN_POINT('Ctrl Pts',(15.606,1.52098075439388,21.3785197204053));
#7067=CARTESIAN_POINT('Ctrl Pts',(-15.60906,2.57252218077779,21.2858409212749));
#7068=CARTESIAN_POINT('Ctrl Pts',(15.606,2.57252218077779,21.2858409212749));
#7069=CARTESIAN_POINT('Ctrl Pts',(-15.60906,3.63230501570257,21.2224253621785));
#7070=CARTESIAN_POINT('Ctrl Pts',(15.606,3.63230501570257,21.2224253621785));
#7071=CARTESIAN_POINT('Ctrl Pts',(-15.60906,4.42226093812461,21.1991198957181));
#7072=CARTESIAN_POINT('Ctrl Pts',(15.606,4.42226093812461,21.1991198957181));
#7073=CARTESIAN_POINT('Ctrl Pts',(-15.60906,4.84095735029265,21.2236861294254));
#7074=CARTESIAN_POINT('Ctrl Pts',(15.606,4.84095735029265,21.2236861294254));
#7075=CARTESIAN_POINT('Ctrl Pts',(-15.60906,4.89575918348751,21.3372647527221));
#7076=CARTESIAN_POINT('Ctrl Pts',(15.606,4.89575918348751,21.3372647527221));
#7077=CARTESIAN_POINT('Ctrl Pts',(-15.60906,4.7444030348333,21.5665294837632));
#7078=CARTESIAN_POINT('Ctrl Pts',(15.606,4.7444030348333,21.5665294837632));
#7079=CARTESIAN_POINT('Ctrl Pts',(-15.60906,4.58163059209113,21.8310919120112));
#7080=CARTESIAN_POINT('Ctrl Pts',(15.606,4.58163059209113,21.8310919120112));
#7081=CARTESIAN_POINT('Ctrl Pts',(-15.60906,4.35595072440042,22.0943328857165));
#7082=CARTESIAN_POINT('Ctrl Pts',(15.606,4.35595072440042,22.0943328857165));
#7083=CARTESIAN_POINT('Ctrl Pts',(-15.60906,3.87775187818723,22.3709014341855));
#7084=CARTESIAN_POINT('Ctrl Pts',(15.606,3.87775187818723,22.3709014341855));
#7085=CARTESIAN_POINT('Ctrl Pts',(-15.60906,3.1847362065768,22.6550187220898));
#7086=CARTESIAN_POINT('Ctrl Pts',(15.606,3.1847362065768,22.6550187220898));
#7087=CARTESIAN_POINT('Ctrl Pts',(-15.60906,2.35984648529759,22.94620129021));
#7088=CARTESIAN_POINT('Ctrl Pts',(15.606,2.35984648529759,22.94620129021));
#7089=CARTESIAN_POINT('Ctrl Pts',(-15.60906,1.54244688539817,23.2416532176879));
#7090=CARTESIAN_POINT('Ctrl Pts',(15.606,1.54244688539817,23.2416532176879));
#7091=CARTESIAN_POINT('Ctrl Pts',(-15.60906,0.86035470637424,23.5425178508784));
#7092=CARTESIAN_POINT('Ctrl Pts',(15.606,0.86035470637424,23.5425178508784));
#7093=CARTESIAN_POINT('Ctrl Pts',(-15.60906,0.392266056332244,23.854485490543));
#7094=CARTESIAN_POINT('Ctrl Pts',(15.606,0.392266056332244,23.854485490543));
#7095=CARTESIAN_POINT('Ctrl Pts',(-15.60906,0.127661181873055,24.1900239985716));
#7096=CARTESIAN_POINT('Ctrl Pts',(15.606,0.127661181873055,24.1900239985716));
#7097=CARTESIAN_POINT('Ctrl Pts',(-15.60906,0.0359738592455806,24.488645639833));
#7098=CARTESIAN_POINT('Ctrl Pts',(15.606,0.0359738592455806,24.488645639833));
#7099=CARTESIAN_POINT('Ctrl Pts',(-15.60906,0.00653868968942736,24.7349901602156));
#7100=CARTESIAN_POINT('Ctrl Pts',(15.606,0.00653868968942736,24.7349901602156));
#7101=CARTESIAN_POINT('Ctrl Pts',(-15.60906,5.62765664955905E-17,24.9098858382443));
#7102=CARTESIAN_POINT('Ctrl Pts',(15.606,5.62765664955905E-17,24.9098858382443));
#7103=CARTESIAN_POINT('Ctrl Pts',(-15.60906,0.,25.000000372529));
#7104=CARTESIAN_POINT('Ctrl Pts',(15.606,0.,25.000000372529));
#7105=CARTESIAN_POINT('Ctrl Pts',(15.3999997087652,4.41952908690029,21.9923401119668));
#7106=CARTESIAN_POINT('Ctrl Pts',(14.5999998058435,4.41952908690029,21.9923401119668));
#7107=CARTESIAN_POINT('Ctrl Pts',(13.7999999029217,4.41952908690029,21.9923401119668));
#7108=CARTESIAN_POINT('Ctrl Pts',(13.,4.41952908690029,21.9923401119668));
#7109=CARTESIAN_POINT('',(0.,-0.108291735672896,21.6610025810784));
#7110=CARTESIAN_POINT('Ctrl Pts',(-13.,4.41952908690029,21.9923401119668));
#7111=CARTESIAN_POINT('Ctrl Pts',(-13.7999999029217,4.41952908690029,21.9923401119668));
#7112=CARTESIAN_POINT('Ctrl Pts',(-14.5999998058435,4.41952908690029,21.9923401119668));
#7113=CARTESIAN_POINT('Ctrl Pts',(-15.3999997087652,4.41952908690029,21.9923401119668));
#7114=CARTESIAN_POINT('Origin',(0.,26.999999396503,0.));
#7115=CARTESIAN_POINT('',(-15.2999997087652,29.7999995258547,-1.66533453693773E-15));
#7116=CARTESIAN_POINT('',(0.,26.999999396503,0.));
#7117=CARTESIAN_POINT('Origin',(0.,25.7424048633669,11.681744497872));
#7118=CARTESIAN_POINT('',(15.3,25.212074777477,12.2120745837619));
#7119=CARTESIAN_POINT('',(0.,25.212074777477,12.2120745837619));
#7120=CARTESIAN_POINT('',(15.3,25.2228540222914,12.2226390564855));
#7121=CARTESIAN_POINT('Origin',(15.2999997087652,25.7424048633669,11.681744497872));
#7122=CARTESIAN_POINT('',(0.,25.2228540222914,12.2226390564855));
#7123=CARTESIAN_POINT('Origin',(0.,25.212074777477,12.2120745837619));
#7124=CARTESIAN_POINT('',(15.3,25.2289074128758,12.2289072191607));
#7125=CARTESIAN_POINT('',(0.,25.2289074128758,12.2289072191607));
#7126=CARTESIAN_POINT('',(15.2999997087652,9.65603755570362,-3.34396263801147));
#7127=CARTESIAN_POINT('Origin',(0.,5.00000007450581,0.));
#7128=CARTESIAN_POINT('Origin',(0.,25.4056841081724,12.052130523864));
#7129=CARTESIAN_POINT('Origin',(15.2999997087652,25.4056841081724,12.052130523864));
#7130=CARTESIAN_POINT('Origin',(0.,25.9483696926494,11.5317374122614));
#7131=CARTESIAN_POINT('',(0.,25.9483696926494,11.5317374122614));
#7132=CARTESIAN_POINT('',(0.,26.5968207647664,11.0924340805258));
#7133=CARTESIAN_POINT('Origin',(0.,26.1166320188726,11.7801076793506));
#7134=CARTESIAN_POINT('',(0.,25.8682617713217,11.9483699923196));
#7135=CARTESIAN_POINT('Origin',(0.,26.3234794145852,11.6397003902654));
#7136=CARTESIAN_POINT('',(0.,26.6300115817821,12.0963600342823));
#7137=CARTESIAN_POINT('Origin',(0.,27.3046052209297,11.6435399681906));
#7138=CARTESIAN_POINT('',(0.,27.3046052209298,11.6435399681906));
#7139=CARTESIAN_POINT('Origin',(0.,24.8523478833552,7.99026281605574));
#7140=CARTESIAN_POINT('Origin',(0.,25.4056841081724,12.052130523864));
#7141=CARTESIAN_POINT('',(-15.3,25.2289074128758,12.2289072191607));
#7142=CARTESIAN_POINT('',(0.,25.2289074128758,12.2289072191607));
#7143=CARTESIAN_POINT('',(-15.3,25.2228540222914,12.2226390564855));
#7144=CARTESIAN_POINT('Origin',(-15.2999997087652,25.4056841081724,12.052130523864));
#7145=CARTESIAN_POINT('',(0.,25.2228540222914,12.2226390564855));
#7146=CARTESIAN_POINT('Origin',(0.,25.2289074128758,12.2289072191607));
#7147=CARTESIAN_POINT('',(-15.3,25.212074777477,12.2120745837619));
#7148=CARTESIAN_POINT('',(0.,25.212074777477,12.2120745837619));
#7149=CARTESIAN_POINT('',(-15.2999997087652,11.1144536840861,-1.88554650962896));
#7150=CARTESIAN_POINT('Origin',(0.,25.7424048633669,11.681744497872));
#7151=CARTESIAN_POINT('Origin',(-15.2999997087652,25.7424048633669,11.681744497872));
#7152=CARTESIAN_POINT('Origin',(0.,5.00000007450581,0.));
#7153=CARTESIAN_POINT('',(0.,26.999999396503,0.));
#7154=CARTESIAN_POINT('Origin',(0.,30.8120000745058,0.));
#7155=CARTESIAN_POINT('',(-15.2999997087652,29.7999995258547,-1.66533453693773E-15));
#7156=CARTESIAN_POINT('Origin',(0.,24.5496291290505,8.07059583094064));
#7157=CARTESIAN_POINT('',(0.,27.9234421310998,9.46339367241087));
#7158=CARTESIAN_POINT('Origin',(0.,5.00000007450581,0.));
#7159=CARTESIAN_POINT('',(-15.2999997087652,29.7999995258547,-1.66533453693773E-15));
#7160=CARTESIAN_POINT('Origin',(-15.2999997087652,0.,-19.0000002831221));
#7161=CARTESIAN_POINT('Origin',(0.,-1.99999995529652,21.6610025810601));
#7162=CARTESIAN_POINT('',(9.63624714244836,-2.,21.6610025810601));
#7163=CARTESIAN_POINT('Origin',(0.,32.1852905274542,2.50000001490116));
#7164=CARTESIAN_POINT('',(0.,32.1852905274542,1.00000001490116));
#7165=CARTESIAN_POINT('Origin',(0.,32.5000004842877,1.00000001490116));
#7166=CARTESIAN_POINT('Origin',(15.2999997087652,0.,-24.7999995258547));
#7167=CARTESIAN_POINT('Origin',(1.98624728806575,1.,-27.7999995258547));
#7168=CARTESIAN_POINT('',(1.98624728806575,1.,-24.7999995258547));
#7169=CARTESIAN_POINT('',(1.98624728806575,-2.,-27.7999995258547));
#7170=CARTESIAN_POINT('Origin',(-15.2999997087652,0.,-24.7999995258547));
#7171=CARTESIAN_POINT('',(-15.2999997087652,5.,-24.7999995258547));
#7172=CARTESIAN_POINT('Origin',(22.2449888610282,0.,-3.59999991953373));
#7173=CARTESIAN_POINT('',(16.2999997087652,-2.,-3.59999991953375));
#7174=CARTESIAN_POINT('',(16.2999997087652,0.,-3.59999991953375));
#7175=CARTESIAN_POINT('',(22.2449888610282,-2.,-3.59999991953373));
#7176=CARTESIAN_POINT('Origin',(50.8975686936726,0.,-6.00000008940697));
#7177=CARTESIAN_POINT('',(51.098948119576,-2.,-6.00000008940697));
#7178=CARTESIAN_POINT('',(22.2449888610282,-2.,-6.00000008940697));
#7179=CARTESIAN_POINT('',(51.098948119576,0.,-6.00000008940697));
#7180=CARTESIAN_POINT('Origin',(0.,0.,0.));
#7181=CARTESIAN_POINT('',(-51.098948119576,-2.,-6.00000008940697));
#7182=CARTESIAN_POINT('Origin',(0.,-2.,0.));
#7183=CARTESIAN_POINT('',(-51.098948119576,0.,-6.00000008940697));
#7184=CARTESIAN_POINT('Origin',(-22.2449888610282,0.,-6.00000008940697));
#7185=CARTESIAN_POINT('',(-22.2449888610282,-2.,-6.00000008940697));
#7186=CARTESIAN_POINT('',(-22.2449888610282,-2.,-6.00000008940697));
#7187=CARTESIAN_POINT('',(-22.2449888610282,0.,-6.00000008940697));
#7188=CARTESIAN_POINT('Origin',(-22.2449888610282,0.,-3.59999991953373));
#7189=CARTESIAN_POINT('',(-22.2449888610282,-2.,-3.59999991953373));
#7190=CARTESIAN_POINT('',(-22.2449888610282,-2.,-6.65558816327343));
#7191=CARTESIAN_POINT('',(-22.2449888610282,0.,-3.59999991953373));
#7192=CARTESIAN_POINT('Origin',(-16.2999997087652,0.,-3.59999991953375));
#7193=CARTESIAN_POINT('',(-22.2449888610282,-2.,-3.59999991953373));
#7194=CARTESIAN_POINT('Origin',(-22.2449888610282,0.,3.59999991953377));
#7195=CARTESIAN_POINT('',(-22.2449888610282,-2.,3.59999991953377));
#7196=CARTESIAN_POINT('Origin',(-50.8975686936726,0.,6.00000008940697));
#7197=CARTESIAN_POINT('',(-51.098948119576,-2.,6.00000008940697));
#7198=CARTESIAN_POINT('',(-48.6312663878136,-2.,6.00000008940697));
#7199=CARTESIAN_POINT('',(-51.098948119576,0.,6.00000008940697));
#7200=CARTESIAN_POINT('Origin',(0.,0.,0.));
#7201=CARTESIAN_POINT('',(51.098948119576,-2.,6.00000008940697));
#7202=CARTESIAN_POINT('Origin',(0.,-2.,0.));
#7203=CARTESIAN_POINT('',(51.098948119576,0.,6.00000008940697));
#7204=CARTESIAN_POINT('Origin',(22.2449888610282,0.,6.00000008940697));
#7205=CARTESIAN_POINT('',(22.2449888610282,-2.,6.00000008940697));
#7206=CARTESIAN_POINT('Origin',(16.2999997087652,0.,3.59999991953376));
#7207=CARTESIAN_POINT('',(16.2999997087652,-2.,3.59999991953376));
#7208=CARTESIAN_POINT('',(22.2449888610282,-2.,3.59999991953377));
#7209=CARTESIAN_POINT('',(16.2999997087652,0.,3.59999991953376));
#7210=CARTESIAN_POINT('Origin',(16.2999997087652,0.,-3.59999991953375));
#7211=CARTESIAN_POINT('',(16.2999997087652,-2.,-25.7999995258547));
#7212=CARTESIAN_POINT('Origin',(19.2724942848967,-2.,5.12779404140362));
#7213=CARTESIAN_POINT('Origin',(-2.22044604925031E-15,5.,0.));
#7214=CARTESIAN_POINT('Origin',(16.2999997087652,0.,-25.7999995258547));
#7215=CARTESIAN_POINT('',(0.,0.,0.));
#7216=UNCERTAINTY_MEASURE_WITH_UNIT(LENGTH_MEASURE(0.01),#7222,
'DISTANCE_ACCURACY_VALUE',
'Maximum model space distance between geometric entities at asserted c
onnectivities');
#7217=UNCERTAINTY_MEASURE_WITH_UNIT(LENGTH_MEASURE(0.01),#7222,
'DISTANCE_ACCURACY_VALUE',
'Maximum model space distance between geometric entities at asserted c
onnectivities');
#7218=UNCERTAINTY_MEASURE_WITH_UNIT(LENGTH_MEASURE(0.01),#7222,
'DISTANCE_ACCURACY_VALUE',
'Maximum model space distance between geometric entities at asserted c
onnectivities');
#7219=(
GEOMETRIC_REPRESENTATION_CONTEXT(3)
GLOBAL_UNCERTAINTY_ASSIGNED_CONTEXT((#7216))
GLOBAL_UNIT_ASSIGNED_CONTEXT((#7222,#7224,#7225))
REPRESENTATION_CONTEXT('','3D')
);
#7220=(
GEOMETRIC_REPRESENTATION_CONTEXT(3)
GLOBAL_UNCERTAINTY_ASSIGNED_CONTEXT((#7217))
GLOBAL_UNIT_ASSIGNED_CONTEXT((#7222,#7224,#7225))
REPRESENTATION_CONTEXT('','3D')
);
#7221=(
GEOMETRIC_REPRESENTATION_CONTEXT(3)
GLOBAL_UNCERTAINTY_ASSIGNED_CONTEXT((#7218))
GLOBAL_UNIT_ASSIGNED_CONTEXT((#7222,#7224,#7225))
REPRESENTATION_CONTEXT('','3D')
);
#7222=(
LENGTH_UNIT()
NAMED_UNIT(*)
SI_UNIT(.MILLI.,.METRE.)
);
#7223=(
LENGTH_UNIT()
NAMED_UNIT(*)
SI_UNIT($,.METRE.)
);
#7224=(
NAMED_UNIT(*)
PLANE_ANGLE_UNIT()
SI_UNIT($,.RADIAN.)
);
#7225=(
NAMED_UNIT(*)
SI_UNIT($,.STERADIAN.)
SOLID_ANGLE_UNIT()
);
#7226=SHAPE_DEFINITION_REPRESENTATION(#7228,#7231);
#7227=SHAPE_DEFINITION_REPRESENTATION(#7229,#7232);
#7228=PRODUCT_DEFINITION_SHAPE('',$,#7234);
#7229=PRODUCT_DEFINITION_SHAPE('',$,#7235);
#7230=PRODUCT_DEFINITION_SHAPE($,$,#14);
#7231=SHAPE_REPRESENTATION('',(#3671,#4017),#7219);
#7232=SHAPE_REPRESENTATION('',(#3672),#7220);
#7233=PRODUCT_DEFINITION_CONTEXT('part definition',#7241,'design');
#7234=PRODUCT_DEFINITION('version-4','version-4 v38',#7236,#7233);
#7235=PRODUCT_DEFINITION('base','base',#7237,#7233);
#7236=PRODUCT_DEFINITION_FORMATION('',$,#7243);
#7237=PRODUCT_DEFINITION_FORMATION('',$,#7244);
#7238=PRODUCT_RELATED_PRODUCT_CATEGORY('version-4 v38','version-4 v38',
(#7243));
#7239=PRODUCT_RELATED_PRODUCT_CATEGORY('base','base',(#7244));
#7240=APPLICATION_PROTOCOL_DEFINITION('international standard',
'automotive_design',2009,#7241);
#7241=APPLICATION_CONTEXT(
'Core Data for Automotive Mechanical Design Process');
#7242=PRODUCT_CONTEXT('part definition',#7241,'mechanical');
#7243=PRODUCT('version-4','version-4 v38',$,(#7242));
#7244=PRODUCT('base','base',$,(#7242));
#7245=PRESENTATION_STYLE_ASSIGNMENT((#7248));
#7246=PRESENTATION_STYLE_ASSIGNMENT((#7249));
#7247=PRESENTATION_STYLE_ASSIGNMENT((#7250));
#7248=SURFACE_STYLE_USAGE(.BOTH.,#7251);
#7249=SURFACE_STYLE_USAGE(.BOTH.,#7252);
#7250=SURFACE_STYLE_USAGE(.BOTH.,#7253);
#7251=SURFACE_SIDE_STYLE('',(#7254));
#7252=SURFACE_SIDE_STYLE('',(#7255));
#7253=SURFACE_SIDE_STYLE('',(#7256));
#7254=SURFACE_STYLE_FILL_AREA(#7257);
#7255=SURFACE_STYLE_FILL_AREA(#7258);
#7256=SURFACE_STYLE_FILL_AREA(#7259);
#7257=FILL_AREA_STYLE('Stahl - satiniert',(#7260));
#7258=FILL_AREA_STYLE('PEEK',(#7261));
#7259=FILL_AREA_STYLE('Kunststoff - matt (Blau)',(#7262));
#7260=FILL_AREA_STYLE_COLOUR('Stahl - satiniert',#7263);
#7261=FILL_AREA_STYLE_COLOUR('PEEK',#7264);
#7262=FILL_AREA_STYLE_COLOUR('Kunststoff - matt (Blau)',#7265);
#7263=COLOUR_RGB('Stahl - satiniert',0.627450980392157,0.627450980392157,
0.627450980392157);
#7264=COLOUR_RGB('PEEK',0.6,0.509803921568627,0.368627450980392);
#7265=COLOUR_RGB('Kunststoff - matt (Blau)',0.188235294117647,0.231372549019608,
0.588235294117647);
ENDSEC;
END-ISO-10303-21;
