ISO-10303-21;
HEADER;
/* Generated by software containing ST-Developer
 * from STEP Tools, Inc. (www.steptools.com) 
 */

FILE_DESCRIPTION(
/* description */ (''),
/* implementation_level */ '2;1');

FILE_NAME(
/* name */ 'lichtschranke-2026-06-10.step',
/* time_stamp */ '2026-06-10T03:20:09+02:00',
/* author */ (''),
/* organization */ (''),
/* preprocessor_version */ 'ST-DEVELOPER v20.1',
/* originating_system */ 'Autodesk Translation Framework v15.8.0.0',
/* authorisation */ '');

FILE_SCHEMA (('AUTOMOTIVE_DESIGN { 1 0 10303 214 3 1 1 }'));
ENDSEC;

DATA;
#10=MECHANICAL_DESIGN_GEOMETRIC_PRESENTATION_REPRESENTATION('',(#17),#2260);
#11=ITEM_DEFINED_TRANSFORMATION($,$,#1170,#1288);
#12=(
REPRESENTATION_RELATIONSHIP($,$,#2271,#2270)
REPRESENTATION_RELATIONSHIP_WITH_TRANSFORMATION(#11)
SHAPE_REPRESENTATION_RELATIONSHIP()
);
#13=CONTEXT_DEPENDENT_SHAPE_REPRESENTATION(#12,#2269);
#14=NEXT_ASSEMBLY_USAGE_OCCURRENCE('lichtschranke:1','lichtschranke:1',
'lichtschranke:1',#2273,#2274,'lichtschranke:1');
#15=SHAPE_REPRESENTATION_RELATIONSHIP('SRR','None',#2271,#16);
#16=ADVANCED_BREP_SHAPE_REPRESENTATION('',(#18),#2259);
#17=STYLED_ITEM('',(#2286),#18);
#18=MANIFOLD_SOLID_BREP('lichtschranke',#1156);
#19=B_SPLINE_SURFACE_WITH_KNOTS('',3,3,((#1801,#1802,#1803,#1804,#1805,
#1806,#1807,#1808),(#1809,#1810,#1811,#1812,#1813,#1814,#1815,#1816),(#1817,
#1818,#1819,#1820,#1821,#1822,#1823,#1824),(#1825,#1826,#1827,#1828,#1829,
#1830,#1831,#1832),(#1833,#1834,#1835,#1836,#1837,#1838,#1839,#1840)),
 .UNSPECIFIED.,.F.,.F.,.F.,(4,1,4),(4,2,1,1,4),(0.,0.571428571428571,1.),
(-0.000909697113786028,0.,0.227442847982488,0.303257130643318,0.379071413304147),
 .UNSPECIFIED.);
#20=B_SPLINE_SURFACE_WITH_KNOTS('',3,3,((#1851,#1852,#1853,#1854,#1855,
#1856,#1857,#1858,#1859,#1860,#1861,#1862),(#1863,#1864,#1865,#1866,#1867,
#1868,#1869,#1870,#1871,#1872,#1873,#1874),(#1875,#1876,#1877,#1878,#1879,
#1880,#1881,#1882,#1883,#1884,#1885,#1886),(#1887,#1888,#1889,#1890,#1891,
#1892,#1893,#1894,#1895,#1896,#1897,#1898),(#1899,#1900,#1901,#1902,#1903,
#1904,#1905,#1906,#1907,#1908,#1909,#1910)),.UNSPECIFIED.,.F.,.F.,.F.,(4,
1,4),(4,1,1,1,1,1,1,2,4),(0.,0.571428571428571,1.),(0.875794044028697,0.951608326689527,
1.02742260935036,1.10323689201119,1.1411440333416,1.17905117467202,1.21695831600243,
1.25486545733284,1.25577515444663),.UNSPECIFIED.);
#21=B_SPLINE_SURFACE_WITH_KNOTS('',3,3,((#1932,#1933,#1934,#1935,#1936,
#1937,#1938,#1939),(#1940,#1941,#1942,#1943,#1944,#1945,#1946,#1947),(#1948,
#1949,#1950,#1951,#1952,#1953,#1954,#1955),(#1956,#1957,#1958,#1959,#1960,
#1961,#1962,#1963),(#1964,#1965,#1966,#1967,#1968,#1969,#1970,#1971)),
 .UNSPECIFIED.,.F.,.F.,.F.,(4,1,4),(4,2,1,1,4),(0.,0.571428571428571,1.),
(-0.000909697113735517,0.,0.227442847982518,0.303257130643358,0.379071413304197),
 .UNSPECIFIED.);
#22=B_SPLINE_SURFACE_WITH_KNOTS('',3,3,((#1982,#1983,#1984,#1985,#1986,
#1987,#1988,#1989,#1990,#1991,#1992,#1993),(#1994,#1995,#1996,#1997,#1998,
#1999,#2000,#2001,#2002,#2003,#2004,#2005),(#2006,#2007,#2008,#2009,#2010,
#2011,#2012,#2013,#2014,#2015,#2016,#2017),(#2018,#2019,#2020,#2021,#2022,
#2023,#2024,#2025,#2026,#2027,#2028,#2029),(#2030,#2031,#2032,#2033,#2034,
#2035,#2036,#2037,#2038,#2039,#2040,#2041)),.UNSPECIFIED.,.F.,.F.,.F.,(4,
1,4),(4,1,1,1,1,1,1,2,4),(0.,0.571428571428571,1.),(0.875794044028747,0.951608326689587,
1.02742260935043,1.10323689201127,1.14114403334169,1.17905117467211,1.21695831600253,
1.25486545733294,1.25577515444668),.UNSPECIFIED.);
#23=TOROIDAL_SURFACE('',#1203,3.7,1.5);
#24=TOROIDAL_SURFACE('',#1207,3.7,1.5);
#25=FACE_BOUND('',#130,.T.);
#26=FACE_BOUND('',#147,.T.);
#27=FACE_BOUND('',#160,.T.);
#28=FACE_BOUND('',#163,.T.);
#29=FACE_BOUND('',#167,.T.);
#30=FACE_BOUND('',#176,.T.);
#31=FACE_BOUND('',#185,.T.);
#32=FACE_BOUND('',#190,.T.);
#33=FACE_BOUND('',#195,.T.);
#34=FACE_BOUND('',#196,.T.);
#35=FACE_BOUND('',#197,.T.);
#36=PLANE('',#1174);
#37=PLANE('',#1182);
#38=PLANE('',#1196);
#39=PLANE('',#1214);
#40=PLANE('',#1217);
#41=PLANE('',#1218);
#42=PLANE('',#1228);
#43=PLANE('',#1232);
#44=PLANE('',#1235);
#45=PLANE('',#1238);
#46=PLANE('',#1243);
#47=PLANE('',#1247);
#48=PLANE('',#1253);
#49=PLANE('',#1256);
#50=PLANE('',#1257);
#51=PLANE('',#1260);
#52=PLANE('',#1261);
#53=PLANE('',#1262);
#54=PLANE('',#1263);
#55=PLANE('',#1264);
#56=PLANE('',#1267);
#57=PLANE('',#1270);
#58=PLANE('',#1271);
#59=PLANE('',#1272);
#60=PLANE('',#1273);
#61=PLANE('',#1275);
#62=PLANE('',#1276);
#63=PLANE('',#1279);
#64=PLANE('',#1287);
#65=FACE_OUTER_BOUND('',#126,.T.);
#66=FACE_OUTER_BOUND('',#127,.T.);
#67=FACE_OUTER_BOUND('',#128,.T.);
#68=FACE_OUTER_BOUND('',#129,.T.);
#69=FACE_OUTER_BOUND('',#131,.T.);
#70=FACE_OUTER_BOUND('',#132,.T.);
#71=FACE_OUTER_BOUND('',#133,.T.);
#72=FACE_OUTER_BOUND('',#134,.T.);
#73=FACE_OUTER_BOUND('',#135,.T.);
#74=FACE_OUTER_BOUND('',#136,.T.);
#75=FACE_OUTER_BOUND('',#137,.T.);
#76=FACE_OUTER_BOUND('',#138,.T.);
#77=FACE_OUTER_BOUND('',#139,.T.);
#78=FACE_OUTER_BOUND('',#140,.T.);
#79=FACE_OUTER_BOUND('',#141,.T.);
#80=FACE_OUTER_BOUND('',#142,.T.);
#81=FACE_OUTER_BOUND('',#143,.T.);
#82=FACE_OUTER_BOUND('',#144,.T.);
#83=FACE_OUTER_BOUND('',#145,.T.);
#84=FACE_OUTER_BOUND('',#146,.T.);
#85=FACE_OUTER_BOUND('',#148,.T.);
#86=FACE_OUTER_BOUND('',#149,.T.);
#87=FACE_OUTER_BOUND('',#150,.T.);
#88=FACE_OUTER_BOUND('',#151,.T.);
#89=FACE_OUTER_BOUND('',#152,.T.);
#90=FACE_OUTER_BOUND('',#153,.T.);
#91=FACE_OUTER_BOUND('',#154,.T.);
#92=FACE_OUTER_BOUND('',#155,.T.);
#93=FACE_OUTER_BOUND('',#156,.T.);
#94=FACE_OUTER_BOUND('',#157,.T.);
#95=FACE_OUTER_BOUND('',#158,.T.);
#96=FACE_OUTER_BOUND('',#159,.T.);
#97=FACE_OUTER_BOUND('',#161,.T.);
#98=FACE_OUTER_BOUND('',#162,.T.);
#99=FACE_OUTER_BOUND('',#164,.T.);
#100=FACE_OUTER_BOUND('',#165,.T.);
#101=FACE_OUTER_BOUND('',#166,.T.);
#102=FACE_OUTER_BOUND('',#168,.T.);
#103=FACE_OUTER_BOUND('',#169,.T.);
#104=FACE_OUTER_BOUND('',#170,.T.);
#105=FACE_OUTER_BOUND('',#171,.T.);
#106=FACE_OUTER_BOUND('',#172,.T.);
#107=FACE_OUTER_BOUND('',#173,.T.);
#108=FACE_OUTER_BOUND('',#174,.T.);
#109=FACE_OUTER_BOUND('',#175,.T.);
#110=FACE_OUTER_BOUND('',#177,.T.);
#111=FACE_OUTER_BOUND('',#178,.T.);
#112=FACE_OUTER_BOUND('',#179,.T.);
#113=FACE_OUTER_BOUND('',#180,.T.);
#114=FACE_OUTER_BOUND('',#181,.T.);
#115=FACE_OUTER_BOUND('',#182,.T.);
#116=FACE_OUTER_BOUND('',#183,.T.);
#117=FACE_OUTER_BOUND('',#184,.T.);
#118=FACE_OUTER_BOUND('',#186,.T.);
#119=FACE_OUTER_BOUND('',#187,.T.);
#120=FACE_OUTER_BOUND('',#188,.T.);
#121=FACE_OUTER_BOUND('',#189,.T.);
#122=FACE_OUTER_BOUND('',#191,.T.);
#123=FACE_OUTER_BOUND('',#192,.T.);
#124=FACE_OUTER_BOUND('',#193,.T.);
#125=FACE_OUTER_BOUND('',#194,.T.);
#126=EDGE_LOOP('',(#735,#736,#737,#738,#739,#740));
#127=EDGE_LOOP('',(#741,#742,#743,#744,#745,#746,#747,#748));
#128=EDGE_LOOP('',(#749,#750,#751,#752,#753,#754));
#129=EDGE_LOOP('',(#755,#756,#757,#758,#759,#760,#761,#762,#763,#764,#765,
#766,#767,#768));
#130=EDGE_LOOP('',(#769,#770,#771,#772,#773,#774,#775,#776));
#131=EDGE_LOOP('',(#777,#778,#779,#780,#781,#782,#783,#784,#785,#786));
#132=EDGE_LOOP('',(#787,#788,#789,#790,#791,#792));
#133=EDGE_LOOP('',(#793,#794,#795,#796));
#134=EDGE_LOOP('',(#797,#798,#799,#800));
#135=EDGE_LOOP('',(#801,#802,#803,#804));
#136=EDGE_LOOP('',(#805,#806,#807,#808));
#137=EDGE_LOOP('',(#809,#810,#811));
#138=EDGE_LOOP('',(#812,#813,#814));
#139=EDGE_LOOP('',(#815,#816,#817,#818,#819));
#140=EDGE_LOOP('',(#820,#821,#822));
#141=EDGE_LOOP('',(#823,#824,#825));
#142=EDGE_LOOP('',(#826,#827,#828,#829));
#143=EDGE_LOOP('',(#830,#831,#832,#833,#834,#835));
#144=EDGE_LOOP('',(#836,#837,#838,#839));
#145=EDGE_LOOP('',(#840,#841,#842,#843,#844,#845));
#146=EDGE_LOOP('',(#846,#847,#848,#849,#850,#851,#852,#853,#854,#855));
#147=EDGE_LOOP('',(#856,#857,#858,#859,#860,#861,#862,#863,#864,#865,#866,
#867,#868,#869,#870,#871));
#148=EDGE_LOOP('',(#872,#873,#874,#875));
#149=EDGE_LOOP('',(#876,#877,#878,#879));
#150=EDGE_LOOP('',(#880,#881,#882,#883));
#151=EDGE_LOOP('',(#884,#885,#886,#887));
#152=EDGE_LOOP('',(#888,#889,#890,#891,#892,#893,#894,#895,#896,#897,#898));
#153=EDGE_LOOP('',(#899,#900,#901,#902));
#154=EDGE_LOOP('',(#903,#904,#905,#906));
#155=EDGE_LOOP('',(#907,#908,#909,#910));
#156=EDGE_LOOP('',(#911,#912,#913,#914,#915,#916,#917,#918,#919,#920,#921));
#157=EDGE_LOOP('',(#922,#923,#924,#925));
#158=EDGE_LOOP('',(#926,#927,#928,#929,#930,#931,#932));
#159=EDGE_LOOP('',(#933));
#160=EDGE_LOOP('',(#934));
#161=EDGE_LOOP('',(#935,#936,#937,#938,#939,#940));
#162=EDGE_LOOP('',(#941));
#163=EDGE_LOOP('',(#942));
#164=EDGE_LOOP('',(#943,#944,#945,#946));
#165=EDGE_LOOP('',(#947,#948,#949,#950));
#166=EDGE_LOOP('',(#951,#952,#953,#954,#955,#956));
#167=EDGE_LOOP('',(#957));
#168=EDGE_LOOP('',(#958,#959,#960,#961));
#169=EDGE_LOOP('',(#962,#963,#964,#965));
#170=EDGE_LOOP('',(#966,#967,#968,#969));
#171=EDGE_LOOP('',(#970,#971,#972,#973));
#172=EDGE_LOOP('',(#974,#975,#976,#977));
#173=EDGE_LOOP('',(#978,#979,#980,#981));
#174=EDGE_LOOP('',(#982,#983,#984,#985));
#175=EDGE_LOOP('',(#986,#987,#988,#989,#990,#991));
#176=EDGE_LOOP('',(#992));
#177=EDGE_LOOP('',(#993,#994,#995,#996));
#178=EDGE_LOOP('',(#997,#998,#999,#1000));
#179=EDGE_LOOP('',(#1001,#1002,#1003,#1004));
#180=EDGE_LOOP('',(#1005,#1006,#1007,#1008));
#181=EDGE_LOOP('',(#1009,#1010,#1011,#1012));
#182=EDGE_LOOP('',(#1013,#1014,#1015,#1016));
#183=EDGE_LOOP('',(#1017,#1018,#1019,#1020));
#184=EDGE_LOOP('',(#1021,#1022,#1023,#1024));
#185=EDGE_LOOP('',(#1025));
#186=EDGE_LOOP('',(#1026,#1027,#1028,#1029));
#187=EDGE_LOOP('',(#1030,#1031,#1032,#1033));
#188=EDGE_LOOP('',(#1034,#1035,#1036,#1037,#1038,#1039));
#189=EDGE_LOOP('',(#1040,#1041,#1042,#1043));
#190=EDGE_LOOP('',(#1044));
#191=EDGE_LOOP('',(#1045,#1046,#1047,#1048));
#192=EDGE_LOOP('',(#1049,#1050,#1051,#1052));
#193=EDGE_LOOP('',(#1053,#1054,#1055,#1056,#1057,#1058));
#194=EDGE_LOOP('',(#1059,#1060,#1061,#1062));
#195=EDGE_LOOP('',(#1063,#1064,#1065,#1066));
#196=EDGE_LOOP('',(#1067));
#197=EDGE_LOOP('',(#1068));
#198=CIRCLE('',#1172,5.5);
#199=CIRCLE('',#1173,5.5);
#200=CIRCLE('',#1175,21.7500003241003);
#201=CIRCLE('',#1176,2.5000000372529);
#202=CIRCLE('',#1177,1.50000002235174);
#203=CIRCLE('',#1178,2.5000000372529);
#204=CIRCLE('',#1180,5.5);
#205=CIRCLE('',#1181,5.5);
#206=CIRCLE('',#1183,6.);
#207=CIRCLE('',#1184,6.);
#208=CIRCLE('',#1185,6.);
#209=CIRCLE('',#1186,6.);
#210=CIRCLE('',#1187,3.7);
#211=CIRCLE('',#1188,3.7);
#212=CIRCLE('',#1190,5.5);
#213=CIRCLE('',#1191,5.5);
#214=CIRCLE('',#1192,5.5);
#215=CIRCLE('',#1193,5.5);
#216=CIRCLE('',#1195,2.5000000372529);
#217=CIRCLE('',#1197,1.5);
#218=CIRCLE('',#1199,1.5);
#219=CIRCLE('',#1200,1.5);
#220=CIRCLE('',#1202,1.5);
#221=CIRCLE('',#1204,1.5);
#222=CIRCLE('',#1205,2.2);
#223=CIRCLE('',#1206,1.5);
#224=CIRCLE('',#1208,1.5);
#225=CIRCLE('',#1209,2.2);
#226=CIRCLE('',#1210,2.2);
#227=CIRCLE('',#1211,1.5);
#228=CIRCLE('',#1213,6.);
#229=CIRCLE('',#1216,6.);
#230=CIRCLE('',#1219,6.);
#231=CIRCLE('',#1220,6.);
#232=CIRCLE('',#1221,1.);
#233=CIRCLE('',#1222,2.8);
#234=CIRCLE('',#1223,1.);
#235=CIRCLE('',#1224,1.);
#236=CIRCLE('',#1225,2.8000000372529);
#237=CIRCLE('',#1226,1.);
#238=CIRCLE('',#1231,1.);
#239=CIRCLE('',#1234,1.);
#240=CIRCLE('',#1237,1.);
#241=CIRCLE('',#1240,1.);
#242=CIRCLE('',#1242,2.2);
#243=CIRCLE('',#1244,1.35);
#244=CIRCLE('',#1246,2.2);
#245=CIRCLE('',#1248,1.375);
#246=CIRCLE('',#1250,1.35);
#247=CIRCLE('',#1252,1.375);
#248=CIRCLE('',#1254,2.8000000372529);
#249=CIRCLE('',#1259,2.8);
#250=CIRCLE('',#1266,1.50000002235174);
#251=CIRCLE('',#1269,1.50000002235174);
#252=CIRCLE('',#1274,1.55);
#253=CIRCLE('',#1278,2.5000000372529);
#254=CIRCLE('',#1280,1.55);
#255=CIRCLE('',#1282,1.55);
#256=CIRCLE('',#1284,1.55);
#257=CIRCLE('',#1286,21.7500003241003);
#258=LINE('',#1639,#354);
#259=LINE('',#1652,#355);
#260=LINE('',#1658,#356);
#261=LINE('',#1662,#357);
#262=LINE('',#1666,#358);
#263=LINE('',#1673,#359);
#264=LINE('',#1694,#360);
#265=LINE('',#1696,#361);
#266=LINE('',#1697,#362);
#267=LINE('',#1699,#363);
#268=LINE('',#1703,#364);
#269=LINE('',#1707,#365);
#270=LINE('',#1711,#366);
#271=LINE('',#1714,#367);
#272=LINE('',#1719,#368);
#273=LINE('',#1721,#369);
#274=LINE('',#1723,#370);
#275=LINE('',#1727,#371);
#276=LINE('',#1729,#372);
#277=LINE('',#1730,#373);
#278=LINE('',#1777,#374);
#279=LINE('',#1780,#375);
#280=LINE('',#1784,#376);
#281=LINE('',#1790,#377);
#282=LINE('',#1794,#378);
#283=LINE('',#1842,#379);
#284=LINE('',#1923,#380);
#285=LINE('',#1973,#381);
#286=LINE('',#2054,#382);
#287=LINE('',#2059,#383);
#288=LINE('',#2060,#384);
#289=LINE('',#2063,#385);
#290=LINE('',#2065,#386);
#291=LINE('',#2066,#387);
#292=LINE('',#2069,#388);
#293=LINE('',#2072,#389);
#294=LINE('',#2075,#390);
#295=LINE('',#2077,#391);
#296=LINE('',#2078,#392);
#297=LINE('',#2080,#393);
#298=LINE('',#2082,#394);
#299=LINE('',#2086,#395);
#300=LINE('',#2089,#396);
#301=LINE('',#2094,#397);
#302=LINE('',#2098,#398);
#303=LINE('',#2102,#399);
#304=LINE('',#2104,#400);
#305=LINE('',#2106,#401);
#306=LINE('',#2110,#402);
#307=LINE('',#2114,#403);
#308=LINE('',#2118,#404);
#309=LINE('',#2120,#405);
#310=LINE('',#2121,#406);
#311=LINE('',#2123,#407);
#312=LINE('',#2124,#408);
#313=LINE('',#2126,#409);
#314=LINE('',#2128,#410);
#315=LINE('',#2131,#411);
#316=LINE('',#2134,#412);
#317=LINE('',#2137,#413);
#318=LINE('',#2138,#414);
#319=LINE('',#2139,#415);
#320=LINE('',#2140,#416);
#321=LINE('',#2143,#417);
#322=LINE('',#2147,#418);
#323=LINE('',#2148,#419);
#324=LINE('',#2151,#420);
#325=LINE('',#2154,#421);
#326=LINE('',#2157,#422);
#327=LINE('',#2158,#423);
#328=LINE('',#2159,#424);
#329=LINE('',#2160,#425);
#330=LINE('',#2163,#426);
#331=LINE('',#2168,#427);
#332=LINE('',#2175,#428);
#333=LINE('',#2182,#429);
#334=LINE('',#2186,#430);
#335=LINE('',#2189,#431);
#336=LINE('',#2192,#432);
#337=LINE('',#2194,#433);
#338=LINE('',#2195,#434);
#339=LINE('',#2200,#435);
#340=LINE('',#2203,#436);
#341=LINE('',#2209,#437);
#342=LINE('',#2211,#438);
#343=LINE('',#2212,#439);
#344=LINE('',#2216,#440);
#345=LINE('',#2219,#441);
#346=LINE('',#2220,#442);
#347=LINE('',#2226,#443);
#348=LINE('',#2232,#444);
#349=LINE('',#2233,#445);
#350=LINE('',#2236,#446);
#351=LINE('',#2237,#447);
#352=LINE('',#2245,#448);
#353=LINE('',#2249,#449);
#354=VECTOR('',#1295,10.);
#355=VECTOR('',#1298,10.);
#356=VECTOR('',#1305,10.);
#357=VECTOR('',#1308,10.);
#358=VECTOR('',#1311,10.);
#359=VECTOR('',#1318,10.);
#360=VECTOR('',#1323,10.);
#361=VECTOR('',#1324,10.);
#362=VECTOR('',#1325,10.);
#363=VECTOR('',#1326,10.);
#364=VECTOR('',#1329,10.);
#365=VECTOR('',#1332,10.);
#366=VECTOR('',#1335,10.);
#367=VECTOR('',#1338,10.);
#368=VECTOR('',#1341,10.);
#369=VECTOR('',#1342,10.);
#370=VECTOR('',#1343,10.);
#371=VECTOR('',#1346,10.);
#372=VECTOR('',#1347,10.);
#373=VECTOR('',#1348,10.);
#374=VECTOR('',#1361,10.);
#375=VECTOR('',#1364,10.);
#376=VECTOR('',#1369,10.);
#377=VECTOR('',#1376,10.);
#378=VECTOR('',#1381,10.);
#379=VECTOR('',#1390,10.);
#380=VECTOR('',#1391,10.);
#381=VECTOR('',#1402,10.);
#382=VECTOR('',#1403,10.);
#383=VECTOR('',#1408,10.);
#384=VECTOR('',#1409,10.);
#385=VECTOR('',#1412,10.);
#386=VECTOR('',#1413,10.);
#387=VECTOR('',#1414,10.);
#388=VECTOR('',#1417,10.);
#389=VECTOR('',#1420,10.);
#390=VECTOR('',#1423,10.);
#391=VECTOR('',#1424,10.);
#392=VECTOR('',#1425,10.);
#393=VECTOR('',#1428,10.);
#394=VECTOR('',#1429,10.);
#395=VECTOR('',#1432,10.);
#396=VECTOR('',#1435,10.);
#397=VECTOR('',#1438,10.);
#398=VECTOR('',#1441,10.);
#399=VECTOR('',#1444,10.);
#400=VECTOR('',#1445,10.);
#401=VECTOR('',#1446,10.);
#402=VECTOR('',#1449,10.);
#403=VECTOR('',#1452,10.);
#404=VECTOR('',#1455,10.);
#405=VECTOR('',#1456,10.);
#406=VECTOR('',#1457,10.);
#407=VECTOR('',#1460,10.);
#408=VECTOR('',#1461,10.);
#409=VECTOR('',#1464,10.);
#410=VECTOR('',#1467,10.);
#411=VECTOR('',#1470,10.);
#412=VECTOR('',#1473,10.);
#413=VECTOR('',#1476,10.);
#414=VECTOR('',#1477,10.);
#415=VECTOR('',#1478,10.);
#416=VECTOR('',#1479,10.);
#417=VECTOR('',#1482,10.);
#418=VECTOR('',#1487,10.);
#419=VECTOR('',#1488,10.);
#420=VECTOR('',#1491,10.);
#421=VECTOR('',#1494,10.);
#422=VECTOR('',#1497,10.);
#423=VECTOR('',#1498,10.);
#424=VECTOR('',#1499,10.);
#425=VECTOR('',#1500,10.);
#426=VECTOR('',#1503,10.);
#427=VECTOR('',#1510,2.2);
#428=VECTOR('',#1519,2.2);
#429=VECTOR('',#1528,1.35);
#430=VECTOR('',#1533,1.375);
#431=VECTOR('',#1536,10.);
#432=VECTOR('',#1539,10.);
#433=VECTOR('',#1542,10.);
#434=VECTOR('',#1543,10.);
#435=VECTOR('',#1550,10.);
#436=VECTOR('',#1555,10.);
#437=VECTOR('',#1564,10.);
#438=VECTOR('',#1565,10.);
#439=VECTOR('',#1566,10.);
#440=VECTOR('',#1571,10.);
#441=VECTOR('',#1574,10.);
#442=VECTOR('',#1575,10.);
#443=VECTOR('',#1586,10.);
#444=VECTOR('',#1593,10.);
#445=VECTOR('',#1594,10.);
#446=VECTOR('',#1597,10.);
#447=VECTOR('',#1598,10.);
#448=VECTOR('',#1609,1.55);
#449=VECTOR('',#1614,1.55);
#450=B_SPLINE_CURVE_WITH_KNOTS('',3,(#1630,#1631,#1632,#1633,#1634,#1635,
#1636,#1637),.UNSPECIFIED.,.F.,.F.,(4,2,2,4),(7.24514655842313,7.30361160767802,
7.70165199794156,7.75973784099398),.UNSPECIFIED.);
#451=B_SPLINE_CURVE_WITH_KNOTS('',3,(#1641,#1642,#1643,#1644,#1645,#1646,
#1647,#1648),.UNSPECIFIED.,.F.,.F.,(4,2,2,4),(0.428203183776863,0.524428697887867,
0.620654211998871,0.656214745976816),.UNSPECIFIED.);
#452=B_SPLINE_CURVE_WITH_KNOTS('',3,(#1676,#1677,#1678,#1679,#1680,#1681,
#1682,#1683),.UNSPECIFIED.,.F.,.F.,(4,2,2,4),(0.963680935834384,0.999241469812329,
1.09546698392333,1.19169249803434),.UNSPECIFIED.);
#453=B_SPLINE_CURVE_WITH_KNOTS('',3,(#1684,#1685,#1686,#1687,#1688,#1689,
#1690,#1691),.UNSPECIFIED.,.F.,.F.,(4,2,2,4),(1.1360353277382,1.19412117079062,
1.59216156105416,1.65062661030905),.UNSPECIFIED.);
#454=B_SPLINE_CURVE_WITH_KNOTS('',3,(#1735,#1736,#1737,#1738,#1739,#1740,
#1741,#1742,#1743,#1744,#1745,#1746,#1747,#1748,#1749,#1750,#1751,#1752,
#1753),.UNSPECIFIED.,.F.,.F.,(4,2,2,2,3,2,2,2,4),(0.703972003967844,0.768413737195278,
0.832855470422712,0.890205736037226,0.94755600165174,1.00490626726625,1.06225653288077,
1.1266982661082,1.19113999933564),.UNSPECIFIED.);
#455=B_SPLINE_CURVE_WITH_KNOTS('',3,(#1756,#1757,#1758,#1759,#1760,#1761,
#1762,#1763),.UNSPECIFIED.,.F.,.F.,(4,2,2,4),(0.428203183776863,0.524428697887867,
0.620654211998871,0.656214745976816),.UNSPECIFIED.);
#456=B_SPLINE_CURVE_WITH_KNOTS('',3,(#1767,#1768,#1769,#1770,#1771,#1772,
#1773,#1774),.UNSPECIFIED.,.F.,.F.,(4,2,2,4),(0.963680935834384,0.999241469812329,
1.09546698392333,1.19169249803434),.UNSPECIFIED.);
#457=B_SPLINE_CURVE_WITH_KNOTS('',3,(#1843,#1844,#1845,#1846,#1847,#1848,
#1849,#1850),.UNSPECIFIED.,.F.,.F.,(4,2,1,1,4),(-0.000909697113786028,0.,
0.227442847982488,0.303257130643318,0.379071413304147),.UNSPECIFIED.);
#458=B_SPLINE_CURVE_WITH_KNOTS('',3,(#1911,#1912,#1913,#1914,#1915,#1916,
#1917,#1918,#1919,#1920,#1921,#1922),.UNSPECIFIED.,.F.,.F.,(4,1,1,1,1,1,
1,2,4),(0.875794044028697,0.951608326689527,1.02742260935036,1.10323689201119,
1.1411440333416,1.17905117467202,1.21695831600243,1.25486545733284,1.25577515444663),
 .UNSPECIFIED.);
#459=B_SPLINE_CURVE_WITH_KNOTS('',3,(#1974,#1975,#1976,#1977,#1978,#1979,
#1980,#1981),.UNSPECIFIED.,.F.,.F.,(4,2,1,1,4),(-0.000909697113735517,0.,
0.227442847982518,0.303257130643358,0.379071413304197),.UNSPECIFIED.);
#460=B_SPLINE_CURVE_WITH_KNOTS('',3,(#2042,#2043,#2044,#2045,#2046,#2047,
#2048,#2049,#2050,#2051,#2052,#2053),.UNSPECIFIED.,.F.,.F.,(4,1,1,1,1,1,
1,2,4),(0.875794044028747,0.951608326689587,1.02742260935043,1.10323689201127,
1.14114403334169,1.17905117467211,1.21695831600253,1.25486545733294,1.25577515444668),
 .UNSPECIFIED.);
#461=VERTEX_POINT('',#1628);
#462=VERTEX_POINT('',#1629);
#463=VERTEX_POINT('',#1638);
#464=VERTEX_POINT('',#1640);
#465=VERTEX_POINT('',#1649);
#466=VERTEX_POINT('',#1651);
#467=VERTEX_POINT('',#1655);
#468=VERTEX_POINT('',#1657);
#469=VERTEX_POINT('',#1659);
#470=VERTEX_POINT('',#1661);
#471=VERTEX_POINT('',#1663);
#472=VERTEX_POINT('',#1665);
#473=VERTEX_POINT('',#1669);
#474=VERTEX_POINT('',#1670);
#475=VERTEX_POINT('',#1672);
#476=VERTEX_POINT('',#1674);
#477=VERTEX_POINT('',#1693);
#478=VERTEX_POINT('',#1695);
#479=VERTEX_POINT('',#1698);
#480=VERTEX_POINT('',#1700);
#481=VERTEX_POINT('',#1702);
#482=VERTEX_POINT('',#1704);
#483=VERTEX_POINT('',#1706);
#484=VERTEX_POINT('',#1708);
#485=VERTEX_POINT('',#1710);
#486=VERTEX_POINT('',#1712);
#487=VERTEX_POINT('',#1715);
#488=VERTEX_POINT('',#1716);
#489=VERTEX_POINT('',#1718);
#490=VERTEX_POINT('',#1720);
#491=VERTEX_POINT('',#1722);
#492=VERTEX_POINT('',#1724);
#493=VERTEX_POINT('',#1726);
#494=VERTEX_POINT('',#1728);
#495=VERTEX_POINT('',#1732);
#496=VERTEX_POINT('',#1734);
#497=VERTEX_POINT('',#1755);
#498=VERTEX_POINT('',#1765);
#499=VERTEX_POINT('',#1776);
#500=VERTEX_POINT('',#1778);
#501=VERTEX_POINT('',#1782);
#502=VERTEX_POINT('',#1786);
#503=VERTEX_POINT('',#1788);
#504=VERTEX_POINT('',#1792);
#505=VERTEX_POINT('',#1796);
#506=VERTEX_POINT('',#1798);
#507=VERTEX_POINT('',#1841);
#508=VERTEX_POINT('',#1925);
#509=VERTEX_POINT('',#1927);
#510=VERTEX_POINT('',#1929);
#511=VERTEX_POINT('',#1972);
#512=VERTEX_POINT('',#2056);
#513=VERTEX_POINT('',#2057);
#514=VERTEX_POINT('',#2062);
#515=VERTEX_POINT('',#2064);
#516=VERTEX_POINT('',#2068);
#517=VERTEX_POINT('',#2070);
#518=VERTEX_POINT('',#2074);
#519=VERTEX_POINT('',#2076);
#520=VERTEX_POINT('',#2081);
#521=VERTEX_POINT('',#2083);
#522=VERTEX_POINT('',#2085);
#523=VERTEX_POINT('',#2087);
#524=VERTEX_POINT('',#2090);
#525=VERTEX_POINT('',#2091);
#526=VERTEX_POINT('',#2093);
#527=VERTEX_POINT('',#2095);
#528=VERTEX_POINT('',#2097);
#529=VERTEX_POINT('',#2099);
#530=VERTEX_POINT('',#2101);
#531=VERTEX_POINT('',#2103);
#532=VERTEX_POINT('',#2105);
#533=VERTEX_POINT('',#2107);
#534=VERTEX_POINT('',#2109);
#535=VERTEX_POINT('',#2111);
#536=VERTEX_POINT('',#2113);
#537=VERTEX_POINT('',#2115);
#538=VERTEX_POINT('',#2117);
#539=VERTEX_POINT('',#2119);
#540=VERTEX_POINT('',#2130);
#541=VERTEX_POINT('',#2132);
#542=VERTEX_POINT('',#2136);
#543=VERTEX_POINT('',#2142);
#544=VERTEX_POINT('',#2146);
#545=VERTEX_POINT('',#2150);
#546=VERTEX_POINT('',#2152);
#547=VERTEX_POINT('',#2156);
#548=VERTEX_POINT('',#2162);
#549=VERTEX_POINT('',#2166);
#550=VERTEX_POINT('',#2170);
#551=VERTEX_POINT('',#2173);
#552=VERTEX_POINT('',#2177);
#553=VERTEX_POINT('',#2180);
#554=VERTEX_POINT('',#2184);
#555=VERTEX_POINT('',#2188);
#556=VERTEX_POINT('',#2190);
#557=VERTEX_POINT('',#2199);
#558=VERTEX_POINT('',#2208);
#559=VERTEX_POINT('',#2210);
#560=VERTEX_POINT('',#2214);
#561=VERTEX_POINT('',#2218);
#562=VERTEX_POINT('',#2228);
#563=VERTEX_POINT('',#2231);
#564=VERTEX_POINT('',#2235);
#565=VERTEX_POINT('',#2241);
#566=VERTEX_POINT('',#2244);
#567=VERTEX_POINT('',#2248);
#568=EDGE_CURVE('',#461,#462,#450,.F.);
#569=EDGE_CURVE('',#461,#463,#258,.T.);
#570=EDGE_CURVE('',#464,#463,#451,.T.);
#571=EDGE_CURVE('',#465,#464,#198,.T.);
#572=EDGE_CURVE('',#465,#466,#259,.T.);
#573=EDGE_CURVE('',#466,#462,#199,.T.);
#574=EDGE_CURVE('',#461,#467,#200,.T.);
#575=EDGE_CURVE('',#468,#467,#260,.T.);
#576=EDGE_CURVE('',#468,#469,#201,.T.);
#577=EDGE_CURVE('',#470,#469,#261,.T.);
#578=EDGE_CURVE('',#470,#471,#202,.T.);
#579=EDGE_CURVE('',#472,#471,#262,.T.);
#580=EDGE_CURVE('',#472,#463,#203,.T.);
#581=EDGE_CURVE('',#473,#474,#204,.F.);
#582=EDGE_CURVE('',#473,#475,#263,.T.);
#583=EDGE_CURVE('',#476,#475,#205,.T.);
#584=EDGE_CURVE('',#468,#476,#452,.T.);
#585=EDGE_CURVE('',#467,#474,#453,.T.);
#586=EDGE_CURVE('',#477,#465,#264,.T.);
#587=EDGE_CURVE('',#478,#477,#265,.T.);
#588=EDGE_CURVE('',#475,#478,#266,.T.);
#589=EDGE_CURVE('',#473,#479,#267,.T.);
#590=EDGE_CURVE('',#480,#479,#206,.T.);
#591=EDGE_CURVE('',#481,#480,#268,.T.);
#592=EDGE_CURVE('',#482,#481,#207,.T.);
#593=EDGE_CURVE('',#483,#482,#269,.T.);
#594=EDGE_CURVE('',#484,#483,#208,.T.);
#595=EDGE_CURVE('',#485,#484,#270,.T.);
#596=EDGE_CURVE('',#486,#485,#209,.T.);
#597=EDGE_CURVE('',#466,#486,#271,.T.);
#598=EDGE_CURVE('',#487,#488,#210,.T.);
#599=EDGE_CURVE('',#487,#489,#272,.T.);
#600=EDGE_CURVE('',#489,#490,#273,.T.);
#601=EDGE_CURVE('',#490,#491,#274,.T.);
#602=EDGE_CURVE('',#492,#491,#211,.T.);
#603=EDGE_CURVE('',#492,#493,#275,.T.);
#604=EDGE_CURVE('',#493,#494,#276,.T.);
#605=EDGE_CURVE('',#494,#488,#277,.T.);
#606=EDGE_CURVE('',#495,#471,#212,.F.);
#607=EDGE_CURVE('',#495,#496,#454,.T.);
#608=EDGE_CURVE('',#470,#496,#213,.F.);
#609=EDGE_CURVE('',#497,#469,#455,.T.);
#610=EDGE_CURVE('',#478,#497,#214,.T.);
#611=EDGE_CURVE('',#498,#477,#215,.T.);
#612=EDGE_CURVE('',#472,#498,#456,.T.);
#613=EDGE_CURVE('',#498,#499,#278,.T.);
#614=EDGE_CURVE('',#500,#499,#216,.T.);
#615=EDGE_CURVE('',#464,#500,#279,.T.);
#616=EDGE_CURVE('',#501,#477,#217,.T.);
#617=EDGE_CURVE('',#499,#501,#280,.T.);
#618=EDGE_CURVE('',#502,#475,#218,.T.);
#619=EDGE_CURVE('',#478,#503,#219,.T.);
#620=EDGE_CURVE('',#503,#502,#281,.T.);
#621=EDGE_CURVE('',#465,#504,#220,.T.);
#622=EDGE_CURVE('',#504,#501,#282,.T.);
#623=EDGE_CURVE('',#488,#505,#221,.T.);
#624=EDGE_CURVE('',#505,#506,#222,.T.);
#625=EDGE_CURVE('',#506,#487,#223,.T.);
#626=EDGE_CURVE('',#488,#507,#283,.T.);
#627=EDGE_CURVE('',#507,#505,#457,.T.);
#628=EDGE_CURVE('',#506,#507,#458,.T.);
#629=EDGE_CURVE('',#507,#487,#284,.T.);
#630=EDGE_CURVE('',#491,#508,#224,.T.);
#631=EDGE_CURVE('',#508,#509,#225,.T.);
#632=EDGE_CURVE('',#509,#510,#226,.T.);
#633=EDGE_CURVE('',#510,#492,#227,.T.);
#634=EDGE_CURVE('',#491,#511,#285,.T.);
#635=EDGE_CURVE('',#511,#508,#459,.T.);
#636=EDGE_CURVE('',#510,#511,#460,.T.);
#637=EDGE_CURVE('',#511,#492,#286,.T.);
#638=EDGE_CURVE('',#512,#513,#228,.T.);
#639=EDGE_CURVE('',#513,#480,#287,.T.);
#640=EDGE_CURVE('',#479,#512,#288,.T.);
#641=EDGE_CURVE('',#514,#474,#289,.T.);
#642=EDGE_CURVE('',#515,#514,#290,.T.);
#643=EDGE_CURVE('',#515,#512,#291,.T.);
#644=EDGE_CURVE('',#485,#516,#292,.T.);
#645=EDGE_CURVE('',#516,#517,#229,.T.);
#646=EDGE_CURVE('',#517,#486,#293,.T.);
#647=EDGE_CURVE('',#518,#517,#294,.T.);
#648=EDGE_CURVE('',#518,#519,#295,.T.);
#649=EDGE_CURVE('',#519,#462,#296,.T.);
#650=EDGE_CURVE('',#515,#518,#297,.T.);
#651=EDGE_CURVE('',#520,#516,#298,.T.);
#652=EDGE_CURVE('',#521,#520,#230,.T.);
#653=EDGE_CURVE('',#522,#521,#299,.T.);
#654=EDGE_CURVE('',#523,#522,#231,.T.);
#655=EDGE_CURVE('',#513,#523,#300,.T.);
#656=EDGE_CURVE('',#524,#525,#232,.T.);
#657=EDGE_CURVE('',#524,#526,#301,.T.);
#658=EDGE_CURVE('',#526,#527,#233,.T.);
#659=EDGE_CURVE('',#527,#528,#302,.T.);
#660=EDGE_CURVE('',#529,#528,#234,.T.);
#661=EDGE_CURVE('',#529,#530,#303,.T.);
#662=EDGE_CURVE('',#530,#531,#304,.T.);
#663=EDGE_CURVE('',#531,#532,#305,.T.);
#664=EDGE_CURVE('',#533,#532,#235,.T.);
#665=EDGE_CURVE('',#533,#534,#306,.T.);
#666=EDGE_CURVE('',#534,#535,#236,.T.);
#667=EDGE_CURVE('',#535,#536,#307,.T.);
#668=EDGE_CURVE('',#537,#536,#237,.T.);
#669=EDGE_CURVE('',#537,#538,#308,.T.);
#670=EDGE_CURVE('',#538,#539,#309,.T.);
#671=EDGE_CURVE('',#539,#525,#310,.T.);
#672=EDGE_CURVE('',#481,#523,#311,.T.);
#673=EDGE_CURVE('',#522,#482,#312,.T.);
#674=EDGE_CURVE('',#483,#521,#313,.T.);
#675=EDGE_CURVE('',#520,#484,#314,.T.);
#676=EDGE_CURVE('',#525,#540,#315,.T.);
#677=EDGE_CURVE('',#540,#541,#238,.F.);
#678=EDGE_CURVE('',#541,#524,#316,.T.);
#679=EDGE_CURVE('',#540,#542,#317,.T.);
#680=EDGE_CURVE('',#539,#493,#318,.T.);
#681=EDGE_CURVE('',#530,#490,#319,.T.);
#682=EDGE_CURVE('',#542,#529,#320,.T.);
#683=EDGE_CURVE('',#528,#543,#321,.T.);
#684=EDGE_CURVE('',#543,#542,#239,.F.);
#685=EDGE_CURVE('',#527,#544,#322,.T.);
#686=EDGE_CURVE('',#544,#543,#323,.T.);
#687=EDGE_CURVE('',#532,#545,#324,.T.);
#688=EDGE_CURVE('',#545,#546,#240,.F.);
#689=EDGE_CURVE('',#546,#533,#325,.T.);
#690=EDGE_CURVE('',#545,#547,#326,.T.);
#691=EDGE_CURVE('',#531,#489,#327,.T.);
#692=EDGE_CURVE('',#538,#494,#328,.T.);
#693=EDGE_CURVE('',#547,#537,#329,.T.);
#694=EDGE_CURVE('',#536,#548,#330,.T.);
#695=EDGE_CURVE('',#548,#547,#241,.F.);
#696=EDGE_CURVE('',#549,#549,#242,.T.);
#697=EDGE_CURVE('',#549,#509,#331,.T.);
#698=EDGE_CURVE('',#550,#550,#243,.T.);
#699=EDGE_CURVE('',#551,#551,#244,.T.);
#700=EDGE_CURVE('',#551,#507,#332,.T.);
#701=EDGE_CURVE('',#552,#552,#245,.T.);
#702=EDGE_CURVE('',#553,#553,#246,.T.);
#703=EDGE_CURVE('',#553,#550,#333,.T.);
#704=EDGE_CURVE('',#554,#554,#247,.T.);
#705=EDGE_CURVE('',#554,#552,#334,.T.);
#706=EDGE_CURVE('',#555,#548,#335,.T.);
#707=EDGE_CURVE('',#556,#555,#248,.T.);
#708=EDGE_CURVE('',#546,#556,#336,.T.);
#709=EDGE_CURVE('',#534,#556,#337,.T.);
#710=EDGE_CURVE('',#535,#555,#338,.T.);
#711=EDGE_CURVE('',#526,#557,#339,.T.);
#712=EDGE_CURVE('',#557,#544,#249,.T.);
#713=EDGE_CURVE('',#541,#557,#340,.T.);
#714=EDGE_CURVE('',#496,#558,#341,.T.);
#715=EDGE_CURVE('',#559,#558,#342,.T.);
#716=EDGE_CURVE('',#559,#470,#343,.T.);
#717=EDGE_CURVE('',#560,#559,#250,.T.);
#718=EDGE_CURVE('',#471,#560,#344,.T.);
#719=EDGE_CURVE('',#561,#560,#345,.T.);
#720=EDGE_CURVE('',#561,#495,#346,.F.);
#721=EDGE_CURVE('',#558,#561,#251,.T.);
#722=EDGE_CURVE('',#504,#500,#347,.T.);
#723=EDGE_CURVE('',#562,#562,#252,.T.);
#724=EDGE_CURVE('',#497,#563,#348,.T.);
#725=EDGE_CURVE('',#503,#563,#349,.T.);
#726=EDGE_CURVE('',#564,#502,#350,.T.);
#727=EDGE_CURVE('',#476,#564,#351,.T.);
#728=EDGE_CURVE('',#563,#564,#253,.T.);
#729=EDGE_CURVE('',#565,#565,#254,.T.);
#730=EDGE_CURVE('',#562,#566,#352,.T.);
#731=EDGE_CURVE('',#566,#566,#255,.T.);
#732=EDGE_CURVE('',#565,#567,#353,.T.);
#733=EDGE_CURVE('',#567,#567,#256,.T.);
#734=EDGE_CURVE('',#519,#514,#257,.T.);
#735=ORIENTED_EDGE('',*,*,#568,.F.);
#736=ORIENTED_EDGE('',*,*,#569,.T.);
#737=ORIENTED_EDGE('',*,*,#570,.F.);
#738=ORIENTED_EDGE('',*,*,#571,.F.);
#739=ORIENTED_EDGE('',*,*,#572,.T.);
#740=ORIENTED_EDGE('',*,*,#573,.T.);
#741=ORIENTED_EDGE('',*,*,#569,.F.);
#742=ORIENTED_EDGE('',*,*,#574,.T.);
#743=ORIENTED_EDGE('',*,*,#575,.F.);
#744=ORIENTED_EDGE('',*,*,#576,.T.);
#745=ORIENTED_EDGE('',*,*,#577,.F.);
#746=ORIENTED_EDGE('',*,*,#578,.T.);
#747=ORIENTED_EDGE('',*,*,#579,.F.);
#748=ORIENTED_EDGE('',*,*,#580,.T.);
#749=ORIENTED_EDGE('',*,*,#581,.F.);
#750=ORIENTED_EDGE('',*,*,#582,.T.);
#751=ORIENTED_EDGE('',*,*,#583,.F.);
#752=ORIENTED_EDGE('',*,*,#584,.F.);
#753=ORIENTED_EDGE('',*,*,#575,.T.);
#754=ORIENTED_EDGE('',*,*,#585,.T.);
#755=ORIENTED_EDGE('',*,*,#572,.F.);
#756=ORIENTED_EDGE('',*,*,#586,.F.);
#757=ORIENTED_EDGE('',*,*,#587,.F.);
#758=ORIENTED_EDGE('',*,*,#588,.F.);
#759=ORIENTED_EDGE('',*,*,#582,.F.);
#760=ORIENTED_EDGE('',*,*,#589,.T.);
#761=ORIENTED_EDGE('',*,*,#590,.F.);
#762=ORIENTED_EDGE('',*,*,#591,.F.);
#763=ORIENTED_EDGE('',*,*,#592,.F.);
#764=ORIENTED_EDGE('',*,*,#593,.F.);
#765=ORIENTED_EDGE('',*,*,#594,.F.);
#766=ORIENTED_EDGE('',*,*,#595,.F.);
#767=ORIENTED_EDGE('',*,*,#596,.F.);
#768=ORIENTED_EDGE('',*,*,#597,.F.);
#769=ORIENTED_EDGE('',*,*,#598,.F.);
#770=ORIENTED_EDGE('',*,*,#599,.T.);
#771=ORIENTED_EDGE('',*,*,#600,.T.);
#772=ORIENTED_EDGE('',*,*,#601,.T.);
#773=ORIENTED_EDGE('',*,*,#602,.F.);
#774=ORIENTED_EDGE('',*,*,#603,.T.);
#775=ORIENTED_EDGE('',*,*,#604,.T.);
#776=ORIENTED_EDGE('',*,*,#605,.T.);
#777=ORIENTED_EDGE('',*,*,#606,.F.);
#778=ORIENTED_EDGE('',*,*,#607,.T.);
#779=ORIENTED_EDGE('',*,*,#608,.F.);
#780=ORIENTED_EDGE('',*,*,#577,.T.);
#781=ORIENTED_EDGE('',*,*,#609,.F.);
#782=ORIENTED_EDGE('',*,*,#610,.F.);
#783=ORIENTED_EDGE('',*,*,#587,.T.);
#784=ORIENTED_EDGE('',*,*,#611,.F.);
#785=ORIENTED_EDGE('',*,*,#612,.F.);
#786=ORIENTED_EDGE('',*,*,#579,.T.);
#787=ORIENTED_EDGE('',*,*,#570,.T.);
#788=ORIENTED_EDGE('',*,*,#580,.F.);
#789=ORIENTED_EDGE('',*,*,#612,.T.);
#790=ORIENTED_EDGE('',*,*,#613,.T.);
#791=ORIENTED_EDGE('',*,*,#614,.F.);
#792=ORIENTED_EDGE('',*,*,#615,.F.);
#793=ORIENTED_EDGE('',*,*,#611,.T.);
#794=ORIENTED_EDGE('',*,*,#616,.F.);
#795=ORIENTED_EDGE('',*,*,#617,.F.);
#796=ORIENTED_EDGE('',*,*,#613,.F.);
#797=ORIENTED_EDGE('',*,*,#618,.T.);
#798=ORIENTED_EDGE('',*,*,#588,.T.);
#799=ORIENTED_EDGE('',*,*,#619,.T.);
#800=ORIENTED_EDGE('',*,*,#620,.T.);
#801=ORIENTED_EDGE('',*,*,#616,.T.);
#802=ORIENTED_EDGE('',*,*,#586,.T.);
#803=ORIENTED_EDGE('',*,*,#621,.T.);
#804=ORIENTED_EDGE('',*,*,#622,.T.);
#805=ORIENTED_EDGE('',*,*,#623,.T.);
#806=ORIENTED_EDGE('',*,*,#624,.T.);
#807=ORIENTED_EDGE('',*,*,#625,.T.);
#808=ORIENTED_EDGE('',*,*,#598,.T.);
#809=ORIENTED_EDGE('',*,*,#623,.F.);
#810=ORIENTED_EDGE('',*,*,#626,.T.);
#811=ORIENTED_EDGE('',*,*,#627,.T.);
#812=ORIENTED_EDGE('',*,*,#625,.F.);
#813=ORIENTED_EDGE('',*,*,#628,.T.);
#814=ORIENTED_EDGE('',*,*,#629,.T.);
#815=ORIENTED_EDGE('',*,*,#630,.T.);
#816=ORIENTED_EDGE('',*,*,#631,.T.);
#817=ORIENTED_EDGE('',*,*,#632,.T.);
#818=ORIENTED_EDGE('',*,*,#633,.T.);
#819=ORIENTED_EDGE('',*,*,#602,.T.);
#820=ORIENTED_EDGE('',*,*,#630,.F.);
#821=ORIENTED_EDGE('',*,*,#634,.T.);
#822=ORIENTED_EDGE('',*,*,#635,.T.);
#823=ORIENTED_EDGE('',*,*,#633,.F.);
#824=ORIENTED_EDGE('',*,*,#636,.T.);
#825=ORIENTED_EDGE('',*,*,#637,.T.);
#826=ORIENTED_EDGE('',*,*,#638,.T.);
#827=ORIENTED_EDGE('',*,*,#639,.T.);
#828=ORIENTED_EDGE('',*,*,#590,.T.);
#829=ORIENTED_EDGE('',*,*,#640,.T.);
#830=ORIENTED_EDGE('',*,*,#640,.F.);
#831=ORIENTED_EDGE('',*,*,#589,.F.);
#832=ORIENTED_EDGE('',*,*,#581,.T.);
#833=ORIENTED_EDGE('',*,*,#641,.F.);
#834=ORIENTED_EDGE('',*,*,#642,.F.);
#835=ORIENTED_EDGE('',*,*,#643,.T.);
#836=ORIENTED_EDGE('',*,*,#596,.T.);
#837=ORIENTED_EDGE('',*,*,#644,.T.);
#838=ORIENTED_EDGE('',*,*,#645,.T.);
#839=ORIENTED_EDGE('',*,*,#646,.T.);
#840=ORIENTED_EDGE('',*,*,#646,.F.);
#841=ORIENTED_EDGE('',*,*,#647,.F.);
#842=ORIENTED_EDGE('',*,*,#648,.T.);
#843=ORIENTED_EDGE('',*,*,#649,.T.);
#844=ORIENTED_EDGE('',*,*,#573,.F.);
#845=ORIENTED_EDGE('',*,*,#597,.T.);
#846=ORIENTED_EDGE('',*,*,#638,.F.);
#847=ORIENTED_EDGE('',*,*,#643,.F.);
#848=ORIENTED_EDGE('',*,*,#650,.T.);
#849=ORIENTED_EDGE('',*,*,#647,.T.);
#850=ORIENTED_EDGE('',*,*,#645,.F.);
#851=ORIENTED_EDGE('',*,*,#651,.F.);
#852=ORIENTED_EDGE('',*,*,#652,.F.);
#853=ORIENTED_EDGE('',*,*,#653,.F.);
#854=ORIENTED_EDGE('',*,*,#654,.F.);
#855=ORIENTED_EDGE('',*,*,#655,.F.);
#856=ORIENTED_EDGE('',*,*,#656,.F.);
#857=ORIENTED_EDGE('',*,*,#657,.T.);
#858=ORIENTED_EDGE('',*,*,#658,.T.);
#859=ORIENTED_EDGE('',*,*,#659,.T.);
#860=ORIENTED_EDGE('',*,*,#660,.F.);
#861=ORIENTED_EDGE('',*,*,#661,.T.);
#862=ORIENTED_EDGE('',*,*,#662,.T.);
#863=ORIENTED_EDGE('',*,*,#663,.T.);
#864=ORIENTED_EDGE('',*,*,#664,.F.);
#865=ORIENTED_EDGE('',*,*,#665,.T.);
#866=ORIENTED_EDGE('',*,*,#666,.T.);
#867=ORIENTED_EDGE('',*,*,#667,.T.);
#868=ORIENTED_EDGE('',*,*,#668,.F.);
#869=ORIENTED_EDGE('',*,*,#669,.T.);
#870=ORIENTED_EDGE('',*,*,#670,.T.);
#871=ORIENTED_EDGE('',*,*,#671,.T.);
#872=ORIENTED_EDGE('',*,*,#592,.T.);
#873=ORIENTED_EDGE('',*,*,#672,.T.);
#874=ORIENTED_EDGE('',*,*,#654,.T.);
#875=ORIENTED_EDGE('',*,*,#673,.T.);
#876=ORIENTED_EDGE('',*,*,#673,.F.);
#877=ORIENTED_EDGE('',*,*,#653,.T.);
#878=ORIENTED_EDGE('',*,*,#674,.F.);
#879=ORIENTED_EDGE('',*,*,#593,.T.);
#880=ORIENTED_EDGE('',*,*,#652,.T.);
#881=ORIENTED_EDGE('',*,*,#675,.T.);
#882=ORIENTED_EDGE('',*,*,#594,.T.);
#883=ORIENTED_EDGE('',*,*,#674,.T.);
#884=ORIENTED_EDGE('',*,*,#656,.T.);
#885=ORIENTED_EDGE('',*,*,#676,.T.);
#886=ORIENTED_EDGE('',*,*,#677,.T.);
#887=ORIENTED_EDGE('',*,*,#678,.T.);
#888=ORIENTED_EDGE('',*,*,#679,.F.);
#889=ORIENTED_EDGE('',*,*,#676,.F.);
#890=ORIENTED_EDGE('',*,*,#671,.F.);
#891=ORIENTED_EDGE('',*,*,#680,.T.);
#892=ORIENTED_EDGE('',*,*,#603,.F.);
#893=ORIENTED_EDGE('',*,*,#637,.F.);
#894=ORIENTED_EDGE('',*,*,#634,.F.);
#895=ORIENTED_EDGE('',*,*,#601,.F.);
#896=ORIENTED_EDGE('',*,*,#681,.F.);
#897=ORIENTED_EDGE('',*,*,#661,.F.);
#898=ORIENTED_EDGE('',*,*,#682,.F.);
#899=ORIENTED_EDGE('',*,*,#660,.T.);
#900=ORIENTED_EDGE('',*,*,#683,.T.);
#901=ORIENTED_EDGE('',*,*,#684,.T.);
#902=ORIENTED_EDGE('',*,*,#682,.T.);
#903=ORIENTED_EDGE('',*,*,#683,.F.);
#904=ORIENTED_EDGE('',*,*,#659,.F.);
#905=ORIENTED_EDGE('',*,*,#685,.T.);
#906=ORIENTED_EDGE('',*,*,#686,.T.);
#907=ORIENTED_EDGE('',*,*,#664,.T.);
#908=ORIENTED_EDGE('',*,*,#687,.T.);
#909=ORIENTED_EDGE('',*,*,#688,.T.);
#910=ORIENTED_EDGE('',*,*,#689,.T.);
#911=ORIENTED_EDGE('',*,*,#690,.F.);
#912=ORIENTED_EDGE('',*,*,#687,.F.);
#913=ORIENTED_EDGE('',*,*,#663,.F.);
#914=ORIENTED_EDGE('',*,*,#691,.T.);
#915=ORIENTED_EDGE('',*,*,#599,.F.);
#916=ORIENTED_EDGE('',*,*,#629,.F.);
#917=ORIENTED_EDGE('',*,*,#626,.F.);
#918=ORIENTED_EDGE('',*,*,#605,.F.);
#919=ORIENTED_EDGE('',*,*,#692,.F.);
#920=ORIENTED_EDGE('',*,*,#669,.F.);
#921=ORIENTED_EDGE('',*,*,#693,.F.);
#922=ORIENTED_EDGE('',*,*,#668,.T.);
#923=ORIENTED_EDGE('',*,*,#694,.T.);
#924=ORIENTED_EDGE('',*,*,#695,.T.);
#925=ORIENTED_EDGE('',*,*,#693,.T.);
#926=ORIENTED_EDGE('',*,*,#696,.F.);
#927=ORIENTED_EDGE('',*,*,#697,.T.);
#928=ORIENTED_EDGE('',*,*,#631,.F.);
#929=ORIENTED_EDGE('',*,*,#635,.F.);
#930=ORIENTED_EDGE('',*,*,#636,.F.);
#931=ORIENTED_EDGE('',*,*,#632,.F.);
#932=ORIENTED_EDGE('',*,*,#697,.F.);
#933=ORIENTED_EDGE('',*,*,#696,.T.);
#934=ORIENTED_EDGE('',*,*,#698,.T.);
#935=ORIENTED_EDGE('',*,*,#699,.F.);
#936=ORIENTED_EDGE('',*,*,#700,.T.);
#937=ORIENTED_EDGE('',*,*,#628,.F.);
#938=ORIENTED_EDGE('',*,*,#624,.F.);
#939=ORIENTED_EDGE('',*,*,#627,.F.);
#940=ORIENTED_EDGE('',*,*,#700,.F.);
#941=ORIENTED_EDGE('',*,*,#699,.T.);
#942=ORIENTED_EDGE('',*,*,#701,.T.);
#943=ORIENTED_EDGE('',*,*,#702,.F.);
#944=ORIENTED_EDGE('',*,*,#703,.T.);
#945=ORIENTED_EDGE('',*,*,#698,.F.);
#946=ORIENTED_EDGE('',*,*,#703,.F.);
#947=ORIENTED_EDGE('',*,*,#704,.F.);
#948=ORIENTED_EDGE('',*,*,#705,.T.);
#949=ORIENTED_EDGE('',*,*,#701,.F.);
#950=ORIENTED_EDGE('',*,*,#705,.F.);
#951=ORIENTED_EDGE('',*,*,#690,.T.);
#952=ORIENTED_EDGE('',*,*,#695,.F.);
#953=ORIENTED_EDGE('',*,*,#706,.F.);
#954=ORIENTED_EDGE('',*,*,#707,.F.);
#955=ORIENTED_EDGE('',*,*,#708,.F.);
#956=ORIENTED_EDGE('',*,*,#688,.F.);
#957=ORIENTED_EDGE('',*,*,#704,.T.);
#958=ORIENTED_EDGE('',*,*,#666,.F.);
#959=ORIENTED_EDGE('',*,*,#709,.T.);
#960=ORIENTED_EDGE('',*,*,#707,.T.);
#961=ORIENTED_EDGE('',*,*,#710,.F.);
#962=ORIENTED_EDGE('',*,*,#689,.F.);
#963=ORIENTED_EDGE('',*,*,#708,.T.);
#964=ORIENTED_EDGE('',*,*,#709,.F.);
#965=ORIENTED_EDGE('',*,*,#665,.F.);
#966=ORIENTED_EDGE('',*,*,#662,.F.);
#967=ORIENTED_EDGE('',*,*,#681,.T.);
#968=ORIENTED_EDGE('',*,*,#600,.F.);
#969=ORIENTED_EDGE('',*,*,#691,.F.);
#970=ORIENTED_EDGE('',*,*,#658,.F.);
#971=ORIENTED_EDGE('',*,*,#711,.T.);
#972=ORIENTED_EDGE('',*,*,#712,.T.);
#973=ORIENTED_EDGE('',*,*,#685,.F.);
#974=ORIENTED_EDGE('',*,*,#678,.F.);
#975=ORIENTED_EDGE('',*,*,#713,.T.);
#976=ORIENTED_EDGE('',*,*,#711,.F.);
#977=ORIENTED_EDGE('',*,*,#657,.F.);
#978=ORIENTED_EDGE('',*,*,#670,.F.);
#979=ORIENTED_EDGE('',*,*,#692,.T.);
#980=ORIENTED_EDGE('',*,*,#604,.F.);
#981=ORIENTED_EDGE('',*,*,#680,.F.);
#982=ORIENTED_EDGE('',*,*,#694,.F.);
#983=ORIENTED_EDGE('',*,*,#667,.F.);
#984=ORIENTED_EDGE('',*,*,#710,.T.);
#985=ORIENTED_EDGE('',*,*,#706,.T.);
#986=ORIENTED_EDGE('',*,*,#679,.T.);
#987=ORIENTED_EDGE('',*,*,#684,.F.);
#988=ORIENTED_EDGE('',*,*,#686,.F.);
#989=ORIENTED_EDGE('',*,*,#712,.F.);
#990=ORIENTED_EDGE('',*,*,#713,.F.);
#991=ORIENTED_EDGE('',*,*,#677,.F.);
#992=ORIENTED_EDGE('',*,*,#702,.T.);
#993=ORIENTED_EDGE('',*,*,#714,.T.);
#994=ORIENTED_EDGE('',*,*,#715,.F.);
#995=ORIENTED_EDGE('',*,*,#716,.T.);
#996=ORIENTED_EDGE('',*,*,#608,.T.);
#997=ORIENTED_EDGE('',*,*,#578,.F.);
#998=ORIENTED_EDGE('',*,*,#716,.F.);
#999=ORIENTED_EDGE('',*,*,#717,.F.);
#1000=ORIENTED_EDGE('',*,*,#718,.F.);
#1001=ORIENTED_EDGE('',*,*,#718,.T.);
#1002=ORIENTED_EDGE('',*,*,#719,.F.);
#1003=ORIENTED_EDGE('',*,*,#720,.T.);
#1004=ORIENTED_EDGE('',*,*,#606,.T.);
#1005=ORIENTED_EDGE('',*,*,#720,.F.);
#1006=ORIENTED_EDGE('',*,*,#721,.F.);
#1007=ORIENTED_EDGE('',*,*,#714,.F.);
#1008=ORIENTED_EDGE('',*,*,#607,.F.);
#1009=ORIENTED_EDGE('',*,*,#639,.F.);
#1010=ORIENTED_EDGE('',*,*,#655,.T.);
#1011=ORIENTED_EDGE('',*,*,#672,.F.);
#1012=ORIENTED_EDGE('',*,*,#591,.T.);
#1013=ORIENTED_EDGE('',*,*,#644,.F.);
#1014=ORIENTED_EDGE('',*,*,#595,.T.);
#1015=ORIENTED_EDGE('',*,*,#675,.F.);
#1016=ORIENTED_EDGE('',*,*,#651,.T.);
#1017=ORIENTED_EDGE('',*,*,#571,.T.);
#1018=ORIENTED_EDGE('',*,*,#615,.T.);
#1019=ORIENTED_EDGE('',*,*,#722,.F.);
#1020=ORIENTED_EDGE('',*,*,#621,.F.);
#1021=ORIENTED_EDGE('',*,*,#622,.F.);
#1022=ORIENTED_EDGE('',*,*,#722,.T.);
#1023=ORIENTED_EDGE('',*,*,#614,.T.);
#1024=ORIENTED_EDGE('',*,*,#617,.T.);
#1025=ORIENTED_EDGE('',*,*,#723,.T.);
#1026=ORIENTED_EDGE('',*,*,#610,.T.);
#1027=ORIENTED_EDGE('',*,*,#724,.T.);
#1028=ORIENTED_EDGE('',*,*,#725,.F.);
#1029=ORIENTED_EDGE('',*,*,#619,.F.);
#1030=ORIENTED_EDGE('',*,*,#583,.T.);
#1031=ORIENTED_EDGE('',*,*,#618,.F.);
#1032=ORIENTED_EDGE('',*,*,#726,.F.);
#1033=ORIENTED_EDGE('',*,*,#727,.F.);
#1034=ORIENTED_EDGE('',*,*,#584,.T.);
#1035=ORIENTED_EDGE('',*,*,#727,.T.);
#1036=ORIENTED_EDGE('',*,*,#728,.F.);
#1037=ORIENTED_EDGE('',*,*,#724,.F.);
#1038=ORIENTED_EDGE('',*,*,#609,.T.);
#1039=ORIENTED_EDGE('',*,*,#576,.F.);
#1040=ORIENTED_EDGE('',*,*,#620,.F.);
#1041=ORIENTED_EDGE('',*,*,#725,.T.);
#1042=ORIENTED_EDGE('',*,*,#728,.T.);
#1043=ORIENTED_EDGE('',*,*,#726,.T.);
#1044=ORIENTED_EDGE('',*,*,#729,.T.);
#1045=ORIENTED_EDGE('',*,*,#723,.F.);
#1046=ORIENTED_EDGE('',*,*,#730,.T.);
#1047=ORIENTED_EDGE('',*,*,#731,.T.);
#1048=ORIENTED_EDGE('',*,*,#730,.F.);
#1049=ORIENTED_EDGE('',*,*,#729,.F.);
#1050=ORIENTED_EDGE('',*,*,#732,.T.);
#1051=ORIENTED_EDGE('',*,*,#733,.T.);
#1052=ORIENTED_EDGE('',*,*,#732,.F.);
#1053=ORIENTED_EDGE('',*,*,#734,.T.);
#1054=ORIENTED_EDGE('',*,*,#641,.T.);
#1055=ORIENTED_EDGE('',*,*,#585,.F.);
#1056=ORIENTED_EDGE('',*,*,#574,.F.);
#1057=ORIENTED_EDGE('',*,*,#568,.T.);
#1058=ORIENTED_EDGE('',*,*,#649,.F.);
#1059=ORIENTED_EDGE('',*,*,#642,.T.);
#1060=ORIENTED_EDGE('',*,*,#734,.F.);
#1061=ORIENTED_EDGE('',*,*,#648,.F.);
#1062=ORIENTED_EDGE('',*,*,#650,.F.);
#1063=ORIENTED_EDGE('',*,*,#719,.T.);
#1064=ORIENTED_EDGE('',*,*,#717,.T.);
#1065=ORIENTED_EDGE('',*,*,#715,.T.);
#1066=ORIENTED_EDGE('',*,*,#721,.T.);
#1067=ORIENTED_EDGE('',*,*,#731,.F.);
#1068=ORIENTED_EDGE('',*,*,#733,.F.);
#1069=CYLINDRICAL_SURFACE('',#1171,5.5);
#1070=CYLINDRICAL_SURFACE('',#1179,5.5);
#1071=CYLINDRICAL_SURFACE('',#1189,5.5);
#1072=CYLINDRICAL_SURFACE('',#1194,2.5000000372529);
#1073=CYLINDRICAL_SURFACE('',#1198,1.5);
#1074=CYLINDRICAL_SURFACE('',#1201,1.5);
#1075=CYLINDRICAL_SURFACE('',#1212,6.);
#1076=CYLINDRICAL_SURFACE('',#1215,6.);
#1077=CYLINDRICAL_SURFACE('',#1227,6.);
#1078=CYLINDRICAL_SURFACE('',#1229,6.);
#1079=CYLINDRICAL_SURFACE('',#1230,1.);
#1080=CYLINDRICAL_SURFACE('',#1233,1.);
#1081=CYLINDRICAL_SURFACE('',#1236,1.);
#1082=CYLINDRICAL_SURFACE('',#1239,1.);
#1083=CYLINDRICAL_SURFACE('',#1241,2.2);
#1084=CYLINDRICAL_SURFACE('',#1245,2.2);
#1085=CYLINDRICAL_SURFACE('',#1249,1.35);
#1086=CYLINDRICAL_SURFACE('',#1251,1.375);
#1087=CYLINDRICAL_SURFACE('',#1255,2.8000000372529);
#1088=CYLINDRICAL_SURFACE('',#1258,2.8);
#1089=CYLINDRICAL_SURFACE('',#1265,1.50000002235174);
#1090=CYLINDRICAL_SURFACE('',#1268,1.50000002235174);
#1091=CYLINDRICAL_SURFACE('',#1277,2.5000000372529);
#1092=CYLINDRICAL_SURFACE('',#1281,1.55);
#1093=CYLINDRICAL_SURFACE('',#1283,1.55);
#1094=CYLINDRICAL_SURFACE('',#1285,21.7500003241003);
#1095=ADVANCED_FACE('',(#65),#1069,.F.);
#1096=ADVANCED_FACE('',(#66),#36,.T.);
#1097=ADVANCED_FACE('',(#67),#1070,.F.);
#1098=ADVANCED_FACE('',(#68,#25),#37,.T.);
#1099=ADVANCED_FACE('',(#69),#1071,.F.);
#1100=ADVANCED_FACE('',(#70),#1072,.T.);
#1101=ADVANCED_FACE('',(#71),#38,.T.);
#1102=ADVANCED_FACE('',(#72),#1073,.F.);
#1103=ADVANCED_FACE('',(#73),#1074,.F.);
#1104=ADVANCED_FACE('',(#74),#23,.F.);
#1105=ADVANCED_FACE('',(#75),#19,.T.);
#1106=ADVANCED_FACE('',(#76),#20,.T.);
#1107=ADVANCED_FACE('',(#77),#24,.F.);
#1108=ADVANCED_FACE('',(#78),#21,.T.);
#1109=ADVANCED_FACE('',(#79),#22,.T.);
#1110=ADVANCED_FACE('',(#80),#1075,.T.);
#1111=ADVANCED_FACE('',(#81),#39,.T.);
#1112=ADVANCED_FACE('',(#82),#1076,.T.);
#1113=ADVANCED_FACE('',(#83),#40,.T.);
#1114=ADVANCED_FACE('',(#84,#26),#41,.T.);
#1115=ADVANCED_FACE('',(#85),#1077,.T.);
#1116=ADVANCED_FACE('',(#86),#42,.T.);
#1117=ADVANCED_FACE('',(#87),#1078,.T.);
#1118=ADVANCED_FACE('',(#88),#1079,.T.);
#1119=ADVANCED_FACE('',(#89),#43,.F.);
#1120=ADVANCED_FACE('',(#90),#1080,.T.);
#1121=ADVANCED_FACE('',(#91),#44,.F.);
#1122=ADVANCED_FACE('',(#92),#1081,.T.);
#1123=ADVANCED_FACE('',(#93),#45,.F.);
#1124=ADVANCED_FACE('',(#94),#1082,.T.);
#1125=ADVANCED_FACE('',(#95),#1083,.T.);
#1126=ADVANCED_FACE('',(#96,#27),#46,.F.);
#1127=ADVANCED_FACE('',(#97),#1084,.T.);
#1128=ADVANCED_FACE('',(#98,#28),#47,.F.);
#1129=ADVANCED_FACE('',(#99),#1085,.F.);
#1130=ADVANCED_FACE('',(#100),#1086,.F.);
#1131=ADVANCED_FACE('',(#101,#29),#48,.T.);
#1132=ADVANCED_FACE('',(#102),#1087,.F.);
#1133=ADVANCED_FACE('',(#103),#49,.F.);
#1134=ADVANCED_FACE('',(#104),#50,.F.);
#1135=ADVANCED_FACE('',(#105),#1088,.F.);
#1136=ADVANCED_FACE('',(#106),#51,.F.);
#1137=ADVANCED_FACE('',(#107),#52,.F.);
#1138=ADVANCED_FACE('',(#108),#53,.F.);
#1139=ADVANCED_FACE('',(#109,#30),#54,.T.);
#1140=ADVANCED_FACE('',(#110),#55,.F.);
#1141=ADVANCED_FACE('',(#111),#1089,.F.);
#1142=ADVANCED_FACE('',(#112),#56,.F.);
#1143=ADVANCED_FACE('',(#113),#1090,.F.);
#1144=ADVANCED_FACE('',(#114),#57,.T.);
#1145=ADVANCED_FACE('',(#115),#58,.T.);
#1146=ADVANCED_FACE('',(#116),#59,.T.);
#1147=ADVANCED_FACE('',(#117,#31),#60,.T.);
#1148=ADVANCED_FACE('',(#118),#61,.T.);
#1149=ADVANCED_FACE('',(#119),#62,.T.);
#1150=ADVANCED_FACE('',(#120),#1091,.T.);
#1151=ADVANCED_FACE('',(#121,#32),#63,.T.);
#1152=ADVANCED_FACE('',(#122),#1092,.F.);
#1153=ADVANCED_FACE('',(#123),#1093,.F.);
#1154=ADVANCED_FACE('',(#124),#1094,.T.);
#1155=ADVANCED_FACE('',(#125,#33,#34,#35),#64,.F.);
#1156=CLOSED_SHELL('',(#1095,#1096,#1097,#1098,#1099,#1100,#1101,#1102,
#1103,#1104,#1105,#1106,#1107,#1108,#1109,#1110,#1111,#1112,#1113,#1114,
#1115,#1116,#1117,#1118,#1119,#1120,#1121,#1122,#1123,#1124,#1125,#1126,
#1127,#1128,#1129,#1130,#1131,#1132,#1133,#1134,#1135,#1136,#1137,#1138,
#1139,#1140,#1141,#1142,#1143,#1144,#1145,#1146,#1147,#1148,#1149,#1150,
#1151,#1152,#1153,#1154,#1155));
#1157=DERIVED_UNIT_ELEMENT(#1159,1.);
#1158=DERIVED_UNIT_ELEMENT(#2262,-3.);
#1159=(
MASS_UNIT()
NAMED_UNIT(*)
SI_UNIT(.KILO.,.GRAM.)
);
#1160=DERIVED_UNIT((#1157,#1158));
#1161=MEASURE_REPRESENTATION_ITEM('density measure',
POSITIVE_RATIO_MEASURE(1430.),#1160);
#1162=PROPERTY_DEFINITION_REPRESENTATION(#1167,#1164);
#1163=PROPERTY_DEFINITION_REPRESENTATION(#1168,#1165);
#1164=REPRESENTATION('material name',(#1166),#2259);
#1165=REPRESENTATION('density',(#1161),#2259);
#1166=DESCRIPTIVE_REPRESENTATION_ITEM('CFK','CFK');
#1167=PROPERTY_DEFINITION('material property','material name',#2274);
#1168=PROPERTY_DEFINITION('material property','density of part',#2274);
#1169=AXIS2_PLACEMENT_3D('',#1625,#1289,#1290);
#1170=AXIS2_PLACEMENT_3D('',#1626,#1291,#1292);
#1171=AXIS2_PLACEMENT_3D('',#1627,#1293,#1294);
#1172=AXIS2_PLACEMENT_3D('',#1650,#1296,#1297);
#1173=AXIS2_PLACEMENT_3D('',#1653,#1299,#1300);
#1174=AXIS2_PLACEMENT_3D('',#1654,#1301,#1302);
#1175=AXIS2_PLACEMENT_3D('',#1656,#1303,#1304);
#1176=AXIS2_PLACEMENT_3D('',#1660,#1306,#1307);
#1177=AXIS2_PLACEMENT_3D('',#1664,#1309,#1310);
#1178=AXIS2_PLACEMENT_3D('',#1667,#1312,#1313);
#1179=AXIS2_PLACEMENT_3D('',#1668,#1314,#1315);
#1180=AXIS2_PLACEMENT_3D('',#1671,#1316,#1317);
#1181=AXIS2_PLACEMENT_3D('',#1675,#1319,#1320);
#1182=AXIS2_PLACEMENT_3D('',#1692,#1321,#1322);
#1183=AXIS2_PLACEMENT_3D('',#1701,#1327,#1328);
#1184=AXIS2_PLACEMENT_3D('',#1705,#1330,#1331);
#1185=AXIS2_PLACEMENT_3D('',#1709,#1333,#1334);
#1186=AXIS2_PLACEMENT_3D('',#1713,#1336,#1337);
#1187=AXIS2_PLACEMENT_3D('',#1717,#1339,#1340);
#1188=AXIS2_PLACEMENT_3D('',#1725,#1344,#1345);
#1189=AXIS2_PLACEMENT_3D('',#1731,#1349,#1350);
#1190=AXIS2_PLACEMENT_3D('',#1733,#1351,#1352);
#1191=AXIS2_PLACEMENT_3D('',#1754,#1353,#1354);
#1192=AXIS2_PLACEMENT_3D('',#1764,#1355,#1356);
#1193=AXIS2_PLACEMENT_3D('',#1766,#1357,#1358);
#1194=AXIS2_PLACEMENT_3D('',#1775,#1359,#1360);
#1195=AXIS2_PLACEMENT_3D('',#1779,#1362,#1363);
#1196=AXIS2_PLACEMENT_3D('',#1781,#1365,#1366);
#1197=AXIS2_PLACEMENT_3D('',#1783,#1367,#1368);
#1198=AXIS2_PLACEMENT_3D('',#1785,#1370,#1371);
#1199=AXIS2_PLACEMENT_3D('',#1787,#1372,#1373);
#1200=AXIS2_PLACEMENT_3D('',#1789,#1374,#1375);
#1201=AXIS2_PLACEMENT_3D('',#1791,#1377,#1378);
#1202=AXIS2_PLACEMENT_3D('',#1793,#1379,#1380);
#1203=AXIS2_PLACEMENT_3D('',#1795,#1382,#1383);
#1204=AXIS2_PLACEMENT_3D('',#1797,#1384,#1385);
#1205=AXIS2_PLACEMENT_3D('',#1799,#1386,#1387);
#1206=AXIS2_PLACEMENT_3D('',#1800,#1388,#1389);
#1207=AXIS2_PLACEMENT_3D('',#1924,#1392,#1393);
#1208=AXIS2_PLACEMENT_3D('',#1926,#1394,#1395);
#1209=AXIS2_PLACEMENT_3D('',#1928,#1396,#1397);
#1210=AXIS2_PLACEMENT_3D('',#1930,#1398,#1399);
#1211=AXIS2_PLACEMENT_3D('',#1931,#1400,#1401);
#1212=AXIS2_PLACEMENT_3D('',#2055,#1404,#1405);
#1213=AXIS2_PLACEMENT_3D('',#2058,#1406,#1407);
#1214=AXIS2_PLACEMENT_3D('',#2061,#1410,#1411);
#1215=AXIS2_PLACEMENT_3D('',#2067,#1415,#1416);
#1216=AXIS2_PLACEMENT_3D('',#2071,#1418,#1419);
#1217=AXIS2_PLACEMENT_3D('',#2073,#1421,#1422);
#1218=AXIS2_PLACEMENT_3D('',#2079,#1426,#1427);
#1219=AXIS2_PLACEMENT_3D('',#2084,#1430,#1431);
#1220=AXIS2_PLACEMENT_3D('',#2088,#1433,#1434);
#1221=AXIS2_PLACEMENT_3D('',#2092,#1436,#1437);
#1222=AXIS2_PLACEMENT_3D('',#2096,#1439,#1440);
#1223=AXIS2_PLACEMENT_3D('',#2100,#1442,#1443);
#1224=AXIS2_PLACEMENT_3D('',#2108,#1447,#1448);
#1225=AXIS2_PLACEMENT_3D('',#2112,#1450,#1451);
#1226=AXIS2_PLACEMENT_3D('',#2116,#1453,#1454);
#1227=AXIS2_PLACEMENT_3D('',#2122,#1458,#1459);
#1228=AXIS2_PLACEMENT_3D('',#2125,#1462,#1463);
#1229=AXIS2_PLACEMENT_3D('',#2127,#1465,#1466);
#1230=AXIS2_PLACEMENT_3D('',#2129,#1468,#1469);
#1231=AXIS2_PLACEMENT_3D('',#2133,#1471,#1472);
#1232=AXIS2_PLACEMENT_3D('',#2135,#1474,#1475);
#1233=AXIS2_PLACEMENT_3D('',#2141,#1480,#1481);
#1234=AXIS2_PLACEMENT_3D('',#2144,#1483,#1484);
#1235=AXIS2_PLACEMENT_3D('',#2145,#1485,#1486);
#1236=AXIS2_PLACEMENT_3D('',#2149,#1489,#1490);
#1237=AXIS2_PLACEMENT_3D('',#2153,#1492,#1493);
#1238=AXIS2_PLACEMENT_3D('',#2155,#1495,#1496);
#1239=AXIS2_PLACEMENT_3D('',#2161,#1501,#1502);
#1240=AXIS2_PLACEMENT_3D('',#2164,#1504,#1505);
#1241=AXIS2_PLACEMENT_3D('',#2165,#1506,#1507);
#1242=AXIS2_PLACEMENT_3D('',#2167,#1508,#1509);
#1243=AXIS2_PLACEMENT_3D('',#2169,#1511,#1512);
#1244=AXIS2_PLACEMENT_3D('',#2171,#1513,#1514);
#1245=AXIS2_PLACEMENT_3D('',#2172,#1515,#1516);
#1246=AXIS2_PLACEMENT_3D('',#2174,#1517,#1518);
#1247=AXIS2_PLACEMENT_3D('',#2176,#1520,#1521);
#1248=AXIS2_PLACEMENT_3D('',#2178,#1522,#1523);
#1249=AXIS2_PLACEMENT_3D('',#2179,#1524,#1525);
#1250=AXIS2_PLACEMENT_3D('',#2181,#1526,#1527);
#1251=AXIS2_PLACEMENT_3D('',#2183,#1529,#1530);
#1252=AXIS2_PLACEMENT_3D('',#2185,#1531,#1532);
#1253=AXIS2_PLACEMENT_3D('',#2187,#1534,#1535);
#1254=AXIS2_PLACEMENT_3D('',#2191,#1537,#1538);
#1255=AXIS2_PLACEMENT_3D('',#2193,#1540,#1541);
#1256=AXIS2_PLACEMENT_3D('',#2196,#1544,#1545);
#1257=AXIS2_PLACEMENT_3D('',#2197,#1546,#1547);
#1258=AXIS2_PLACEMENT_3D('',#2198,#1548,#1549);
#1259=AXIS2_PLACEMENT_3D('',#2201,#1551,#1552);
#1260=AXIS2_PLACEMENT_3D('',#2202,#1553,#1554);
#1261=AXIS2_PLACEMENT_3D('',#2204,#1556,#1557);
#1262=AXIS2_PLACEMENT_3D('',#2205,#1558,#1559);
#1263=AXIS2_PLACEMENT_3D('',#2206,#1560,#1561);
#1264=AXIS2_PLACEMENT_3D('',#2207,#1562,#1563);
#1265=AXIS2_PLACEMENT_3D('',#2213,#1567,#1568);
#1266=AXIS2_PLACEMENT_3D('',#2215,#1569,#1570);
#1267=AXIS2_PLACEMENT_3D('',#2217,#1572,#1573);
#1268=AXIS2_PLACEMENT_3D('',#2221,#1576,#1577);
#1269=AXIS2_PLACEMENT_3D('',#2222,#1578,#1579);
#1270=AXIS2_PLACEMENT_3D('',#2223,#1580,#1581);
#1271=AXIS2_PLACEMENT_3D('',#2224,#1582,#1583);
#1272=AXIS2_PLACEMENT_3D('',#2225,#1584,#1585);
#1273=AXIS2_PLACEMENT_3D('',#2227,#1587,#1588);
#1274=AXIS2_PLACEMENT_3D('',#2229,#1589,#1590);
#1275=AXIS2_PLACEMENT_3D('',#2230,#1591,#1592);
#1276=AXIS2_PLACEMENT_3D('',#2234,#1595,#1596);
#1277=AXIS2_PLACEMENT_3D('',#2238,#1599,#1600);
#1278=AXIS2_PLACEMENT_3D('',#2239,#1601,#1602);
#1279=AXIS2_PLACEMENT_3D('',#2240,#1603,#1604);
#1280=AXIS2_PLACEMENT_3D('',#2242,#1605,#1606);
#1281=AXIS2_PLACEMENT_3D('',#2243,#1607,#1608);
#1282=AXIS2_PLACEMENT_3D('',#2246,#1610,#1611);
#1283=AXIS2_PLACEMENT_3D('',#2247,#1612,#1613);
#1284=AXIS2_PLACEMENT_3D('',#2250,#1615,#1616);
#1285=AXIS2_PLACEMENT_3D('',#2251,#1617,#1618);
#1286=AXIS2_PLACEMENT_3D('',#2252,#1619,#1620);
#1287=AXIS2_PLACEMENT_3D('',#2253,#1621,#1622);
#1288=AXIS2_PLACEMENT_3D('',#2254,#1623,#1624);
#1289=DIRECTION('axis',(0.,0.,1.));
#1290=DIRECTION('refdir',(1.,0.,0.));
#1291=DIRECTION('axis',(0.,0.,1.));
#1292=DIRECTION('refdir',(1.,0.,0.));
#1293=DIRECTION('center_axis',(-1.,0.,0.));
#1294=DIRECTION('ref_axis',(0.,0.707106781186548,0.707106781186547));
#1295=DIRECTION('',(1.,0.,0.));
#1296=DIRECTION('center_axis',(-1.,0.,0.));
#1297=DIRECTION('ref_axis',(0.,0.707106781186548,0.707106781186547));
#1298=DIRECTION('',(-1.,0.,0.));
#1299=DIRECTION('center_axis',(-1.,0.,0.));
#1300=DIRECTION('ref_axis',(0.,0.707106781186548,0.707106781186547));
#1301=DIRECTION('center_axis',(0.,-1.,0.));
#1302=DIRECTION('ref_axis',(1.,0.,0.));
#1303=DIRECTION('center_axis',(0.,-1.,0.));
#1304=DIRECTION('ref_axis',(-0.689655172413793,0.,-0.724137931034483));
#1305=DIRECTION('',(1.,0.,0.));
#1306=DIRECTION('center_axis',(0.,1.,0.));
#1307=DIRECTION('ref_axis',(1.,0.,0.));
#1308=DIRECTION('',(1.,0.,0.));
#1309=DIRECTION('center_axis',(0.,1.,0.));
#1310=DIRECTION('ref_axis',(-1.,0.,0.));
#1311=DIRECTION('',(1.,0.,0.));
#1312=DIRECTION('center_axis',(0.,1.,0.));
#1313=DIRECTION('ref_axis',(1.,0.,0.));
#1314=DIRECTION('center_axis',(-1.,0.,0.));
#1315=DIRECTION('ref_axis',(0.,0.707106781186548,0.707106781186547));
#1316=DIRECTION('center_axis',(1.,0.,0.));
#1317=DIRECTION('ref_axis',(0.,0.707106781186548,0.707106781186547));
#1318=DIRECTION('',(-1.,0.,0.));
#1319=DIRECTION('center_axis',(1.,0.,0.));
#1320=DIRECTION('ref_axis',(0.,0.707106781186548,0.707106781186547));
#1321=DIRECTION('center_axis',(0.,0.,-1.));
#1322=DIRECTION('ref_axis',(1.,0.,0.));
#1323=DIRECTION('',(-1.,0.,0.));
#1324=DIRECTION('',(-1.,0.,0.));
#1325=DIRECTION('',(-1.,0.,0.));
#1326=DIRECTION('',(0.,-1.,0.));
#1327=DIRECTION('center_axis',(0.,0.,1.));
#1328=DIRECTION('ref_axis',(0.923879532511287,-0.38268343236509,0.));
#1329=DIRECTION('',(0.707106781186547,0.707106781186548,0.));
#1330=DIRECTION('center_axis',(0.,0.,1.));
#1331=DIRECTION('ref_axis',(0.38268343236509,-0.923879532511287,0.));
#1332=DIRECTION('',(1.,0.,0.));
#1333=DIRECTION('center_axis',(0.,0.,1.));
#1334=DIRECTION('ref_axis',(-0.38268343236509,-0.923879532511287,0.));
#1335=DIRECTION('',(0.707106781186547,-0.707106781186548,0.));
#1336=DIRECTION('center_axis',(0.,0.,1.));
#1337=DIRECTION('ref_axis',(-0.923879532511287,-0.38268343236509,0.));
#1338=DIRECTION('',(0.,-1.,0.));
#1339=DIRECTION('center_axis',(0.,0.,-1.));
#1340=DIRECTION('ref_axis',(1.,0.,0.));
#1341=DIRECTION('',(0.,1.,0.));
#1342=DIRECTION('',(-1.,0.,0.));
#1343=DIRECTION('',(0.,-1.,0.));
#1344=DIRECTION('center_axis',(0.,0.,-1.));
#1345=DIRECTION('ref_axis',(-1.,0.,0.));
#1346=DIRECTION('',(0.,-1.,0.));
#1347=DIRECTION('',(1.,0.,0.));
#1348=DIRECTION('',(0.,1.,0.));
#1349=DIRECTION('center_axis',(-1.,0.,0.));
#1350=DIRECTION('ref_axis',(0.,0.707106781186548,0.707106781186547));
#1351=DIRECTION('center_axis',(1.,0.,0.));
#1352=DIRECTION('ref_axis',(0.,0.707106781186548,0.707106781186547));
#1353=DIRECTION('center_axis',(-1.,0.,0.));
#1354=DIRECTION('ref_axis',(0.,0.707106781186548,0.707106781186547));
#1355=DIRECTION('center_axis',(-1.,0.,0.));
#1356=DIRECTION('ref_axis',(0.,0.707106781186548,0.707106781186547));
#1357=DIRECTION('center_axis',(1.,0.,0.));
#1358=DIRECTION('ref_axis',(0.,0.707106781186548,0.707106781186547));
#1359=DIRECTION('center_axis',(0.,-1.,0.));
#1360=DIRECTION('ref_axis',(1.,0.,0.));
#1361=DIRECTION('',(0.,-1.,0.));
#1362=DIRECTION('center_axis',(0.,-1.,0.));
#1363=DIRECTION('ref_axis',(1.,0.,0.));
#1364=DIRECTION('',(0.,-1.,0.));
#1365=DIRECTION('center_axis',(1.,0.,0.));
#1366=DIRECTION('ref_axis',(0.,0.,1.));
#1367=DIRECTION('center_axis',(1.,0.,0.));
#1368=DIRECTION('ref_axis',(0.,0.707106781186549,0.707106781186546));
#1369=DIRECTION('',(0.,0.,1.));
#1370=DIRECTION('center_axis',(-1.,0.,0.));
#1371=DIRECTION('ref_axis',(0.,0.707106781186549,0.707106781186546));
#1372=DIRECTION('center_axis',(1.,0.,0.));
#1373=DIRECTION('ref_axis',(0.,0.707106781186549,0.707106781186546));
#1374=DIRECTION('center_axis',(-1.,0.,0.));
#1375=DIRECTION('ref_axis',(0.,0.707106781186549,0.707106781186546));
#1376=DIRECTION('',(1.,0.,0.));
#1377=DIRECTION('center_axis',(-1.,0.,0.));
#1378=DIRECTION('ref_axis',(0.,0.707106781186549,0.707106781186546));
#1379=DIRECTION('center_axis',(-1.,0.,0.));
#1380=DIRECTION('ref_axis',(0.,0.707106781186549,0.707106781186546));
#1381=DIRECTION('',(1.,0.,0.));
#1382=DIRECTION('center_axis',(0.,0.,1.));
#1383=DIRECTION('ref_axis',(1.,0.,0.));
#1384=DIRECTION('center_axis',(-0.804025663818569,0.594594594594594,0.));
#1385=DIRECTION('ref_axis',(0.,0.,1.));
#1386=DIRECTION('center_axis',(0.,0.,1.));
#1387=DIRECTION('ref_axis',(1.,0.,0.));
#1388=DIRECTION('center_axis',(-0.804025663818569,-0.594594594594594,0.));
#1389=DIRECTION('ref_axis',(0.594594594594594,-0.804025663818569,0.));
#1390=DIRECTION('',(0.,1.,0.));
#1391=DIRECTION('',(0.,1.,0.));
#1392=DIRECTION('center_axis',(0.,0.,1.));
#1393=DIRECTION('ref_axis',(-1.,0.,0.));
#1394=DIRECTION('center_axis',(0.804025663818569,-0.594594594594594,0.));
#1395=DIRECTION('ref_axis',(0.,0.,1.));
#1396=DIRECTION('center_axis',(0.,0.,1.));
#1397=DIRECTION('ref_axis',(-1.,0.,0.));
#1398=DIRECTION('center_axis',(0.,0.,1.));
#1399=DIRECTION('ref_axis',(-1.,0.,0.));
#1400=DIRECTION('center_axis',(0.804025663818569,0.594594594594594,0.));
#1401=DIRECTION('ref_axis',(-0.594594594594594,0.804025663818569,0.));
#1402=DIRECTION('',(0.,-1.,0.));
#1403=DIRECTION('',(0.,-1.,0.));
#1404=DIRECTION('center_axis',(0.,0.,1.));
#1405=DIRECTION('ref_axis',(0.923879532511287,-0.38268343236509,0.));
#1406=DIRECTION('center_axis',(0.,0.,-1.));
#1407=DIRECTION('ref_axis',(0.923879532511287,-0.38268343236509,0.));
#1408=DIRECTION('',(0.,0.,-1.));
#1409=DIRECTION('',(0.,0.,1.));
#1410=DIRECTION('center_axis',(1.,0.,0.));
#1411=DIRECTION('ref_axis',(0.,0.,1.));
#1412=DIRECTION('',(0.,-1.,0.));
#1413=DIRECTION('',(0.,0.,-1.));
#1414=DIRECTION('',(0.,-1.,0.));
#1415=DIRECTION('center_axis',(0.,0.,-1.));
#1416=DIRECTION('ref_axis',(-0.923879532511287,-0.38268343236509,0.));
#1417=DIRECTION('',(0.,0.,1.));
#1418=DIRECTION('center_axis',(0.,0.,-1.));
#1419=DIRECTION('ref_axis',(-0.923879532511287,-0.38268343236509,0.));
#1420=DIRECTION('',(0.,0.,-1.));
#1421=DIRECTION('center_axis',(-1.,0.,0.));
#1422=DIRECTION('ref_axis',(0.,0.,-1.));
#1423=DIRECTION('',(0.,-1.,0.));
#1424=DIRECTION('',(0.,0.,-1.));
#1425=DIRECTION('',(0.,-1.,0.));
#1426=DIRECTION('center_axis',(0.,0.,1.));
#1427=DIRECTION('ref_axis',(-1.,0.,0.));
#1428=DIRECTION('',(-1.,0.,0.));
#1429=DIRECTION('',(-0.707106781186547,0.707106781186548,0.));
#1430=DIRECTION('center_axis',(0.,0.,-1.));
#1431=DIRECTION('ref_axis',(-0.38268343236509,-0.923879532511287,0.));
#1432=DIRECTION('',(-1.,0.,0.));
#1433=DIRECTION('center_axis',(0.,0.,-1.));
#1434=DIRECTION('ref_axis',(0.38268343236509,-0.923879532511287,0.));
#1435=DIRECTION('',(-0.707106781186547,-0.707106781186548,0.));
#1436=DIRECTION('center_axis',(0.,0.,-1.));
#1437=DIRECTION('ref_axis',(0.707106787173313,0.707106775199782,0.));
#1438=DIRECTION('',(-1.,1.69331357016941E-8,0.));
#1439=DIRECTION('center_axis',(0.,0.,-1.));
#1440=DIRECTION('ref_axis',(0.,1.,0.));
#1441=DIRECTION('',(1.,0.,0.));
#1442=DIRECTION('center_axis',(0.,0.,-1.));
#1443=DIRECTION('ref_axis',(0.707106781186549,-0.707106781186546,0.));
#1444=DIRECTION('',(0.,1.,0.));
#1445=DIRECTION('',(1.,0.,0.));
#1446=DIRECTION('',(0.,-1.,0.));
#1447=DIRECTION('center_axis',(0.,0.,-1.));
#1448=DIRECTION('ref_axis',(-0.707106775199777,-0.707106787173318,0.));
#1449=DIRECTION('',(1.,1.69331397388688E-8,0.));
#1450=DIRECTION('center_axis',(0.,0.,-1.));
#1451=DIRECTION('ref_axis',(0.,-1.,0.));
#1452=DIRECTION('',(-1.,0.,0.));
#1453=DIRECTION('center_axis',(0.,0.,-1.));
#1454=DIRECTION('ref_axis',(-0.707106781186549,0.707106781186546,0.));
#1455=DIRECTION('',(0.,-1.,0.));
#1456=DIRECTION('',(-1.,0.,0.));
#1457=DIRECTION('',(0.,1.,0.));
#1458=DIRECTION('center_axis',(0.,0.,-1.));
#1459=DIRECTION('ref_axis',(0.38268343236509,-0.923879532511287,0.));
#1460=DIRECTION('',(0.,0.,1.));
#1461=DIRECTION('',(0.,0.,-1.));
#1462=DIRECTION('center_axis',(0.,-1.,0.));
#1463=DIRECTION('ref_axis',(0.,0.,-1.));
#1464=DIRECTION('',(0.,0.,1.));
#1465=DIRECTION('center_axis',(0.,0.,1.));
#1466=DIRECTION('ref_axis',(-0.38268343236509,-0.923879532511287,0.));
#1467=DIRECTION('',(0.,0.,-1.));
#1468=DIRECTION('center_axis',(0.,0.,-1.));
#1469=DIRECTION('ref_axis',(0.707106787173313,0.707106775199782,0.));
#1470=DIRECTION('',(0.,0.,-1.));
#1471=DIRECTION('center_axis',(0.,0.,-1.));
#1472=DIRECTION('ref_axis',(0.707106787173313,0.707106775199782,0.));
#1473=DIRECTION('',(0.,0.,1.));
#1474=DIRECTION('center_axis',(-1.,0.,0.));
#1475=DIRECTION('ref_axis',(0.,1.,0.));
#1476=DIRECTION('',(0.,1.,0.));
#1477=DIRECTION('',(0.,0.,-1.));
#1478=DIRECTION('',(0.,0.,-1.));
#1479=DIRECTION('',(0.,0.,1.));
#1480=DIRECTION('center_axis',(0.,0.,-1.));
#1481=DIRECTION('ref_axis',(0.707106781186549,-0.707106781186546,0.));
#1482=DIRECTION('',(0.,0.,-1.));
#1483=DIRECTION('center_axis',(0.,0.,-1.));
#1484=DIRECTION('ref_axis',(0.707106781186549,-0.707106781186546,0.));
#1485=DIRECTION('center_axis',(0.,1.,0.));
#1486=DIRECTION('ref_axis',(1.,0.,0.));
#1487=DIRECTION('',(0.,0.,-1.));
#1488=DIRECTION('',(1.,0.,0.));
#1489=DIRECTION('center_axis',(0.,0.,-1.));
#1490=DIRECTION('ref_axis',(-0.707106775199777,-0.707106787173318,0.));
#1491=DIRECTION('',(0.,0.,-1.));
#1492=DIRECTION('center_axis',(0.,0.,-1.));
#1493=DIRECTION('ref_axis',(-0.707106775199777,-0.707106787173318,0.));
#1494=DIRECTION('',(0.,0.,1.));
#1495=DIRECTION('center_axis',(1.,0.,0.));
#1496=DIRECTION('ref_axis',(0.,-1.,0.));
#1497=DIRECTION('',(0.,-1.,0.));
#1498=DIRECTION('',(0.,0.,-1.));
#1499=DIRECTION('',(0.,0.,-1.));
#1500=DIRECTION('',(0.,0.,1.));
#1501=DIRECTION('center_axis',(0.,0.,-1.));
#1502=DIRECTION('ref_axis',(-0.707106781186549,0.707106781186546,0.));
#1503=DIRECTION('',(0.,0.,-1.));
#1504=DIRECTION('center_axis',(0.,0.,-1.));
#1505=DIRECTION('ref_axis',(-0.707106781186549,0.707106781186546,0.));
#1506=DIRECTION('center_axis',(0.,0.,-1.));
#1507=DIRECTION('ref_axis',(1.,0.,0.));
#1508=DIRECTION('center_axis',(0.,0.,-1.));
#1509=DIRECTION('ref_axis',(1.,0.,0.));
#1510=DIRECTION('',(0.,0.,1.));
#1511=DIRECTION('center_axis',(0.,0.,1.));
#1512=DIRECTION('ref_axis',(1.,0.,0.));
#1513=DIRECTION('center_axis',(0.,0.,1.));
#1514=DIRECTION('ref_axis',(1.,0.,0.));
#1515=DIRECTION('center_axis',(0.,0.,-1.));
#1516=DIRECTION('ref_axis',(1.,0.,0.));
#1517=DIRECTION('center_axis',(0.,0.,-1.));
#1518=DIRECTION('ref_axis',(1.,0.,0.));
#1519=DIRECTION('',(0.,0.,1.));
#1520=DIRECTION('center_axis',(0.,0.,1.));
#1521=DIRECTION('ref_axis',(1.,0.,0.));
#1522=DIRECTION('center_axis',(0.,0.,1.));
#1523=DIRECTION('ref_axis',(1.,0.,0.));
#1524=DIRECTION('center_axis',(0.,0.,-1.));
#1525=DIRECTION('ref_axis',(1.,0.,0.));
#1526=DIRECTION('center_axis',(0.,0.,-1.));
#1527=DIRECTION('ref_axis',(1.,0.,0.));
#1528=DIRECTION('',(0.,0.,-1.));
#1529=DIRECTION('center_axis',(0.,0.,-1.));
#1530=DIRECTION('ref_axis',(1.,0.,0.));
#1531=DIRECTION('center_axis',(0.,0.,-1.));
#1532=DIRECTION('ref_axis',(1.,0.,0.));
#1533=DIRECTION('',(0.,0.,-1.));
#1534=DIRECTION('center_axis',(0.,0.,1.));
#1535=DIRECTION('ref_axis',(1.,0.,0.));
#1536=DIRECTION('',(-1.,0.,0.));
#1537=DIRECTION('center_axis',(0.,0.,-1.));
#1538=DIRECTION('ref_axis',(0.,-1.,0.));
#1539=DIRECTION('',(1.,1.69331397388688E-8,0.));
#1540=DIRECTION('center_axis',(0.,0.,-1.));
#1541=DIRECTION('ref_axis',(0.,-1.,0.));
#1542=DIRECTION('',(0.,0.,-1.));
#1543=DIRECTION('',(0.,0.,-1.));
#1544=DIRECTION('center_axis',(-1.69331397388688E-8,1.,0.));
#1545=DIRECTION('ref_axis',(1.,1.69331397388688E-8,0.));
#1546=DIRECTION('center_axis',(0.,1.,0.));
#1547=DIRECTION('ref_axis',(1.,0.,0.));
#1548=DIRECTION('center_axis',(0.,0.,-1.));
#1549=DIRECTION('ref_axis',(0.,1.,0.));
#1550=DIRECTION('',(0.,0.,-1.));
#1551=DIRECTION('center_axis',(0.,0.,-1.));
#1552=DIRECTION('ref_axis',(0.,1.,0.));
#1553=DIRECTION('center_axis',(-1.69331357016941E-8,-1.,0.));
#1554=DIRECTION('ref_axis',(-1.,1.69331357016941E-8,0.));
#1555=DIRECTION('',(-1.,1.69331357016941E-8,0.));
#1556=DIRECTION('center_axis',(0.,-1.,0.));
#1557=DIRECTION('ref_axis',(-1.,0.,0.));
#1558=DIRECTION('center_axis',(0.,-1.,0.));
#1559=DIRECTION('ref_axis',(-1.,0.,0.));
#1560=DIRECTION('center_axis',(0.,0.,1.));
#1561=DIRECTION('ref_axis',(1.,0.,0.));
#1562=DIRECTION('center_axis',(1.,0.,0.));
#1563=DIRECTION('ref_axis',(0.,0.,1.));
#1564=DIRECTION('',(0.,1.,0.));
#1565=DIRECTION('',(0.,0.,1.));
#1566=DIRECTION('',(0.,-1.,0.));
#1567=DIRECTION('center_axis',(0.,-1.,0.));
#1568=DIRECTION('ref_axis',(-1.,0.,0.));
#1569=DIRECTION('center_axis',(0.,-1.,0.));
#1570=DIRECTION('ref_axis',(-1.,0.,0.));
#1571=DIRECTION('',(0.,1.,0.));
#1572=DIRECTION('center_axis',(-1.,0.,0.));
#1573=DIRECTION('ref_axis',(0.,0.,-1.));
#1574=DIRECTION('',(0.,0.,-1.));
#1575=DIRECTION('',(0.,1.,0.));
#1576=DIRECTION('center_axis',(0.,-1.,0.));
#1577=DIRECTION('ref_axis',(1.,0.,0.));
#1578=DIRECTION('center_axis',(0.,-1.,0.));
#1579=DIRECTION('ref_axis',(1.,0.,0.));
#1580=DIRECTION('center_axis',(0.707106781186548,-0.707106781186547,0.));
#1581=DIRECTION('ref_axis',(0.,0.,-1.));
#1582=DIRECTION('center_axis',(-0.707106781186548,-0.707106781186547,0.));
#1583=DIRECTION('ref_axis',(0.,0.,1.));
#1584=DIRECTION('center_axis',(-1.,0.,0.));
#1585=DIRECTION('ref_axis',(0.,0.,-1.));
#1586=DIRECTION('',(0.,0.,-1.));
#1587=DIRECTION('center_axis',(0.,-1.,0.));
#1588=DIRECTION('ref_axis',(1.,0.,0.));
#1589=DIRECTION('center_axis',(0.,1.,0.));
#1590=DIRECTION('ref_axis',(1.,0.,0.));
#1591=DIRECTION('center_axis',(-1.,0.,0.));
#1592=DIRECTION('ref_axis',(0.,0.,-1.));
#1593=DIRECTION('',(0.,-1.,0.));
#1594=DIRECTION('',(0.,0.,-1.));
#1595=DIRECTION('center_axis',(1.,0.,0.));
#1596=DIRECTION('ref_axis',(0.,0.,1.));
#1597=DIRECTION('',(0.,0.,1.));
#1598=DIRECTION('',(0.,-1.,0.));
#1599=DIRECTION('center_axis',(0.,-1.,0.));
#1600=DIRECTION('ref_axis',(1.,0.,0.));
#1601=DIRECTION('center_axis',(0.,-1.,0.));
#1602=DIRECTION('ref_axis',(1.,0.,0.));
#1603=DIRECTION('center_axis',(0.,-1.,0.));
#1604=DIRECTION('ref_axis',(1.,0.,0.));
#1605=DIRECTION('center_axis',(0.,1.,0.));
#1606=DIRECTION('ref_axis',(1.,0.,0.));
#1607=DIRECTION('center_axis',(0.,-1.,0.));
#1608=DIRECTION('ref_axis',(1.,0.,0.));
#1609=DIRECTION('',(0.,1.,0.));
#1610=DIRECTION('center_axis',(0.,1.,0.));
#1611=DIRECTION('ref_axis',(1.,0.,0.));
#1612=DIRECTION('center_axis',(0.,-1.,0.));
#1613=DIRECTION('ref_axis',(1.,0.,0.));
#1614=DIRECTION('',(0.,1.,0.));
#1615=DIRECTION('center_axis',(0.,1.,0.));
#1616=DIRECTION('ref_axis',(1.,0.,0.));
#1617=DIRECTION('center_axis',(0.,-1.,0.));
#1618=DIRECTION('ref_axis',(-0.689655172413793,0.,-0.724137931034483));
#1619=DIRECTION('center_axis',(0.,-1.,0.));
#1620=DIRECTION('ref_axis',(-0.689655172413793,0.,-0.724137931034483));
#1621=DIRECTION('center_axis',(0.,-1.,0.));
#1622=DIRECTION('ref_axis',(1.,0.,0.));
#1623=DIRECTION('',(0.,0.,1.));
#1624=DIRECTION('',(1.,0.,0.));
#1625=CARTESIAN_POINT('',(0.,0.,0.));
#1626=CARTESIAN_POINT('',(0.,0.,0.));
#1627=CARTESIAN_POINT('Origin',(-7.50000011175871,-9.5,-43.0000005587935));
#1628=CARTESIAN_POINT('',(-11.022704146186,-4.,-43.0000005587935));
#1629=CARTESIAN_POINT('',(-15.0000002209662,-4.89022774394722,-40.0000006009059));
#1630=CARTESIAN_POINT('Ctrl Pts',(-15.0000002195274,-4.89022774463665,-40.0000005998465));
#1631=CARTESIAN_POINT('Ctrl Pts',(-14.8652052845433,-4.80668166928444,-40.1283767283376));
#1632=CARTESIAN_POINT('Ctrl Pts',(-14.7286339288929,-4.73186721425618,-40.255105664182));
#1633=CARTESIAN_POINT('Ctrl Pts',(-13.6682923592217,-4.21155255400852,-41.2145185240209));
#1634=CARTESIAN_POINT('Ctrl Pts',(-12.6358814127702,-4.04630104866033,-42.002037050837));
#1635=CARTESIAN_POINT('Ctrl Pts',(-11.3544465967633,-4.00261903231364,-42.8019831017166));
#1636=CARTESIAN_POINT('Ctrl Pts',(-11.189443988466,-4.,-42.9019779491146));
#1637=CARTESIAN_POINT('Ctrl Pts',(-11.022704146186,-4.,-43.0000005587935));
#1638=CARTESIAN_POINT('',(-7.50000022103389,-4.,-43.0000005587935));
#1639=CARTESIAN_POINT('',(-7.50000011175871,-4.,-43.0000005587935));
#1640=CARTESIAN_POINT('',(-8.50000012665987,-4.37652459666134,-41.0000006109476));
#1641=CARTESIAN_POINT('Ctrl Pts',(-8.50000012665987,-4.37652459666134,-41.0000006109476));
#1642=CARTESIAN_POINT('Ctrl Pts',(-8.50000012665987,-4.25988761290167,-41.2987939774454));
#1643=CARTESIAN_POINT('Ctrl Pts',(-8.44254445627816,-4.16442356780001,-41.6285708928249));
#1644=CARTESIAN_POINT('Ctrl Pts',(-8.19250619052527,-4.04274782563539,-42.2466124280273));
#1645=CARTESIAN_POINT('Ctrl Pts',(-7.99957414972498,-4.01501327437495,-42.5344347987074));
#1646=CARTESIAN_POINT('Ctrl Pts',(-7.69013127261156,-4.00151438567709,-42.8459405003423));
#1647=CARTESIAN_POINT('Ctrl Pts',(-7.59849420808235,-4.,-42.9261300600986));
#1648=CARTESIAN_POINT('Ctrl Pts',(-7.50000022103388,-4.,-43.0000005587935));
#1649=CARTESIAN_POINT('',(-8.50000012665987,-9.5,-37.5000005587935));
#1650=CARTESIAN_POINT('Origin',(-8.50000012665987,-9.5,-43.0000005587935));
#1651=CARTESIAN_POINT('',(-15.0000002235174,-9.5,-37.5000005587935));
#1652=CARTESIAN_POINT('',(-7.50000011175871,-9.5,-37.5000005587935));
#1653=CARTESIAN_POINT('Origin',(-15.0000002235174,-9.5,-43.0000005587935));
#1654=CARTESIAN_POINT('Origin',(0.,-4.,-40.500000603497));
#1655=CARTESIAN_POINT('',(11.022704146186,-4.,-43.0000005587935));
#1656=CARTESIAN_POINT('Origin',(0.,-4.,-24.2500003613532));
#1657=CARTESIAN_POINT('',(7.50000022103389,-4.,-43.0000005587935));
#1658=CARTESIAN_POINT('',(-7.50000011175871,-4.,-43.0000005587935));
#1659=CARTESIAN_POINT('',(4.49999995778005,-4.,-43.0000005587935));
#1660=CARTESIAN_POINT('Origin',(6.00000008940697,-4.,-41.0000006109476));
#1661=CARTESIAN_POINT('',(1.50000002235174,-4.,-43.0000006407499));
#1662=CARTESIAN_POINT('',(-7.50000011175871,-4.,-43.0000005587935));
#1663=CARTESIAN_POINT('',(-1.50000002235174,-4.,-43.0000006407499));
#1664=CARTESIAN_POINT('Origin',(0.,-4.,-43.0000006407499));
#1665=CARTESIAN_POINT('',(-4.49999995778005,-4.,-43.0000005587935));
#1666=CARTESIAN_POINT('',(-7.50000011175871,-4.,-43.0000005587935));
#1667=CARTESIAN_POINT('Origin',(-6.00000008940697,-4.,-41.0000006109476));
#1668=CARTESIAN_POINT('Origin',(-7.50000011175871,-9.5,-43.0000005587935));
#1669=CARTESIAN_POINT('',(15.0000002235174,-9.5,-37.5000005587935));
#1670=CARTESIAN_POINT('',(15.0000002209662,-4.89022774394722,-40.0000006009059));
#1671=CARTESIAN_POINT('Origin',(15.0000002235174,-9.5,-43.0000005587935));
#1672=CARTESIAN_POINT('',(8.50000012665987,-9.5,-37.5000005587935));
#1673=CARTESIAN_POINT('',(-7.50000011175871,-9.5,-37.5000005587935));
#1674=CARTESIAN_POINT('',(8.50000012665987,-4.37652459666134,-41.0000006109476));
#1675=CARTESIAN_POINT('Origin',(8.50000012665987,-9.5,-43.0000005587935));
#1676=CARTESIAN_POINT('Ctrl Pts',(7.50000022103389,-4.,-43.0000005587935));
#1677=CARTESIAN_POINT('Ctrl Pts',(7.59849420808235,-4.,-42.9261300600986));
#1678=CARTESIAN_POINT('Ctrl Pts',(7.69013127261156,-4.00151438567709,-42.8459405003423));
#1679=CARTESIAN_POINT('Ctrl Pts',(7.99957414972498,-4.01501327437495,-42.5344347987074));
#1680=CARTESIAN_POINT('Ctrl Pts',(8.19250619052526,-4.04274782563539,-42.2466124280273));
#1681=CARTESIAN_POINT('Ctrl Pts',(8.44254445627815,-4.16442356780001,-41.628570892825));
#1682=CARTESIAN_POINT('Ctrl Pts',(8.50000012665987,-4.25988761290167,-41.2987939774454));
#1683=CARTESIAN_POINT('Ctrl Pts',(8.50000012665987,-4.37652459666134,-41.0000006109476));
#1684=CARTESIAN_POINT('Ctrl Pts',(11.022704146186,-4.,-43.0000005587935));
#1685=CARTESIAN_POINT('Ctrl Pts',(11.189443988466,-4.,-42.9019779491146));
#1686=CARTESIAN_POINT('Ctrl Pts',(11.3544465967633,-4.00261903231363,-42.8019831017166));
#1687=CARTESIAN_POINT('Ctrl Pts',(12.6358814127702,-4.04630104866032,-42.002037050837));
#1688=CARTESIAN_POINT('Ctrl Pts',(13.6682923592217,-4.21155255400852,-41.2145185240209));
#1689=CARTESIAN_POINT('Ctrl Pts',(14.7286339288929,-4.73186721425618,-40.255105664182));
#1690=CARTESIAN_POINT('Ctrl Pts',(14.8652052845433,-4.80668166928444,-40.1283767283376));
#1691=CARTESIAN_POINT('Ctrl Pts',(15.0000002195274,-4.89022774463666,-40.0000005998465));
#1692=CARTESIAN_POINT('Origin',(-15.0000002235174,-2.,-37.5000005587935));
#1693=CARTESIAN_POINT('',(-3.50000005215406,-9.5,-37.5000005587935));
#1694=CARTESIAN_POINT('',(-10.5000001564622,-9.5,-37.5000005587935));
#1695=CARTESIAN_POINT('',(3.50000005215406,-9.5,-37.5000005587935));
#1696=CARTESIAN_POINT('',(-7.50000011175871,-9.5,-37.5000005587935));
#1697=CARTESIAN_POINT('',(-4.50000006705523,-9.5,-37.5000005587935));
#1698=CARTESIAN_POINT('',(15.0000002235174,-32.5147186257614,-37.5000005587935));
#1699=CARTESIAN_POINT('',(15.0000002235174,-2.,-37.5000005587935));
#1700=CARTESIAN_POINT('',(13.2426409106367,-36.7573593128807,-37.5000005587935));
#1701=CARTESIAN_POINT('Origin',(9.00000022351742,-32.5147186257614,-37.5000005587935));
#1702=CARTESIAN_POINT('',(9.75735953639813,-40.2426406871193,-37.5000005587935));
#1703=CARTESIAN_POINT('',(14.0000001117587,-36.0000001117587,-37.5000005587935));
#1704=CARTESIAN_POINT('',(5.51471884927885,-42.,-37.5000005587935));
#1705=CARTESIAN_POINT('Origin',(5.51471884927885,-36.,-37.5000005587935));
#1706=CARTESIAN_POINT('',(-5.51471884927885,-42.,-37.5000005587935));
#1707=CARTESIAN_POINT('',(15.0000002235174,-42.,-37.5000005587935));
#1708=CARTESIAN_POINT('',(-9.75735953639813,-40.2426406871193,-37.5000005587935));
#1709=CARTESIAN_POINT('Origin',(-5.51471884927885,-36.,-37.5000005587935));
#1710=CARTESIAN_POINT('',(-13.2426409106367,-36.7573593128807,-37.5000005587935));
#1711=CARTESIAN_POINT('',(-21.5000002235174,-28.5,-37.5000005587935));
#1712=CARTESIAN_POINT('',(-15.0000002235174,-32.5147186257614,-37.5000005587935));
#1713=CARTESIAN_POINT('Origin',(-9.00000022351742,-32.5147186257614,-37.5000005587935));
#1714=CARTESIAN_POINT('',(-15.0000002235174,-2.,-37.5000005587935));
#1715=CARTESIAN_POINT('',(8.05,-29.0251055207085,-37.5000005587935));
#1716=CARTESIAN_POINT('',(8.05,-34.9748954329659,-37.5000005587935));
#1717=CARTESIAN_POINT('Origin',(10.25,-32.0000004768372,-37.5000005587935));
#1718=CARTESIAN_POINT('',(8.05,-26.6000004768372,-37.5000005215406));
#1719=CARTESIAN_POINT('',(8.05,-14.3000002384186,-37.5000005587935));
#1720=CARTESIAN_POINT('',(-8.05,-26.6000004768372,-37.5000005215406));
#1721=CARTESIAN_POINT('',(-11.5250001117587,-26.6000004768372,-37.5000005587935));
#1722=CARTESIAN_POINT('',(-8.05,-29.0251055207085,-37.5000005587935));
#1723=CARTESIAN_POINT('',(-8.05,-19.7000002384186,-37.5000005587935));
#1724=CARTESIAN_POINT('',(-8.05,-34.9748954329659,-37.5000005587935));
#1725=CARTESIAN_POINT('Origin',(-10.25,-32.0000004768372,-37.5000005587935));
#1726=CARTESIAN_POINT('',(-8.05,-37.4000004768372,-37.5000005215406));
#1727=CARTESIAN_POINT('',(-8.05,-19.7000002384186,-37.5000005587935));
#1728=CARTESIAN_POINT('',(8.05,-37.4000004768372,-37.5000005215406));
#1729=CARTESIAN_POINT('',(-3.47500011175871,-37.4000004768372,-37.5000005587935));
#1730=CARTESIAN_POINT('',(8.05,-14.3000002384186,-37.5000005587935));
#1731=CARTESIAN_POINT('Origin',(-7.50000011175871,-9.5,-43.0000005587935));
#1732=CARTESIAN_POINT('',(-1.50000002235174,-4.37652459666134,-41.0000006109476));
#1733=CARTESIAN_POINT('Origin',(-1.50000002235174,-9.5,-43.0000005587935));
#1734=CARTESIAN_POINT('',(1.50000002235174,-4.37652459666134,-41.0000006109476));
#1735=CARTESIAN_POINT('Ctrl Pts',(-1.50000002235174,-4.37652459666134,-41.0000006109476));
#1736=CARTESIAN_POINT('Ctrl Pts',(-1.50000002235174,-4.45463578641526,-40.7999002260147));
#1737=CARTESIAN_POINT('Ctrl Pts',(-1.45799085573598,-4.55052660635037,-40.5920091487487));
#1738=CARTESIAN_POINT('Ctrl Pts',(-1.2946289185994,-4.7523878771793,-40.2150609577174));
#1739=CARTESIAN_POINT('Ctrl Pts',(-1.1735329655536,-4.85798775318677,-40.0456942944039));
#1740=CARTESIAN_POINT('Ctrl Pts',(-0.906665389126959,-5.02977026540256,
-39.7925405676043));
#1741=CARTESIAN_POINT('Ctrl Pts',(-0.747112998358279,-5.11027917008024,
-39.6850371098928));
#1742=CARTESIAN_POINT('Ctrl Pts',(-0.389620732542135,-5.22474697424447,
-39.5386650118948));
#1743=CARTESIAN_POINT('Ctrl Pts',(-0.19116755204838,-5.25735928829505,-39.5000005885959));
#1744=CARTESIAN_POINT('Ctrl Pts',(0.,-5.25735928829505,-39.5000005885959));
#1745=CARTESIAN_POINT('Ctrl Pts',(0.19116755204838,-5.25735928829505,-39.5000005885959));
#1746=CARTESIAN_POINT('Ctrl Pts',(0.389620732542135,-5.22474697424447,-39.5386650118948));
#1747=CARTESIAN_POINT('Ctrl Pts',(0.747112998358279,-5.11027917008024,-39.6850371098928));
#1748=CARTESIAN_POINT('Ctrl Pts',(0.906665389126959,-5.02977026540256,-39.7925405676043));
#1749=CARTESIAN_POINT('Ctrl Pts',(1.1735329655536,-4.85798775318677,-40.0456942944039));
#1750=CARTESIAN_POINT('Ctrl Pts',(1.2946289185994,-4.7523878771793,-40.2150609577174));
#1751=CARTESIAN_POINT('Ctrl Pts',(1.45799085573598,-4.55052660635037,-40.5920091487487));
#1752=CARTESIAN_POINT('Ctrl Pts',(1.50000002235174,-4.45463578641526,-40.7999002260147));
#1753=CARTESIAN_POINT('Ctrl Pts',(1.50000002235174,-4.37652459666134,-41.0000006109476));
#1754=CARTESIAN_POINT('Origin',(1.50000002235174,-9.5,-43.0000005587935));
#1755=CARTESIAN_POINT('',(3.50000005215406,-4.37652459666134,-41.0000006109476));
#1756=CARTESIAN_POINT('Ctrl Pts',(3.50000005215406,-4.37652459666134,-41.0000006109476));
#1757=CARTESIAN_POINT('Ctrl Pts',(3.50000005215406,-4.25988761290167,-41.2987939774454));
#1758=CARTESIAN_POINT('Ctrl Pts',(3.55745572253578,-4.16442356780001,-41.6285708928249));
#1759=CARTESIAN_POINT('Ctrl Pts',(3.80749398828866,-4.04274782563539,-42.2466124280273));
#1760=CARTESIAN_POINT('Ctrl Pts',(4.00042602908895,-4.01501327437495,-42.5344347987074));
#1761=CARTESIAN_POINT('Ctrl Pts',(4.30986890620238,-4.00151438567709,-42.8459405003423));
#1762=CARTESIAN_POINT('Ctrl Pts',(4.40150597073158,-4.,-42.9261300600986));
#1763=CARTESIAN_POINT('Ctrl Pts',(4.49999995778005,-4.,-43.0000005587935));
#1764=CARTESIAN_POINT('Origin',(3.50000005215406,-9.5,-43.0000005587935));
#1765=CARTESIAN_POINT('',(-3.50000005215406,-4.37652459666134,-41.0000006109476));
#1766=CARTESIAN_POINT('Origin',(-3.50000005215406,-9.5,-43.0000005587935));
#1767=CARTESIAN_POINT('Ctrl Pts',(-4.49999995778005,-4.,-43.0000005587935));
#1768=CARTESIAN_POINT('Ctrl Pts',(-4.40150597073158,-4.,-42.9261300600986));
#1769=CARTESIAN_POINT('Ctrl Pts',(-4.30986890620238,-4.00151438567709,-42.8459405003423));
#1770=CARTESIAN_POINT('Ctrl Pts',(-4.00042602908895,-4.01501327437495,-42.5344347987074));
#1771=CARTESIAN_POINT('Ctrl Pts',(-3.80749398828867,-4.04274782563539,-42.2466124280273));
#1772=CARTESIAN_POINT('Ctrl Pts',(-3.55745572253578,-4.16442356780001,-41.628570892825));
#1773=CARTESIAN_POINT('Ctrl Pts',(-3.50000005215406,-4.25988761290167,-41.2987939774454));
#1774=CARTESIAN_POINT('Ctrl Pts',(-3.50000005215406,-4.37652459666134,-41.0000006109476));
#1775=CARTESIAN_POINT('Origin',(-6.00000008940697,-2.,-41.0000006109476));
#1776=CARTESIAN_POINT('',(-3.50000005215406,-8.,-41.0000006109476));
#1777=CARTESIAN_POINT('',(-3.50000005215406,-2.,-41.0000006109476));
#1778=CARTESIAN_POINT('',(-8.50000012665987,-8.,-41.0000006109476));
#1779=CARTESIAN_POINT('Origin',(-6.00000008940697,-8.,-41.0000006109476));
#1780=CARTESIAN_POINT('',(-8.50000012665987,-2.,-41.0000006109476));
#1781=CARTESIAN_POINT('Origin',(-3.50000005215406,-2.,-41.0000006109476));
#1782=CARTESIAN_POINT('',(-3.50000005215406,-8.,-39.0000005587935));
#1783=CARTESIAN_POINT('Origin',(-3.50000005215406,-9.5,-39.0000005587935));
#1784=CARTESIAN_POINT('',(-3.50000005215406,-8.,-41.0000006109476));
#1785=CARTESIAN_POINT('Origin',(-4.50000006705523,-9.5,-39.0000005587935));
#1786=CARTESIAN_POINT('',(8.50000012665987,-8.,-39.0000005587935));
#1787=CARTESIAN_POINT('Origin',(8.50000012665987,-9.5,-39.0000005587935));
#1788=CARTESIAN_POINT('',(3.50000005215406,-8.,-39.0000005587935));
#1789=CARTESIAN_POINT('Origin',(3.50000005215406,-9.5,-39.0000005587935));
#1790=CARTESIAN_POINT('',(-4.50000006705523,-8.,-39.0000005587935));
#1791=CARTESIAN_POINT('Origin',(-10.5000001564622,-9.5,-39.0000005587935));
#1792=CARTESIAN_POINT('',(-8.50000012665987,-8.,-39.0000005587935));
#1793=CARTESIAN_POINT('Origin',(-8.50000012665987,-9.5,-39.0000005587935));
#1794=CARTESIAN_POINT('',(-10.5000001564622,-8.,-39.0000005587935));
#1795=CARTESIAN_POINT('Origin',(10.25,-32.0000004768372,-39.0000005587935));
#1796=CARTESIAN_POINT('',(8.94189189189189,-33.768856937238,-39.0000005587935));
#1797=CARTESIAN_POINT('Origin',(8.05,-34.9748954329659,-39.0000005587935));
#1798=CARTESIAN_POINT('',(8.94189189189189,-30.2311440164363,-39.0000005587935));
#1799=CARTESIAN_POINT('Origin',(10.25,-32.0000004768372,-39.0000005587935));
#1800=CARTESIAN_POINT('Origin',(8.05,-29.0251055207085,-39.0000005587935));
#1801=CARTESIAN_POINT('Ctrl Pts',(8.05,-32.0000004768372,-37.5000005587935));
#1802=CARTESIAN_POINT('Ctrl Pts',(8.05,-32.0025583229942,-37.5000005587935));
#1803=CARTESIAN_POINT('Ctrl Pts',(8.05,-32.0051198358676,-37.5000005587935));
#1804=CARTESIAN_POINT('Ctrl Pts',(8.05000000000012,-32.6458757609043,-37.5000005587942));
#1805=CARTESIAN_POINT('Ctrl Pts',(8.05000000000001,-33.5121197864136,-37.5000005587936));
#1806=CARTESIAN_POINT('Ctrl Pts',(8.05000000000003,-34.4841084925493,-37.5000005587937));
#1807=CARTESIAN_POINT('Ctrl Pts',(8.05,-34.8246328907554,-37.5000005587935));
#1808=CARTESIAN_POINT('Ctrl Pts',(8.05,-34.9748954329659,-37.5000005587935));
#1809=CARTESIAN_POINT('Ctrl Pts',(8.05,-32.0000004768372,-37.5000005587935));
#1810=CARTESIAN_POINT('Ctrl Pts',(8.04990786806527,-32.002358958947,-37.5003076487542));
#1811=CARTESIAN_POINT('Ctrl Pts',(8.05009221871229,-32.004727245576,-37.5006239152465));
#1812=CARTESIAN_POINT('Ctrl Pts',(8.04510719560532,-32.5952865646921,-37.5784385641324));
#1813=CARTESIAN_POINT('Ctrl Pts',(8.15222680627883,-33.3977091184163,-37.6828769884159));
#1814=CARTESIAN_POINT('Ctrl Pts',(8.30807708697748,-34.2316386487394,-37.6087015180526));
#1815=CARTESIAN_POINT('Ctrl Pts',(8.32726034137043,-34.5008677393071,-37.536756072402));
#1816=CARTESIAN_POINT('Ctrl Pts',(8.31685343003466,-34.6140495588587,-37.5000005587935));
#1817=CARTESIAN_POINT('Ctrl Pts',(8.05,-32.0000004768372,-37.5000005587935));
#1818=CARTESIAN_POINT('Ctrl Pts',(8.04989041461753,-32.0019883967994,-37.5008617499111));
#1819=CARTESIAN_POINT('Ctrl Pts',(8.05011190218235,-32.0040594571039,-37.501702535731));
#1820=CARTESIAN_POINT('Ctrl Pts',(8.04410934762189,-32.5069975344811,-37.7145483946733));
#1821=CARTESIAN_POINT('Ctrl Pts',(8.24764297905458,-33.1965205702759,-38.0106277933171));
#1822=CARTESIAN_POINT('Ctrl Pts',(8.64759721224521,-33.7916194754309,-38.0257519758173));
#1823=CARTESIAN_POINT('Ctrl Pts',(8.75809743105443,-33.9385632328258,-37.9356832430847));
#1824=CARTESIAN_POINT('Ctrl Pts',(8.77873441623647,-33.9894825515025,-37.8768619346722));
#1825=CARTESIAN_POINT('Ctrl Pts',(8.05,-32.0000004768372,-37.5000005587935));
#1826=CARTESIAN_POINT('Ctrl Pts',(8.04994765481669,-32.001657950651,-37.5014111622407));
#1827=CARTESIAN_POINT('Ctrl Pts',(8.05005353401723,-32.0033520352036,-37.5027832231541));
#1828=CARTESIAN_POINT('Ctrl Pts',(8.04785578319342,-32.4209129753541,-37.8518889612677));
#1829=CARTESIAN_POINT('Ctrl Pts',(8.21624080319784,-32.9880568308202,-38.3324870037105));
#1830=CARTESIAN_POINT('Ctrl Pts',(8.65575536280245,-33.5363057932315,-38.6517095057241));
#1831=CARTESIAN_POINT('Ctrl Pts',(8.85029290794498,-33.7015443626009,-38.6812011692354));
#1832=CARTESIAN_POINT('Ctrl Pts',(8.94189189189189,-33.768856937238,-38.6634013459089));
#1833=CARTESIAN_POINT('Ctrl Pts',(8.05,-32.0000004768372,-37.5000005587935));
#1834=CARTESIAN_POINT('Ctrl Pts',(8.05,-32.0015213583365,-37.5016291766325));
#1835=CARTESIAN_POINT('Ctrl Pts',(8.0500012201947,-32.0030444200445,-37.5032624026856));
#1836=CARTESIAN_POINT('Ctrl Pts',(8.0509225532061,-32.3840344295262,-37.9104218585487));
#1837=CARTESIAN_POINT('Ctrl Pts',(8.18027339976923,-32.8990984446935,-38.4702336811983));
#1838=CARTESIAN_POINT('Ctrl Pts',(8.59920807062714,-33.4770376753688,-38.919803807532));
#1839=CARTESIAN_POINT('Ctrl Pts',(8.82107695164389,-33.6795116418695,-39.0000005587935));
#1840=CARTESIAN_POINT('Ctrl Pts',(8.94189189189189,-33.768856937238,-39.0000005587935));
#1841=CARTESIAN_POINT('',(8.05,-32.0000004768372,-37.5000005215406));
#1842=CARTESIAN_POINT('',(8.05,-14.3000002384186,-37.5000005587935));
#1843=CARTESIAN_POINT('Ctrl Pts',(8.05,-32.0000004768372,-37.5000005587935));
#1844=CARTESIAN_POINT('Ctrl Pts',(8.05,-32.0015213583365,-37.5016291766325));
#1845=CARTESIAN_POINT('Ctrl Pts',(8.0500012201947,-32.0030444200445,-37.5032624026856));
#1846=CARTESIAN_POINT('Ctrl Pts',(8.0509225532061,-32.3840344295262,-37.9104218585487));
#1847=CARTESIAN_POINT('Ctrl Pts',(8.18027339976923,-32.8990984446935,-38.4702336811983));
#1848=CARTESIAN_POINT('Ctrl Pts',(8.59920807062714,-33.4770376753688,-38.919803807532));
#1849=CARTESIAN_POINT('Ctrl Pts',(8.82107695164389,-33.6795116418695,-39.0000005587935));
#1850=CARTESIAN_POINT('Ctrl Pts',(8.94189189189189,-33.768856937238,-39.0000005587935));
#1851=CARTESIAN_POINT('Ctrl Pts',(8.05,-29.0251055207085,-37.5000005587935));
#1852=CARTESIAN_POINT('Ctrl Pts',(8.05,-29.1753680629189,-37.5000005587935));
#1853=CARTESIAN_POINT('Ctrl Pts',(8.05,-29.518059520673,-37.5000005587935));
#1854=CARTESIAN_POINT('Ctrl Pts',(8.05,-30.0969539538051,-37.5000005587935));
#1855=CARTESIAN_POINT('Ctrl Pts',(8.05,-30.6153678869059,-37.5000005587935));
#1856=CARTESIAN_POINT('Ctrl Pts',(8.05,-31.0345171154494,-37.5000005587936));
#1857=CARTESIAN_POINT('Ctrl Pts',(8.05,-31.3517883322789,-37.5000005587936));
#1858=CARTESIAN_POINT('Ctrl Pts',(8.05,-31.6721049310038,-37.5000005587936));
#1859=CARTESIAN_POINT('Ctrl Pts',(8.05,-31.88573690903,-37.5000005587936));
#1860=CARTESIAN_POINT('Ctrl Pts',(8.05,-31.9948848542565,-37.5000005587935));
#1861=CARTESIAN_POINT('Ctrl Pts',(8.05,-31.9974426306801,-37.5000005587935));
#1862=CARTESIAN_POINT('Ctrl Pts',(8.05,-32.0000004768372,-37.5000005587935));
#1863=CARTESIAN_POINT('Ctrl Pts',(8.31685343003466,-29.3859513948156,-37.5000005587935));
#1864=CARTESIAN_POINT('Ctrl Pts',(8.3282824828892,-29.4989913873539,-37.5372725396532));
#1865=CARTESIAN_POINT('Ctrl Pts',(8.30695404648277,-29.7697630264785,-37.6105212811458));
#1866=CARTESIAN_POINT('Ctrl Pts',(8.21627912785902,-30.2660992231472,-37.6549067008246));
#1867=CARTESIAN_POINT('Ctrl Pts',(8.14085947950339,-30.7300501312355,-37.6404939276387));
#1868=CARTESIAN_POINT('Ctrl Pts',(8.09524924483053,-31.111492193186,-37.6083066095433));
#1869=CARTESIAN_POINT('Ctrl Pts',(8.06957880568152,-31.4023296079258,-37.5767714101353));
#1870=CARTESIAN_POINT('Ctrl Pts',(8.05367165661656,-31.697330336811,-37.5400664741307));
#1871=CARTESIAN_POINT('Ctrl Pts',(8.05007567548287,-31.8945493592455,-37.5138934447391));
#1872=CARTESIAN_POINT('Ctrl Pts',(8.05000118345097,-31.9952800486128,-37.50062044665));
#1873=CARTESIAN_POINT('Ctrl Pts',(8.05,-31.9976401477578,-37.5003107717152));
#1874=CARTESIAN_POINT('Ctrl Pts',(8.05,-32.0000004768372,-37.5000005587935));
#1875=CARTESIAN_POINT('Ctrl Pts',(8.77891192607527,-30.01075843541,-37.8764721177787));
#1876=CARTESIAN_POINT('Ctrl Pts',(8.75875523791325,-30.0622541664312,-37.9339658604662));
#1877=CARTESIAN_POINT('Ctrl Pts',(8.64484083260131,-30.2108212411167,-38.0241145000976));
#1878=CARTESIAN_POINT('Ctrl Pts',(8.41038538877758,-30.5639004254883,-38.0165258551462));
#1879=CARTESIAN_POINT('Ctrl Pts',(8.24197156118822,-30.9321849480397,-37.9184715691378));
#1880=CARTESIAN_POINT('Ctrl Pts',(8.14440913025064,-31.2471748384043,-37.8074089885415));
#1881=CARTESIAN_POINT('Ctrl Pts',(8.09066147531083,-31.491433227044,-37.7123698798555));
#1882=CARTESIAN_POINT('Ctrl Pts',(8.05773015644674,-31.7418231965331,-37.6091984799812));
#1883=CARTESIAN_POINT('Ctrl Pts',(8.0501797325174,-31.9100094944043,-37.5380946577019));
#1884=CARTESIAN_POINT('Ctrl Pts',(8.05000205145021,-31.9959710645199,-37.5017069223732));
#1885=CARTESIAN_POINT('Ctrl Pts',(8.05,-31.9979858026437,-37.5008536443282));
#1886=CARTESIAN_POINT('Ctrl Pts',(8.05,-32.0000004768372,-37.5000005587935));
#1887=CARTESIAN_POINT('Ctrl Pts',(8.94189189189189,-30.2311440164363,-38.6634013459089));
#1888=CARTESIAN_POINT('Ctrl Pts',(8.85036042231476,-30.2984528956285,-38.6804760765274));
#1889=CARTESIAN_POINT('Ctrl Pts',(8.65437672900495,-30.4648059276428,-38.6495686528071));
#1890=CARTESIAN_POINT('Ctrl Pts',(8.39308242809331,-30.7909283292042,-38.4611561892971));
#1891=CARTESIAN_POINT('Ctrl Pts',(8.22849232377049,-31.1083401339342,-38.2274832957858));
#1892=CARTESIAN_POINT('Ctrl Pts',(8.13668703083578,-31.3738832797745,-38.017498209479));
#1893=CARTESIAN_POINT('Ctrl Pts',(8.08704869654753,-31.5779457172288,-37.8513146343498));
#1894=CARTESIAN_POINT('Ctrl Pts',(8.05697801058918,-31.7860005689486,-37.6788607041204));
#1895=CARTESIAN_POINT('Ctrl Pts',(8.05015778858516,-31.9254365777529,-37.5623521272965));
#1896=CARTESIAN_POINT('Ctrl Pts',(8.05000195736028,-31.9966625723474,-37.5027925592919));
#1897=CARTESIAN_POINT('Ctrl Pts',(8.05,-31.9983314575296,-37.5013965169412));
#1898=CARTESIAN_POINT('Ctrl Pts',(8.05,-32.0000004768372,-37.5000005587935));
#1899=CARTESIAN_POINT('Ctrl Pts',(8.94189189189189,-30.2311440164363,-39.0000005587935));
#1900=CARTESIAN_POINT('Ctrl Pts',(8.82107695164397,-30.3204893118048,-39.0000005587935));
#1901=CARTESIAN_POINT('Ctrl Pts',(8.59906989435773,-30.5242518001991,-38.917565321796));
#1902=CARTESIAN_POINT('Ctrl Pts',(8.34820610204384,-30.8684593009803,-38.6518880523677));
#1903=CARTESIAN_POINT('Ctrl Pts',(8.20240473493237,-31.1767054233646,-38.3600786128949));
#1904=CARTESIAN_POINT('Ctrl Pts',(8.12332063726146,-31.4259292889851,-38.1076505804396));
#1905=CARTESIAN_POINT('Ctrl Pts',(8.08119209553764,-31.6145770395323,-37.9109398737643));
#1906=CARTESIAN_POINT('Ctrl Pts',(8.05588727390184,-31.8050355576931,-37.7087571706342));
#1907=CARTESIAN_POINT('Ctrl Pts',(8.05013799682619,-31.9320599770599,-37.5727527192775));
#1908=CARTESIAN_POINT('Ctrl Pts',(8.05000154931933,-31.996958755303,-37.5032577643722));
#1909=CARTESIAN_POINT('Ctrl Pts',(8.05,-31.9984795953378,-37.5016291766325));
#1910=CARTESIAN_POINT('Ctrl Pts',(8.05,-32.0000004768372,-37.5000005587935));
#1911=CARTESIAN_POINT('Ctrl Pts',(8.94189189189189,-30.2311440164363,-39.0000005587935));
#1912=CARTESIAN_POINT('Ctrl Pts',(8.82107695164397,-30.3204893118048,-39.0000005587935));
#1913=CARTESIAN_POINT('Ctrl Pts',(8.59906989435773,-30.5242518001991,-38.917565321796));
#1914=CARTESIAN_POINT('Ctrl Pts',(8.34820610204384,-30.8684593009803,-38.6518880523677));
#1915=CARTESIAN_POINT('Ctrl Pts',(8.20240473493237,-31.1767054233646,-38.3600786128949));
#1916=CARTESIAN_POINT('Ctrl Pts',(8.12332063726146,-31.4259292889851,-38.1076505804396));
#1917=CARTESIAN_POINT('Ctrl Pts',(8.08119209553764,-31.6145770395323,-37.9109398737643));
#1918=CARTESIAN_POINT('Ctrl Pts',(8.05588727390184,-31.8050355576931,-37.7087571706342));
#1919=CARTESIAN_POINT('Ctrl Pts',(8.05013799682619,-31.9320599770599,-37.5727527192775));
#1920=CARTESIAN_POINT('Ctrl Pts',(8.05000154931933,-31.996958755303,-37.5032577643722));
#1921=CARTESIAN_POINT('Ctrl Pts',(8.05,-31.9984795953378,-37.5016291766325));
#1922=CARTESIAN_POINT('Ctrl Pts',(8.05,-32.0000004768372,-37.5000005587935));
#1923=CARTESIAN_POINT('',(8.05,-14.3000002384186,-37.5000005587935));
#1924=CARTESIAN_POINT('Origin',(-10.25,-32.0000004768372,-39.0000005587935));
#1925=CARTESIAN_POINT('',(-8.94189189189189,-30.2311440164363,-39.0000005587935));
#1926=CARTESIAN_POINT('Origin',(-8.05,-29.0251055207085,-39.0000005587935));
#1927=CARTESIAN_POINT('',(-12.45,-32.0000004768372,-39.0000005587935));
#1928=CARTESIAN_POINT('Origin',(-10.25,-32.0000004768372,-39.0000005587935));
#1929=CARTESIAN_POINT('',(-8.94189189189189,-33.768856937238,-39.0000005587935));
#1930=CARTESIAN_POINT('Origin',(-10.25,-32.0000004768372,-39.0000005587935));
#1931=CARTESIAN_POINT('Origin',(-8.05,-34.9748954329659,-39.0000005587935));
#1932=CARTESIAN_POINT('Ctrl Pts',(-8.05,-32.0000004768372,-37.5000005587935));
#1933=CARTESIAN_POINT('Ctrl Pts',(-8.05,-31.9974426306816,-37.5000005587935));
#1934=CARTESIAN_POINT('Ctrl Pts',(-8.05,-31.994881115754,-37.5000005587935));
#1935=CARTESIAN_POINT('Ctrl Pts',(-8.05000000000018,-31.354125938137,-37.5000005587941));
#1936=CARTESIAN_POINT('Ctrl Pts',(-8.05000000000001,-30.4878831986245,-37.5000005587936));
#1937=CARTESIAN_POINT('Ctrl Pts',(-8.05000000000004,-29.5158930919759,-37.5000005587937));
#1938=CARTESIAN_POINT('Ctrl Pts',(-8.05,-29.1753680629191,-37.5000005587935));
#1939=CARTESIAN_POINT('Ctrl Pts',(-8.05,-29.0251055207085,-37.5000005587935));
#1940=CARTESIAN_POINT('Ctrl Pts',(-8.05,-32.0000004768372,-37.5000005587935));
#1941=CARTESIAN_POINT('Ctrl Pts',(-8.04990786806527,-31.9976419947288,-37.5003076487541));
#1942=CARTESIAN_POINT('Ctrl Pts',(-8.05009221871229,-31.9952737060456,-37.5006239152465));
#1943=CARTESIAN_POINT('Ctrl Pts',(-8.04510719560535,-31.4047151343493,-37.5784385641323));
#1944=CARTESIAN_POINT('Ctrl Pts',(-8.15222680627879,-30.6022938666218,-37.6828769884159));
#1945=CARTESIAN_POINT('Ctrl Pts',(-8.30807708697749,-29.7683629357857,-37.6087015180526));
#1946=CARTESIAN_POINT('Ctrl Pts',(-8.32726034137043,-29.4991332143674,-37.536756072402));
#1947=CARTESIAN_POINT('Ctrl Pts',(-8.31685343003466,-29.3859513948156,-37.5000005587935));
#1948=CARTESIAN_POINT('Ctrl Pts',(-8.05,-32.0000004768372,-37.5000005587936));
#1949=CARTESIAN_POINT('Ctrl Pts',(-8.04989152049954,-31.9980123609189,-37.5008616585765));
#1950=CARTESIAN_POINT('Ctrl Pts',(-8.05011086801118,-31.9959416789003,-37.5017026200406));
#1951=CARTESIAN_POINT('Ctrl Pts',(-8.04415288917689,-31.4929950185656,-37.7145482838683));
#1952=CARTESIAN_POINT('Ctrl Pts',(-8.24764750189598,-30.8034837392309,-38.0106204788151));
#1953=CARTESIAN_POINT('Ctrl Pts',(-8.64760415418526,-30.2083827430727,-38.0257503791382));
#1954=CARTESIAN_POINT('Ctrl Pts',(-8.75810842867347,-30.0614469255005,-37.9356680229584));
#1955=CARTESIAN_POINT('Ctrl Pts',(-8.77873921520358,-30.010524891455,-37.8768552080566));
#1956=CARTESIAN_POINT('Ctrl Pts',(-8.05,-32.0000004768372,-37.5000005587935));
#1957=CARTESIAN_POINT('Ctrl Pts',(-8.04994765481669,-31.9983430030243,-37.50141116224));
#1958=CARTESIAN_POINT('Ctrl Pts',(-8.05005353391821,-31.9966489172504,-37.5027832262755));
#1959=CARTESIAN_POINT('Ctrl Pts',(-8.04785581922794,-31.5790884215061,-37.8518878277468));
#1960=CARTESIAN_POINT('Ctrl Pts',(-8.21624075354537,-31.0119453306918,-38.3324842084699));
#1961=CARTESIAN_POINT('Ctrl Pts',(-8.65575526276126,-30.4636955355421,-38.6517087253133));
#1962=CARTESIAN_POINT('Ctrl Pts',(-8.85029290794499,-30.2984565910734,-38.6812011692354));
#1963=CARTESIAN_POINT('Ctrl Pts',(-8.94189189189189,-30.2311440164363,-38.6634013459089));
#1964=CARTESIAN_POINT('Ctrl Pts',(-8.05,-32.0000004768372,-37.5000005587935));
#1965=CARTESIAN_POINT('Ctrl Pts',(-8.05,-31.9984795953388,-37.5016291766317));
#1966=CARTESIAN_POINT('Ctrl Pts',(-8.05000122009568,-31.9969565324094,-37.503262405807));
#1967=CARTESIAN_POINT('Ctrl Pts',(-8.05092258924062,-31.615966967334,-37.9104207250278));
#1968=CARTESIAN_POINT('Ctrl Pts',(-8.18027335011677,-31.1009037168185,-38.4702308859578));
#1969=CARTESIAN_POINT('Ctrl Pts',(-8.59920797058595,-30.5229636534048,-38.9198030271212));
#1970=CARTESIAN_POINT('Ctrl Pts',(-8.8210769516439,-30.3204893118048,-39.0000005587935));
#1971=CARTESIAN_POINT('Ctrl Pts',(-8.94189189189189,-30.2311440164363,-39.0000005587935));
#1972=CARTESIAN_POINT('',(-8.05,-32.0000004768372,-37.5000005215406));
#1973=CARTESIAN_POINT('',(-8.05,-19.7000002384186,-37.5000005587935));
#1974=CARTESIAN_POINT('Ctrl Pts',(-8.05,-32.0000004768372,-37.5000005587935));
#1975=CARTESIAN_POINT('Ctrl Pts',(-8.05,-31.9984795953388,-37.5016291766317));
#1976=CARTESIAN_POINT('Ctrl Pts',(-8.05000122009568,-31.9969565324094,-37.503262405807));
#1977=CARTESIAN_POINT('Ctrl Pts',(-8.05092258924062,-31.615966967334,-37.9104207250278));
#1978=CARTESIAN_POINT('Ctrl Pts',(-8.18027335011677,-31.1009037168185,-38.4702308859578));
#1979=CARTESIAN_POINT('Ctrl Pts',(-8.59920797058595,-30.5229636534048,-38.9198030271212));
#1980=CARTESIAN_POINT('Ctrl Pts',(-8.8210769516439,-30.3204893118048,-39.0000005587935));
#1981=CARTESIAN_POINT('Ctrl Pts',(-8.94189189189189,-30.2311440164363,-39.0000005587935));
#1982=CARTESIAN_POINT('Ctrl Pts',(-8.05,-34.9748954329659,-37.5000005587935));
#1983=CARTESIAN_POINT('Ctrl Pts',(-8.05,-34.8246328907554,-37.5000005587935));
#1984=CARTESIAN_POINT('Ctrl Pts',(-8.05,-34.4819415399603,-37.5000005587936));
#1985=CARTESIAN_POINT('Ctrl Pts',(-8.05000000000001,-33.9030470990495,-37.5000005587936));
#1986=CARTESIAN_POINT('Ctrl Pts',(-8.05000000000001,-33.3846331734609,-37.5000005587936));
#1987=CARTESIAN_POINT('Ctrl Pts',(-8.05000000000001,-32.9654839226408,-37.5000005587936));
#1988=CARTESIAN_POINT('Ctrl Pts',(-8.05000000000001,-32.6482126736302,-37.5000005587936));
#1989=CARTESIAN_POINT('Ctrl Pts',(-8.05000000000001,-32.3278960533685,-37.5000005587936));
#1990=CARTESIAN_POINT('Ctrl Pts',(-8.05000000000002,-32.1142640476266,-37.5000005587937));
#1991=CARTESIAN_POINT('Ctrl Pts',(-8.05,-32.0051160993764,-37.5000005587935));
#1992=CARTESIAN_POINT('Ctrl Pts',(-8.05,-32.0025583229927,-37.5000005587935));
#1993=CARTESIAN_POINT('Ctrl Pts',(-8.05,-32.0000004768372,-37.5000005587935));
#1994=CARTESIAN_POINT('Ctrl Pts',(-8.31685343003466,-34.6140495588587,-37.5000005587935));
#1995=CARTESIAN_POINT('Ctrl Pts',(-8.32828248288921,-34.5010095663203,-37.5372725396532));
#1996=CARTESIAN_POINT('Ctrl Pts',(-8.30695411251982,-34.2302387894377,-37.6105234677781));
#1997=CARTESIAN_POINT('Ctrl Pts',(-8.21627886871215,-33.7339028580151,-37.6549098061293));
#1998=CARTESIAN_POINT('Ctrl Pts',(-8.14085918056985,-33.2699517791137,-37.6404965274351));
#1999=CARTESIAN_POINT('Ctrl Pts',(-8.09524894679505,-32.88850949984,-37.6083086337222));
#2000=CARTESIAN_POINT('Ctrl Pts',(-8.06957859233007,-32.597671847041,-37.5767727978121));
#2001=CARTESIAN_POINT('Ctrl Pts',(-8.05367152664681,-32.3026709019327,-37.5400672631766));
#2002=CARTESIAN_POINT('Ctrl Pts',(-8.05007566186956,-32.1054516247407,-37.5138935292879));
#2003=CARTESIAN_POINT('Ctrl Pts',(-8.05000118365454,-32.0047209046111,-37.5006204453851));
#2004=CARTESIAN_POINT('Ctrl Pts',(-8.05,-32.0023608059152,-37.5003107717151));
#2005=CARTESIAN_POINT('Ctrl Pts',(-8.05,-32.0000004768372,-37.5000005587935));
#2006=CARTESIAN_POINT('Ctrl Pts',(-8.7789070219161,-33.9892491497909,-37.8764820192323));
#2007=CARTESIAN_POINT('Ctrl Pts',(-8.7587503337541,-33.9377534187697,-37.9339757619198));
#2008=CARTESIAN_POINT('Ctrl Pts',(-8.64483718765932,-33.7891837355435,-38.0241203054039));
#2009=CARTESIAN_POINT('Ctrl Pts',(-8.41038297664923,-33.4361028362652,-38.0165290227103));
#2010=CARTESIAN_POINT('Ctrl Pts',(-8.24196994243716,-33.0678174218906,-37.9184734321396));
#2011=CARTESIAN_POINT('Ctrl Pts',(-8.14440810130019,-32.7528269621027,-37.8074100510181));
#2012=CARTESIAN_POINT('Ctrl Pts',(-8.09066079223972,-32.5085682725803,-37.7123705614363));
#2013=CARTESIAN_POINT('Ctrl Pts',(-8.05772979668956,-32.2581780375449,-37.6091988212132));
#2014=CARTESIAN_POINT('Ctrl Pts',(-8.05017969278346,-32.0899914902657,-37.5380946959723));
#2015=CARTESIAN_POINT('Ctrl Pts',(-8.05000205204525,-32.004029888693,-37.5017069218006));
#2016=CARTESIAN_POINT('Ctrl Pts',(-8.05,-32.0020151510294,-37.5008536443278));
#2017=CARTESIAN_POINT('Ctrl Pts',(-8.05,-32.0000004768372,-37.5000005587936));
#2018=CARTESIAN_POINT('Ctrl Pts',(-8.94189189189189,-33.768856937238,-38.6634013459089));
#2019=CARTESIAN_POINT('Ctrl Pts',(-8.85036042231478,-33.7015480580458,-38.6804760765274));
#2020=CARTESIAN_POINT('Ctrl Pts',(-8.65437647623857,-33.5351954312154,-38.6495681069985));
#2021=CARTESIAN_POINT('Ctrl Pts',(-8.39308205077877,-33.2090731855501,-38.4611554631917));
#2022=CARTESIAN_POINT('Ctrl Pts',(-8.22849199939673,-32.8916613036733,-38.2274826984646));
#2023=CARTESIAN_POINT('Ctrl Pts',(-8.13668677284774,-32.6261180546734,-38.0174977554713));
#2024=CARTESIAN_POINT('Ctrl Pts',(-8.08704851811127,-32.4220554937524,-37.8513143194879));
#2025=CARTESIAN_POINT('Ctrl Pts',(-8.05697790857113,-32.2140005320863,-37.6788605270275));
#2026=CARTESIAN_POINT('Ctrl Pts',(-8.0501577776483,-32.0745643914941,-37.562352108068));
#2027=CARTESIAN_POINT('Ctrl Pts',(-8.05000195752394,-32.0033383810963,-37.5027925595809));
#2028=CARTESIAN_POINT('Ctrl Pts',(-8.05,-32.0016694961437,-37.5013965169406));
#2029=CARTESIAN_POINT('Ctrl Pts',(-8.05,-32.0000004768372,-37.5000005587935));
#2030=CARTESIAN_POINT('Ctrl Pts',(-8.94189189189189,-33.768856937238,-39.0000005587935));
#2031=CARTESIAN_POINT('Ctrl Pts',(-8.82107695164399,-33.6795116418696,-39.0000005587935));
#2032=CARTESIAN_POINT('Ctrl Pts',(-8.59907011174953,-33.4757492170729,-38.9175653018645));
#2033=CARTESIAN_POINT('Ctrl Pts',(-8.34820633158549,-33.1315417116668,-38.6518880247402));
#2034=CARTESIAN_POINT('Ctrl Pts',(-8.20240492616411,-32.8232955937495,-38.3600785995636));
#2035=CARTESIAN_POINT('Ctrl Pts',(-8.12332077431618,-32.5740717148835,-38.1076505742097));
#2036=CARTESIAN_POINT('Ctrl Pts',(-8.08119218900633,-32.385423945202,-37.910939865643));
#2037=CARTESIAN_POINT('Ctrl Pts',(-8.05588732558547,-32.194965414235,-37.7087571670931));
#2038=CARTESIAN_POINT('Ctrl Pts',(-8.05013800242111,-32.0679409783899,-37.5727527186793));
#2039=CARTESIAN_POINT('Ctrl Pts',(-8.05000154923559,-32.0030421983471,-37.5032577643827));
#2040=CARTESIAN_POINT('Ctrl Pts',(-8.05,-32.0015213583355,-37.5016291766317));
#2041=CARTESIAN_POINT('Ctrl Pts',(-8.05,-32.0000004768372,-37.5000005587935));
#2042=CARTESIAN_POINT('Ctrl Pts',(-8.94189189189189,-33.768856937238,-39.0000005587935));
#2043=CARTESIAN_POINT('Ctrl Pts',(-8.82107695164399,-33.6795116418696,-39.0000005587935));
#2044=CARTESIAN_POINT('Ctrl Pts',(-8.59907011174953,-33.4757492170729,-38.9175653018645));
#2045=CARTESIAN_POINT('Ctrl Pts',(-8.34820633158549,-33.1315417116668,-38.6518880247402));
#2046=CARTESIAN_POINT('Ctrl Pts',(-8.20240492616411,-32.8232955937495,-38.3600785995636));
#2047=CARTESIAN_POINT('Ctrl Pts',(-8.12332077431618,-32.5740717148835,-38.1076505742097));
#2048=CARTESIAN_POINT('Ctrl Pts',(-8.08119218900633,-32.385423945202,-37.910939865643));
#2049=CARTESIAN_POINT('Ctrl Pts',(-8.05588732558547,-32.194965414235,-37.7087571670931));
#2050=CARTESIAN_POINT('Ctrl Pts',(-8.05013800242111,-32.0679409783899,-37.5727527186793));
#2051=CARTESIAN_POINT('Ctrl Pts',(-8.05000154923559,-32.0030421983471,-37.5032577643827));
#2052=CARTESIAN_POINT('Ctrl Pts',(-8.05,-32.0015213583355,-37.5016291766317));
#2053=CARTESIAN_POINT('Ctrl Pts',(-8.05,-32.0000004768372,-37.5000005587935));
#2054=CARTESIAN_POINT('',(-8.05,-19.7000002384186,-37.5000005587935));
#2055=CARTESIAN_POINT('Origin',(9.00000022351742,-32.5147186257614,-39.0625005820766));
#2056=CARTESIAN_POINT('',(15.0000002235174,-32.5147186257614,-35.0000005215406));
#2057=CARTESIAN_POINT('',(13.2426409106367,-36.7573593128807,-35.0000005215406));
#2058=CARTESIAN_POINT('Origin',(9.00000022351742,-32.5147186257614,-35.0000005215406));
#2059=CARTESIAN_POINT('',(13.2426409106367,-36.7573593128807,-39.0625005820766));
#2060=CARTESIAN_POINT('',(15.0000002235174,-32.5147186257614,-39.0625005820766));
#2061=CARTESIAN_POINT('Origin',(15.0000002235174,-2.,-40.0000005960464));
#2062=CARTESIAN_POINT('',(15.0000002235174,-2.,-40.0000005960464));
#2063=CARTESIAN_POINT('',(15.0000002235174,-2.,-40.0000005960464));
#2064=CARTESIAN_POINT('',(15.0000002235174,-2.,-35.0000005215406));
#2065=CARTESIAN_POINT('',(15.0000002235174,-2.,-35.0000005215406));
#2066=CARTESIAN_POINT('',(15.0000002235174,-2.,-35.0000005215406));
#2067=CARTESIAN_POINT('Origin',(-9.00000022351742,-32.5147186257614,-35.3125005261973));
#2068=CARTESIAN_POINT('',(-13.2426409106367,-36.7573593128807,-35.0000005215406));
#2069=CARTESIAN_POINT('',(-13.2426409106367,-36.7573593128807,-35.3125005261973));
#2070=CARTESIAN_POINT('',(-15.0000002235174,-32.5147186257614,-35.0000005215406));
#2071=CARTESIAN_POINT('Origin',(-9.00000022351742,-32.5147186257614,-35.0000005215406));
#2072=CARTESIAN_POINT('',(-15.0000002235174,-32.5147186257614,-35.3125005261973));
#2073=CARTESIAN_POINT('Origin',(-15.0000002235174,-2.,-35.0000005215406));
#2074=CARTESIAN_POINT('',(-15.0000002235174,-2.,-35.0000005215406));
#2075=CARTESIAN_POINT('',(-15.0000002235174,-2.,-35.0000005215406));
#2076=CARTESIAN_POINT('',(-15.0000002235174,-2.,-40.0000005960464));
#2077=CARTESIAN_POINT('',(-15.0000002235174,-2.,-35.0000005215406));
#2078=CARTESIAN_POINT('',(-15.0000002235174,-2.,-40.0000005960464));
#2079=CARTESIAN_POINT('Origin',(15.0000002235174,-2.,-35.0000005215406));
#2080=CARTESIAN_POINT('',(15.0000002235174,-2.,-35.0000005215406));
#2081=CARTESIAN_POINT('',(-9.75735953639813,-40.2426406871193,-35.0000005215406));
#2082=CARTESIAN_POINT('',(-14.0000001117587,-36.0000001117587,-35.0000005215406));
#2083=CARTESIAN_POINT('',(-5.51471884927885,-42.,-35.0000005215406));
#2084=CARTESIAN_POINT('Origin',(-5.51471884927885,-36.,-35.0000005215406));
#2085=CARTESIAN_POINT('',(5.51471884927885,-42.,-35.0000005215406));
#2086=CARTESIAN_POINT('',(15.0000002235174,-42.,-35.0000005215406));
#2087=CARTESIAN_POINT('',(9.75735953639813,-40.2426406871193,-35.0000005215406));
#2088=CARTESIAN_POINT('Origin',(5.51471884927885,-36.,-35.0000005215406));
#2089=CARTESIAN_POINT('',(21.5000002235174,-28.5,-35.0000005215406));
#2090=CARTESIAN_POINT('',(-9.04999998306686,-34.8000004971569,-35.0000005215406));
#2091=CARTESIAN_POINT('',(-8.05,-35.8000004971569,-35.0000005215406));
#2092=CARTESIAN_POINT('Origin',(-9.05,-35.8000004971569,-35.0000005215406));
#2093=CARTESIAN_POINT('',(-10.25,-34.8000004768372,-35.0000005215406));
#2094=CARTESIAN_POINT('',(3.47499983405528,-34.8000007092444,-35.0000005215406));
#2095=CARTESIAN_POINT('',(-10.25,-29.2000004768372,-35.0000005215406));
#2096=CARTESIAN_POINT('Origin',(-10.25,-32.0000004768372,-35.0000005215406));
#2097=CARTESIAN_POINT('',(-9.05,-29.2000004768372,-35.0000005215406));
#2098=CARTESIAN_POINT('',(2.37500011175871,-29.2000004768372,-35.0000005215406));
#2099=CARTESIAN_POINT('',(-8.05,-28.2000004768372,-35.0000005215406));
#2100=CARTESIAN_POINT('Origin',(-9.05,-28.2000004768372,-35.0000005215406));
#2101=CARTESIAN_POINT('',(-8.05,-26.6000004768372,-35.0000005215406));
#2102=CARTESIAN_POINT('',(-8.05,-15.6000002384186,-35.0000005215406));
#2103=CARTESIAN_POINT('',(8.05,-26.6000004768372,-35.0000005215406));
#2104=CARTESIAN_POINT('',(3.47500011175871,-26.6000004768372,-35.0000005215406));
#2105=CARTESIAN_POINT('',(8.05,-28.200000459904,-35.0000005215406));
#2106=CARTESIAN_POINT('',(8.05,-14.3000002384186,-35.0000005215406));
#2107=CARTESIAN_POINT('',(9.05000001693314,-29.200000459904,-35.0000005215406));
#2108=CARTESIAN_POINT('Origin',(9.05,-28.200000459904,-35.0000005215406));
#2109=CARTESIAN_POINT('',(10.25,-29.2000004395843,-35.0000005215406));
#2110=CARTESIAN_POINT('',(11.5250003420494,-29.2000004179945,-35.0000005215406));
#2111=CARTESIAN_POINT('',(10.25,-34.8000005140901,-35.0000005215406));
#2112=CARTESIAN_POINT('Origin',(10.25,-32.0000004768372,-35.0000005215406));
#2113=CARTESIAN_POINT('',(9.05,-34.8000005140901,-35.0000005215406));
#2114=CARTESIAN_POINT('',(12.6250001117587,-34.8000005140901,-35.0000005215406));
#2115=CARTESIAN_POINT('',(8.05,-35.8000005140901,-35.0000005215406));
#2116=CARTESIAN_POINT('Origin',(9.05,-35.8000005140901,-35.0000005215406));
#2117=CARTESIAN_POINT('',(8.05,-37.4000004768372,-35.0000005215406));
#2118=CARTESIAN_POINT('',(8.05,-18.400000257045,-35.0000005215406));
#2119=CARTESIAN_POINT('',(-8.05,-37.4000004768372,-35.0000005215406));
#2120=CARTESIAN_POINT('',(11.5250001117587,-37.4000004768372,-35.0000005215406));
#2121=CARTESIAN_POINT('',(-8.05,-19.7000002384186,-35.0000005215406));
#2122=CARTESIAN_POINT('Origin',(5.51471884927885,-36.,-37.1875005541369));
#2123=CARTESIAN_POINT('',(9.75735953639813,-40.2426406871193,-37.1875005541369));
#2124=CARTESIAN_POINT('',(5.51471884927885,-42.,-37.1875005541369));
#2125=CARTESIAN_POINT('Origin',(0.,-42.,-36.2500005401671));
#2126=CARTESIAN_POINT('',(-5.51471884927885,-42.,-35.9375005355105));
#2127=CARTESIAN_POINT('Origin',(-5.51471884927885,-36.,-35.9375005355105));
#2128=CARTESIAN_POINT('',(-9.75735953639813,-40.2426406871193,-35.9375005355105));
#2129=CARTESIAN_POINT('Origin',(-9.05,-35.8000004971569,-35.0000005215406));
#2130=CARTESIAN_POINT('',(-8.05,-35.8000004971569,-36.8000005215406));
#2131=CARTESIAN_POINT('',(-8.05,-35.8000004971569,-35.0000005215406));
#2132=CARTESIAN_POINT('',(-9.04999998306686,-34.8000004971569,-36.8000005215406));
#2133=CARTESIAN_POINT('Origin',(-9.05,-35.8000004971569,-36.8000005215406));
#2134=CARTESIAN_POINT('',(-9.04999998306686,-34.8000004971569,-35.0000005215406));
#2135=CARTESIAN_POINT('Origin',(-8.05,-29.2000004768372,-35.0000005215406));
#2136=CARTESIAN_POINT('',(-8.05,-28.2000004768372,-36.8000005215406));
#2137=CARTESIAN_POINT('',(-8.05,-34.7000004768372,-36.8000005215406));
#2138=CARTESIAN_POINT('',(-8.05,-37.4000004768372,-35.0000005215406));
#2139=CARTESIAN_POINT('',(-8.05,-26.6000004768372,-35.0000005215406));
#2140=CARTESIAN_POINT('',(-8.05,-28.2000004768372,-35.0000005215406));
#2141=CARTESIAN_POINT('Origin',(-9.05,-28.2000004768372,-35.0000005215406));
#2142=CARTESIAN_POINT('',(-9.05,-29.2000004768372,-36.8000005215406));
#2143=CARTESIAN_POINT('',(-9.05,-29.2000004768372,-35.0000005215406));
#2144=CARTESIAN_POINT('Origin',(-9.05,-28.2000004768372,-36.8000005215406));
#2145=CARTESIAN_POINT('Origin',(-10.25,-29.2000004768372,-35.0000005215406));
#2146=CARTESIAN_POINT('',(-10.25,-29.2000004768372,-36.8000005215406));
#2147=CARTESIAN_POINT('',(-10.25,-29.2000004768372,-35.0000005215406));
#2148=CARTESIAN_POINT('',(-10.25,-29.2000004768372,-36.8000005215406));
#2149=CARTESIAN_POINT('Origin',(9.05,-28.200000459904,-35.0000005215406));
#2150=CARTESIAN_POINT('',(8.05,-28.200000459904,-36.8000005215406));
#2151=CARTESIAN_POINT('',(8.05,-28.200000459904,-35.0000005215406));
#2152=CARTESIAN_POINT('',(9.05000001693314,-29.200000459904,-36.8000005215406));
#2153=CARTESIAN_POINT('Origin',(9.05,-28.200000459904,-36.8000005215406));
#2154=CARTESIAN_POINT('',(9.05000001693314,-29.200000459904,-35.0000005215406));
#2155=CARTESIAN_POINT('Origin',(8.05,-26.6000004768372,-35.0000005215406));
#2156=CARTESIAN_POINT('',(8.05,-35.8000005140901,-36.8000005215406));
#2157=CARTESIAN_POINT('',(8.05,-29.3000004768372,-36.8000005215406));
#2158=CARTESIAN_POINT('',(8.05,-26.6000004768372,-35.0000005215406));
#2159=CARTESIAN_POINT('',(8.05,-37.4000004768372,-35.0000005215406));
#2160=CARTESIAN_POINT('',(8.05,-35.8000005140901,-35.0000005215406));
#2161=CARTESIAN_POINT('Origin',(9.05,-35.8000005140901,-35.0000005215406));
#2162=CARTESIAN_POINT('',(9.05,-34.8000005140901,-36.8000005215406));
#2163=CARTESIAN_POINT('',(9.05,-34.8000005140901,-35.0000005215406));
#2164=CARTESIAN_POINT('Origin',(9.05,-35.8000005140901,-36.8000005215406));
#2165=CARTESIAN_POINT('Origin',(-10.25,-32.0000004768372,-35.0000005215406));
#2166=CARTESIAN_POINT('',(-12.45,-32.0000004768372,-42.0000005215406));
#2167=CARTESIAN_POINT('Origin',(-10.25,-32.0000004768372,-42.0000005215406));
#2168=CARTESIAN_POINT('',(-12.45,-32.0000004768372,-35.0000005215406));
#2169=CARTESIAN_POINT('Origin',(-10.25,-32.0000004768372,-42.0000005215406));
#2170=CARTESIAN_POINT('',(-11.6,-32.0000004768372,-42.0000005215406));
#2171=CARTESIAN_POINT('Origin',(-10.25,-32.0000004768372,-42.0000005215406));
#2172=CARTESIAN_POINT('Origin',(10.25,-32.0000004768372,-35.0000005215406));
#2173=CARTESIAN_POINT('',(8.05,-32.0000004768372,-42.0000005215406));
#2174=CARTESIAN_POINT('Origin',(10.25,-32.0000004768372,-42.0000005215406));
#2175=CARTESIAN_POINT('',(8.05,-32.0000004768372,-35.0000005215406));
#2176=CARTESIAN_POINT('Origin',(10.25,-32.0000004768372,-42.0000005215406));
#2177=CARTESIAN_POINT('',(8.875,-32.0000004768372,-42.0000005215406));
#2178=CARTESIAN_POINT('Origin',(10.25,-32.0000004768372,-42.0000005215406));
#2179=CARTESIAN_POINT('Origin',(-10.25,-32.0000004768372,-35.0000005215406));
#2180=CARTESIAN_POINT('',(-11.6,-32.0000004768372,-36.8000005215406));
#2181=CARTESIAN_POINT('Origin',(-10.25,-32.0000004768372,-36.8000005215406));
#2182=CARTESIAN_POINT('',(-11.6,-32.0000004768372,-35.0000005215406));
#2183=CARTESIAN_POINT('Origin',(10.25,-32.0000004768372,-35.0000005215406));
#2184=CARTESIAN_POINT('',(8.875,-32.0000004768372,-36.8000005215406));
#2185=CARTESIAN_POINT('Origin',(10.25,-32.0000004768372,-36.8000005215406));
#2186=CARTESIAN_POINT('',(8.875,-32.0000004768372,-35.0000005215406));
#2187=CARTESIAN_POINT('Origin',(1.86264514923096E-8,-32.0000004768372,-36.8000005215406));
#2188=CARTESIAN_POINT('',(10.25,-34.8000005140901,-36.8000005215406));
#2189=CARTESIAN_POINT('',(10.25,-34.8000005140901,-36.8000005215406));
#2190=CARTESIAN_POINT('',(10.25,-29.2000004395843,-36.8000005215406));
#2191=CARTESIAN_POINT('Origin',(10.25,-32.0000004768372,-36.8000005215406));
#2192=CARTESIAN_POINT('',(10.25,-29.2000004395843,-36.8000005215406));
#2193=CARTESIAN_POINT('Origin',(10.25,-32.0000004768372,-35.0000005215406));
#2194=CARTESIAN_POINT('',(10.25,-29.2000004395843,-35.0000005215406));
#2195=CARTESIAN_POINT('',(10.25,-34.8000005140901,-35.0000005215406));
#2196=CARTESIAN_POINT('Origin',(8.05,-29.2000004768372,-35.0000005215406));
#2197=CARTESIAN_POINT('Origin',(-8.05,-26.6000004768372,-35.0000005215406));
#2198=CARTESIAN_POINT('Origin',(-10.25,-32.0000004768372,-35.0000005215406));
#2199=CARTESIAN_POINT('',(-10.25,-34.8000004768372,-36.8000005215406));
#2200=CARTESIAN_POINT('',(-10.25,-34.8000004768372,-35.0000005215406));
#2201=CARTESIAN_POINT('Origin',(-10.25,-32.0000004768372,-36.8000005215406));
#2202=CARTESIAN_POINT('Origin',(-8.05,-34.8000005140901,-35.0000005215406));
#2203=CARTESIAN_POINT('',(-10.25,-34.8000004768372,-36.8000005215406));
#2204=CARTESIAN_POINT('Origin',(8.05,-37.4000004768372,-35.0000005215406));
#2205=CARTESIAN_POINT('Origin',(10.25,-34.8000005140901,-35.0000005215406));
#2206=CARTESIAN_POINT('Origin',(1.86264514923096E-8,-32.0000004768372,-36.8000005215406));
#2207=CARTESIAN_POINT('Origin',(1.50000002235174,-2.,-43.0000006407499));
#2208=CARTESIAN_POINT('',(1.50000002235174,-2.,-41.0000006109476));
#2209=CARTESIAN_POINT('',(1.50000002235174,-2.,-41.0000006109476));
#2210=CARTESIAN_POINT('',(1.50000002235174,-2.,-43.0000006407499));
#2211=CARTESIAN_POINT('',(1.50000002235174,-2.,-41.7500006221235));
#2212=CARTESIAN_POINT('',(1.50000002235174,-2.,-43.0000006407499));
#2213=CARTESIAN_POINT('Origin',(0.,-2.,-43.0000006407499));
#2214=CARTESIAN_POINT('',(-1.50000002235174,-2.,-43.0000006407499));
#2215=CARTESIAN_POINT('Origin',(0.,-2.,-43.0000006407499));
#2216=CARTESIAN_POINT('',(-1.50000002235174,-2.,-43.0000006407499));
#2217=CARTESIAN_POINT('Origin',(-1.50000002235174,-2.,-41.0000006109476));
#2218=CARTESIAN_POINT('',(-1.50000002235174,-2.,-41.0000006109476));
#2219=CARTESIAN_POINT('',(-1.50000002235174,-2.,-40.7500006072223));
#2220=CARTESIAN_POINT('',(-1.50000002235174,-2.,-41.0000006109476));
#2221=CARTESIAN_POINT('Origin',(0.,-2.,-41.0000006109476));
#2222=CARTESIAN_POINT('Origin',(0.,-2.,-41.0000006109476));
#2223=CARTESIAN_POINT('Origin',(11.5000002235174,-38.5,-38.1250005681068));
#2224=CARTESIAN_POINT('Origin',(-11.5000002235174,-38.5,-35.6250005308539));
#2225=CARTESIAN_POINT('Origin',(-8.50000012665987,-2.,-37.5000005587935));
#2226=CARTESIAN_POINT('',(-8.50000012665987,-8.,-41.0000006109476));
#2227=CARTESIAN_POINT('Origin',(-6.00000008940697,-8.,-40.500000603497));
#2228=CARTESIAN_POINT('',(-7.55000008940697,-8.,-41.0000006109476));
#2229=CARTESIAN_POINT('Origin',(-6.00000008940697,-8.,-41.0000006109476));
#2230=CARTESIAN_POINT('Origin',(3.50000005215406,-2.,-37.5000005587935));
#2231=CARTESIAN_POINT('',(3.50000005215406,-8.,-41.0000006109476));
#2232=CARTESIAN_POINT('',(3.50000005215406,-2.,-41.0000006109476));
#2233=CARTESIAN_POINT('',(3.50000005215406,-8.,-41.0000006109476));
#2234=CARTESIAN_POINT('Origin',(8.50000012665987,-2.,-41.0000006109476));
#2235=CARTESIAN_POINT('',(8.50000012665987,-8.,-41.0000006109476));
#2236=CARTESIAN_POINT('',(8.50000012665987,-8.,-41.0000006109476));
#2237=CARTESIAN_POINT('',(8.50000012665987,-2.,-41.0000006109476));
#2238=CARTESIAN_POINT('Origin',(6.00000008940697,-2.,-41.0000006109476));
#2239=CARTESIAN_POINT('Origin',(6.00000008940697,-8.,-41.0000006109476));
#2240=CARTESIAN_POINT('Origin',(6.00000008940697,-8.,-40.500000603497));
#2241=CARTESIAN_POINT('',(4.45000008940697,-8.,-41.0000006109476));
#2242=CARTESIAN_POINT('Origin',(6.00000008940697,-8.,-41.0000006109476));
#2243=CARTESIAN_POINT('Origin',(-6.00000008940697,-2.,-41.0000006109476));
#2244=CARTESIAN_POINT('',(-7.55000008940697,-2.,-41.0000006109476));
#2245=CARTESIAN_POINT('',(-7.55000008940697,-2.,-41.0000006109476));
#2246=CARTESIAN_POINT('Origin',(-6.00000008940697,-2.,-41.0000006109476));
#2247=CARTESIAN_POINT('Origin',(6.00000008940697,-2.,-41.0000006109476));
#2248=CARTESIAN_POINT('',(4.45000008940697,-2.,-41.0000006109476));
#2249=CARTESIAN_POINT('',(4.45000008940697,-2.,-41.0000006109476));
#2250=CARTESIAN_POINT('Origin',(6.00000008940697,-2.,-41.0000006109476));
#2251=CARTESIAN_POINT('Origin',(0.,-2.,-24.2500003613532));
#2252=CARTESIAN_POINT('Origin',(0.,-2.,-24.2500003613532));
#2253=CARTESIAN_POINT('Origin',(0.,-2.,-40.500000603497));
#2254=CARTESIAN_POINT('',(0.,0.,0.));
#2255=UNCERTAINTY_MEASURE_WITH_UNIT(LENGTH_MEASURE(0.01),#2261,
'DISTANCE_ACCURACY_VALUE',
'Maximum model space distance between geometric entities at asserted c
onnectivities');
#2256=UNCERTAINTY_MEASURE_WITH_UNIT(LENGTH_MEASURE(0.01),#2261,
'DISTANCE_ACCURACY_VALUE',
'Maximum model space distance between geometric entities at asserted c
onnectivities');
#2257=UNCERTAINTY_MEASURE_WITH_UNIT(LENGTH_MEASURE(0.01),#2261,
'DISTANCE_ACCURACY_VALUE',
'Maximum model space distance between geometric entities at asserted c
onnectivities');
#2258=(
GEOMETRIC_REPRESENTATION_CONTEXT(3)
GLOBAL_UNCERTAINTY_ASSIGNED_CONTEXT((#2255))
GLOBAL_UNIT_ASSIGNED_CONTEXT((#2261,#2263,#2264))
REPRESENTATION_CONTEXT('','3D')
);
#2259=(
GEOMETRIC_REPRESENTATION_CONTEXT(3)
GLOBAL_UNCERTAINTY_ASSIGNED_CONTEXT((#2256))
GLOBAL_UNIT_ASSIGNED_CONTEXT((#2261,#2263,#2264))
REPRESENTATION_CONTEXT('','3D')
);
#2260=(
GEOMETRIC_REPRESENTATION_CONTEXT(3)
GLOBAL_UNCERTAINTY_ASSIGNED_CONTEXT((#2257))
GLOBAL_UNIT_ASSIGNED_CONTEXT((#2261,#2263,#2264))
REPRESENTATION_CONTEXT('','3D')
);
#2261=(
LENGTH_UNIT()
NAMED_UNIT(*)
SI_UNIT(.MILLI.,.METRE.)
);
#2262=(
LENGTH_UNIT()
NAMED_UNIT(*)
SI_UNIT($,.METRE.)
);
#2263=(
NAMED_UNIT(*)
PLANE_ANGLE_UNIT()
SI_UNIT($,.RADIAN.)
);
#2264=(
NAMED_UNIT(*)
SI_UNIT($,.STERADIAN.)
SOLID_ANGLE_UNIT()
);
#2265=SHAPE_DEFINITION_REPRESENTATION(#2267,#2270);
#2266=SHAPE_DEFINITION_REPRESENTATION(#2268,#2271);
#2267=PRODUCT_DEFINITION_SHAPE('',$,#2273);
#2268=PRODUCT_DEFINITION_SHAPE('',$,#2274);
#2269=PRODUCT_DEFINITION_SHAPE($,$,#14);
#2270=SHAPE_REPRESENTATION('',(#1169,#1288),#2258);
#2271=SHAPE_REPRESENTATION('',(#1170),#2259);
#2272=PRODUCT_DEFINITION_CONTEXT('part definition',#2280,'design');
#2273=PRODUCT_DEFINITION('version-4','version-4 v38',#2275,#2272);
#2274=PRODUCT_DEFINITION('lichtschranke','lichtschranke',#2276,#2272);
#2275=PRODUCT_DEFINITION_FORMATION('',$,#2282);
#2276=PRODUCT_DEFINITION_FORMATION('',$,#2283);
#2277=PRODUCT_RELATED_PRODUCT_CATEGORY('version-4 v38','version-4 v38',
(#2282));
#2278=PRODUCT_RELATED_PRODUCT_CATEGORY('lichtschranke','lichtschranke',
(#2283));
#2279=APPLICATION_PROTOCOL_DEFINITION('international standard',
'automotive_design',2009,#2280);
#2280=APPLICATION_CONTEXT(
'Core Data for Automotive Mechanical Design Process');
#2281=PRODUCT_CONTEXT('part definition',#2280,'mechanical');
#2282=PRODUCT('version-4','version-4 v38',$,(#2281));
#2283=PRODUCT('lichtschranke','lichtschranke',$,(#2281));
#2284=PRESENTATION_STYLE_ASSIGNMENT((#2287));
#2285=PRESENTATION_STYLE_ASSIGNMENT((#2288));
#2286=PRESENTATION_STYLE_ASSIGNMENT((#2289));
#2287=SURFACE_STYLE_USAGE(.BOTH.,#2290);
#2288=SURFACE_STYLE_USAGE(.BOTH.,#2291);
#2289=SURFACE_STYLE_USAGE(.BOTH.,#2292);
#2290=SURFACE_SIDE_STYLE('',(#2293));
#2291=SURFACE_SIDE_STYLE('',(#2294));
#2292=SURFACE_SIDE_STYLE('',(#2295));
#2293=SURFACE_STYLE_FILL_AREA(#2296);
#2294=SURFACE_STYLE_FILL_AREA(#2297);
#2295=SURFACE_STYLE_FILL_AREA(#2298);
#2296=FILL_AREA_STYLE('Stahl - satiniert',(#2299));
#2297=FILL_AREA_STYLE('PEEK',(#2300));
#2298=FILL_AREA_STYLE('Kunststoff - gl\X\E4nzend (Grau)',(#2301));
#2299=FILL_AREA_STYLE_COLOUR('Stahl - satiniert',#2302);
#2300=FILL_AREA_STYLE_COLOUR('PEEK',#2303);
#2301=FILL_AREA_STYLE_COLOUR('Kunststoff - gl\X\E4nzend (Grau)',#2304);
#2302=COLOUR_RGB('Stahl - satiniert',0.627450980392157,0.627450980392157,
0.627450980392157);
#2303=COLOUR_RGB('PEEK',0.6,0.509803921568627,0.368627450980392);
#2304=COLOUR_RGB('Kunststoff - gl\X\E4nzend (Grau)',0.701960784313725,0.701960784313725,
0.701960784313725);
ENDSEC;
END-ISO-10303-21;
