ISO-10303-21;
HEADER;
/* Generated by software containing ST-Developer
 * from STEP Tools, Inc. (www.steptools.com) 
 */

FILE_DESCRIPTION(
/* description */ (''),
/* implementation_level */ '2;1');

FILE_NAME(
/* name */ 'schaufel-2026-06-10.step',
/* time_stamp */ '2026-06-10T03:15:49+02:00',
/* author */ (''),
/* organization */ (''),
/* preprocessor_version */ 'ST-DEVELOPER v20.1',
/* originating_system */ 'Autodesk Translation Framework v15.8.0.0',
/* authorisation */ '');

FILE_SCHEMA (('AUTOMOTIVE_DESIGN { 1 0 10303 214 3 1 1 }'));
ENDSEC;

DATA;
#10=MECHANICAL_DESIGN_GEOMETRIC_PRESENTATION_REPRESENTATION('',(#17),#2484);
#11=ITEM_DEFINED_TRANSFORMATION($,$,#1354,#1509);
#12=(
REPRESENTATION_RELATIONSHIP($,$,#2495,#2494)
REPRESENTATION_RELATIONSHIP_WITH_TRANSFORMATION(#11)
SHAPE_REPRESENTATION_RELATIONSHIP()
);
#13=CONTEXT_DEPENDENT_SHAPE_REPRESENTATION(#12,#2493);
#14=NEXT_ASSEMBLY_USAGE_OCCURRENCE('schaufel:1','schaufel:1',
'schaufel:1',#2497,#2498,'schaufel:1');
#15=SHAPE_REPRESENTATION_RELATIONSHIP('SRR','None',#2495,#16);
#16=ADVANCED_BREP_SHAPE_REPRESENTATION('',(#18),#2483);
#17=STYLED_ITEM('',(#2510),#18);
#18=MANIFOLD_SOLID_BREP('schaufel',#1340);
#19=FACE_BOUND('',#399,.T.);
#20=FACE_BOUND('',#403,.T.);
#21=FACE_BOUND('',#406,.T.);
#22=FACE_BOUND('',#412,.T.);
#23=FACE_BOUND('',#418,.T.);
#24=PLANE('',#1372);
#25=PLANE('',#1381);
#26=PLANE('',#1384);
#27=PLANE('',#1390);
#28=PLANE('',#1416);
#29=PLANE('',#1421);
#30=PLANE('',#1425);
#31=PLANE('',#1426);
#32=PLANE('',#1433);
#33=PLANE('',#1434);
#34=PLANE('',#1439);
#35=PLANE('',#1440);
#36=PLANE('',#1441);
#37=PLANE('',#1449);
#38=PLANE('',#1454);
#39=PLANE('',#1464);
#40=PLANE('',#1475);
#41=PLANE('',#1476);
#42=PLANE('',#1483);
#43=PLANE('',#1490);
#44=PLANE('',#1499);
#45=PLANE('',#1502);
#46=PLANE('',#1506);
#47=PLANE('',#1508);
#48=LINE('',#1952,#147);
#49=LINE('',#1954,#148);
#50=LINE('',#1986,#149);
#51=LINE('',#1989,#150);
#52=LINE('',#2007,#151);
#53=LINE('',#2011,#152);
#54=LINE('',#2014,#153);
#55=LINE('',#2018,#154);
#56=LINE('',#2070,#155);
#57=LINE('',#2073,#156);
#58=LINE('',#2075,#157);
#59=LINE('',#2077,#158);
#60=LINE('',#2079,#159);
#61=LINE('',#2080,#160);
#62=LINE('',#2083,#161);
#63=LINE('',#2087,#162);
#64=LINE('',#2089,#163);
#65=LINE('',#2091,#164);
#66=LINE('',#2092,#165);
#67=LINE('',#2126,#166);
#68=LINE('',#2138,#167);
#69=LINE('',#2141,#168);
#70=LINE('',#2155,#169);
#71=LINE('',#2166,#170);
#72=LINE('',#2170,#171);
#73=LINE('',#2174,#172);
#74=LINE('',#2189,#173);
#75=LINE('',#2220,#174);
#76=LINE('',#2241,#175);
#77=LINE('',#2244,#176);
#78=LINE('',#2246,#177);
#79=LINE('',#2250,#178);
#80=LINE('',#2253,#179);
#81=LINE('',#2256,#180);
#82=LINE('',#2258,#181);
#83=LINE('',#2260,#182);
#84=LINE('',#2261,#183);
#85=LINE('',#2265,#184);
#86=LINE('',#2268,#185);
#87=LINE('',#2271,#186);
#88=LINE('',#2273,#187);
#89=LINE('',#2275,#188);
#90=LINE('',#2277,#189);
#91=LINE('',#2279,#190);
#92=LINE('',#2280,#191);
#93=LINE('',#2282,#192);
#94=LINE('',#2285,#193);
#95=LINE('',#2289,#194);
#96=LINE('',#2291,#195);
#97=LINE('',#2293,#196);
#98=LINE('',#2294,#197);
#99=LINE('',#2297,#198);
#100=LINE('',#2299,#199);
#101=LINE('',#2301,#200);
#102=LINE('',#2303,#201);
#103=LINE('',#2304,#202);
#104=LINE('',#2310,#203);
#105=LINE('',#2313,#204);
#106=LINE('',#2317,#205);
#107=LINE('',#2318,#206);
#108=LINE('',#2321,#207);
#109=LINE('',#2322,#208);
#110=LINE('',#2326,#209);
#111=LINE('',#2329,#210);
#112=LINE('',#2332,#211);
#113=LINE('',#2334,#212);
#114=LINE('',#2356,#213);
#115=LINE('',#2360,#214);
#116=LINE('',#2365,#215);
#117=LINE('',#2371,#216);
#118=LINE('',#2374,#217);
#119=LINE('',#2377,#218);
#120=LINE('',#2379,#219);
#121=LINE('',#2380,#220);
#122=LINE('',#2385,#221);
#123=LINE('',#2391,#222);
#124=LINE('',#2392,#223);
#125=LINE('',#2397,#224);
#126=LINE('',#2402,#225);
#127=LINE('',#2406,#226);
#128=LINE('',#2408,#227);
#129=LINE('',#2409,#228);
#130=LINE('',#2419,#229);
#131=LINE('',#2425,#230);
#132=LINE('',#2431,#231);
#133=LINE('',#2438,#232);
#134=LINE('',#2447,#233);
#135=LINE('',#2449,#234);
#136=LINE('',#2454,#235);
#137=LINE('',#2455,#236);
#138=LINE('',#2458,#237);
#139=LINE('',#2460,#238);
#140=LINE('',#2463,#239);
#141=LINE('',#2465,#240);
#142=LINE('',#2467,#241);
#143=LINE('',#2469,#242);
#144=LINE('',#2471,#243);
#145=LINE('',#2473,#244);
#146=LINE('',#2475,#245);
#147=VECTOR('',#1532,10.);
#148=VECTOR('',#1533,10.);
#149=VECTOR('',#1542,10.);
#150=VECTOR('',#1545,10.);
#151=VECTOR('',#1558,10.);
#152=VECTOR('',#1561,10.);
#153=VECTOR('',#1564,10.);
#154=VECTOR('',#1567,10.);
#155=VECTOR('',#1574,10.);
#156=VECTOR('',#1577,10.);
#157=VECTOR('',#1578,10.);
#158=VECTOR('',#1579,10.);
#159=VECTOR('',#1580,10.);
#160=VECTOR('',#1581,10.);
#161=VECTOR('',#1584,10.);
#162=VECTOR('',#1589,10.);
#163=VECTOR('',#1590,10.);
#164=VECTOR('',#1591,10.);
#165=VECTOR('',#1592,10.);
#166=VECTOR('',#1601,10.);
#167=VECTOR('',#1602,10.);
#168=VECTOR('',#1605,10.);
#169=VECTOR('',#1606,10.);
#170=VECTOR('',#1617,10.);
#171=VECTOR('',#1620,10.);
#172=VECTOR('',#1623,10.);
#173=VECTOR('',#1634,10.);
#174=VECTOR('',#1643,10.);
#175=VECTOR('',#1656,1.);
#176=VECTOR('',#1659,1.);
#177=VECTOR('',#1662,10.);
#178=VECTOR('',#1665,10.);
#179=VECTOR('',#1668,10.);
#180=VECTOR('',#1671,10.);
#181=VECTOR('',#1672,10.);
#182=VECTOR('',#1673,10.);
#183=VECTOR('',#1674,1.);
#184=VECTOR('',#1679,1.);
#185=VECTOR('',#1682,4.5);
#186=VECTOR('',#1685,4.5);
#187=VECTOR('',#1688,10.);
#188=VECTOR('',#1689,4.5);
#189=VECTOR('',#1690,10.);
#190=VECTOR('',#1691,10.);
#191=VECTOR('',#1692,10.);
#192=VECTOR('',#1695,10.);
#193=VECTOR('',#1698,4.5);
#194=VECTOR('',#1703,10.);
#195=VECTOR('',#1704,10.);
#196=VECTOR('',#1705,10.);
#197=VECTOR('',#1706,10.);
#198=VECTOR('',#1709,10.);
#199=VECTOR('',#1710,10.);
#200=VECTOR('',#1711,10.);
#201=VECTOR('',#1712,10.);
#202=VECTOR('',#1713,10.);
#203=VECTOR('',#1722,10.);
#204=VECTOR('',#1725,10.);
#205=VECTOR('',#1730,10.);
#206=VECTOR('',#1731,10.);
#207=VECTOR('',#1734,10.);
#208=VECTOR('',#1735,10.);
#209=VECTOR('',#1740,10.);
#210=VECTOR('',#1743,10.);
#211=VECTOR('',#1748,10.);
#212=VECTOR('',#1751,10.);
#213=VECTOR('',#1784,10.);
#214=VECTOR('',#1787,10.);
#215=VECTOR('',#1794,2.00000002980232);
#216=VECTOR('',#1799,10.);
#217=VECTOR('',#1802,10.);
#218=VECTOR('',#1805,10.);
#219=VECTOR('',#1806,10.);
#220=VECTOR('',#1807,10.);
#221=VECTOR('',#1812,10.);
#222=VECTOR('',#1819,10.);
#223=VECTOR('',#1820,10.);
#224=VECTOR('',#1825,10.);
#225=VECTOR('',#1830,10.);
#226=VECTOR('',#1835,10.);
#227=VECTOR('',#1836,10.);
#228=VECTOR('',#1837,10.);
#229=VECTOR('',#1846,10.);
#230=VECTOR('',#1853,10.);
#231=VECTOR('',#1858,10.);
#232=VECTOR('',#1865,10.);
#233=VECTOR('',#1876,10.);
#234=VECTOR('',#1877,10.);
#235=VECTOR('',#1884,10.);
#236=VECTOR('',#1885,10.);
#237=VECTOR('',#1890,10.);
#238=VECTOR('',#1893,10.);
#239=VECTOR('',#1898,10.);
#240=VECTOR('',#1901,10.);
#241=VECTOR('',#1904,10.);
#242=VECTOR('',#1907,10.);
#243=VECTOR('',#1910,10.);
#244=VECTOR('',#1913,10.);
#245=VECTOR('',#1916,10.);
#246=CYLINDRICAL_SURFACE('',#1363,0.4);
#247=CYLINDRICAL_SURFACE('',#1367,0.4);
#248=CYLINDRICAL_SURFACE('',#1377,0.4);
#249=CYLINDRICAL_SURFACE('',#1380,0.4);
#250=CYLINDRICAL_SURFACE('',#1382,2.1);
#251=CYLINDRICAL_SURFACE('',#1388,0.4);
#252=CYLINDRICAL_SURFACE('',#1389,0.4);
#253=CYLINDRICAL_SURFACE('',#1401,0.4);
#254=CYLINDRICAL_SURFACE('',#1404,0.4);
#255=CYLINDRICAL_SURFACE('',#1411,1.);
#256=CYLINDRICAL_SURFACE('',#1413,11.4999999999999);
#257=CYLINDRICAL_SURFACE('',#1417,1.);
#258=CYLINDRICAL_SURFACE('',#1419,4.5);
#259=CYLINDRICAL_SURFACE('',#1422,3.);
#260=CYLINDRICAL_SURFACE('',#1423,4.5);
#261=CYLINDRICAL_SURFACE('',#1427,2.1);
#262=CYLINDRICAL_SURFACE('',#1429,4.50000001490116);
#263=CYLINDRICAL_SURFACE('',#1431,4.50000001490116);
#264=CYLINDRICAL_SURFACE('',#1435,3.10000001490116);
#265=CYLINDRICAL_SURFACE('',#1437,3.10000001490116);
#266=CYLINDRICAL_SURFACE('',#1445,3.5);
#267=CYLINDRICAL_SURFACE('',#1447,4.00000005960464);
#268=CYLINDRICAL_SURFACE('',#1452,3.5);
#269=CYLINDRICAL_SURFACE('',#1460,2.00000002980232);
#270=CYLINDRICAL_SURFACE('',#1461,0.4);
#271=CYLINDRICAL_SURFACE('',#1465,0.4);
#272=CYLINDRICAL_SURFACE('',#1468,21.0000003129244);
#273=CYLINDRICAL_SURFACE('',#1472,3.);
#274=CYLINDRICAL_SURFACE('',#1495,20.0000002980232);
#275=CYLINDRICAL_SURFACE('',#1496,2.49999999999999);
#276=CYLINDRICAL_SURFACE('',#1497,3.);
#277=CYLINDRICAL_SURFACE('',#1498,19.9999997706357);
#278=CYLINDRICAL_SURFACE('',#1500,20.0000002980232);
#279=CYLINDRICAL_SURFACE('',#1501,3.);
#280=CYLINDRICAL_SURFACE('',#1503,3.);
#281=CYLINDRICAL_SURFACE('',#1504,4.00000005960465);
#282=CYLINDRICAL_SURFACE('',#1505,11.9999999999994);
#283=CYLINDRICAL_SURFACE('',#1507,5.75000000000006);
#284=FACE_OUTER_BOUND('',#356,.T.);
#285=FACE_OUTER_BOUND('',#357,.T.);
#286=FACE_OUTER_BOUND('',#358,.T.);
#287=FACE_OUTER_BOUND('',#359,.T.);
#288=FACE_OUTER_BOUND('',#360,.T.);
#289=FACE_OUTER_BOUND('',#361,.T.);
#290=FACE_OUTER_BOUND('',#362,.T.);
#291=FACE_OUTER_BOUND('',#363,.T.);
#292=FACE_OUTER_BOUND('',#364,.T.);
#293=FACE_OUTER_BOUND('',#365,.T.);
#294=FACE_OUTER_BOUND('',#366,.T.);
#295=FACE_OUTER_BOUND('',#367,.T.);
#296=FACE_OUTER_BOUND('',#368,.T.);
#297=FACE_OUTER_BOUND('',#369,.T.);
#298=FACE_OUTER_BOUND('',#370,.T.);
#299=FACE_OUTER_BOUND('',#371,.T.);
#300=FACE_OUTER_BOUND('',#372,.T.);
#301=FACE_OUTER_BOUND('',#373,.T.);
#302=FACE_OUTER_BOUND('',#374,.T.);
#303=FACE_OUTER_BOUND('',#375,.T.);
#304=FACE_OUTER_BOUND('',#376,.T.);
#305=FACE_OUTER_BOUND('',#377,.T.);
#306=FACE_OUTER_BOUND('',#378,.T.);
#307=FACE_OUTER_BOUND('',#379,.T.);
#308=FACE_OUTER_BOUND('',#380,.T.);
#309=FACE_OUTER_BOUND('',#381,.T.);
#310=FACE_OUTER_BOUND('',#382,.T.);
#311=FACE_OUTER_BOUND('',#383,.T.);
#312=FACE_OUTER_BOUND('',#384,.T.);
#313=FACE_OUTER_BOUND('',#385,.T.);
#314=FACE_OUTER_BOUND('',#386,.T.);
#315=FACE_OUTER_BOUND('',#387,.T.);
#316=FACE_OUTER_BOUND('',#388,.T.);
#317=FACE_OUTER_BOUND('',#389,.T.);
#318=FACE_OUTER_BOUND('',#390,.T.);
#319=FACE_OUTER_BOUND('',#391,.T.);
#320=FACE_OUTER_BOUND('',#392,.T.);
#321=FACE_OUTER_BOUND('',#393,.T.);
#322=FACE_OUTER_BOUND('',#394,.T.);
#323=FACE_OUTER_BOUND('',#395,.T.);
#324=FACE_OUTER_BOUND('',#396,.T.);
#325=FACE_OUTER_BOUND('',#397,.T.);
#326=FACE_OUTER_BOUND('',#398,.T.);
#327=FACE_OUTER_BOUND('',#400,.T.);
#328=FACE_OUTER_BOUND('',#401,.T.);
#329=FACE_OUTER_BOUND('',#402,.T.);
#330=FACE_OUTER_BOUND('',#404,.T.);
#331=FACE_OUTER_BOUND('',#405,.T.);
#332=FACE_OUTER_BOUND('',#407,.T.);
#333=FACE_OUTER_BOUND('',#408,.T.);
#334=FACE_OUTER_BOUND('',#409,.T.);
#335=FACE_OUTER_BOUND('',#410,.T.);
#336=FACE_OUTER_BOUND('',#411,.T.);
#337=FACE_OUTER_BOUND('',#413,.T.);
#338=FACE_OUTER_BOUND('',#414,.T.);
#339=FACE_OUTER_BOUND('',#415,.T.);
#340=FACE_OUTER_BOUND('',#416,.T.);
#341=FACE_OUTER_BOUND('',#417,.T.);
#342=FACE_OUTER_BOUND('',#419,.T.);
#343=FACE_OUTER_BOUND('',#420,.T.);
#344=FACE_OUTER_BOUND('',#421,.T.);
#345=FACE_OUTER_BOUND('',#422,.T.);
#346=FACE_OUTER_BOUND('',#423,.T.);
#347=FACE_OUTER_BOUND('',#424,.T.);
#348=FACE_OUTER_BOUND('',#425,.T.);
#349=FACE_OUTER_BOUND('',#426,.T.);
#350=FACE_OUTER_BOUND('',#427,.T.);
#351=FACE_OUTER_BOUND('',#428,.T.);
#352=FACE_OUTER_BOUND('',#429,.T.);
#353=FACE_OUTER_BOUND('',#430,.T.);
#354=FACE_OUTER_BOUND('',#431,.T.);
#355=FACE_OUTER_BOUND('',#432,.T.);
#356=EDGE_LOOP('',(#860,#861,#862,#863,#864));
#357=EDGE_LOOP('',(#865,#866,#867,#868));
#358=EDGE_LOOP('',(#869,#870,#871,#872));
#359=EDGE_LOOP('',(#873,#874,#875,#876));
#360=EDGE_LOOP('',(#877,#878,#879,#880));
#361=EDGE_LOOP('',(#881,#882,#883,#884));
#362=EDGE_LOOP('',(#885,#886,#887,#888,#889,#890,#891,#892,#893,#894,#895,
#896,#897));
#363=EDGE_LOOP('',(#898,#899,#900,#901));
#364=EDGE_LOOP('',(#902,#903,#904,#905));
#365=EDGE_LOOP('',(#906,#907,#908,#909));
#366=EDGE_LOOP('',(#910,#911,#912,#913,#914,#915));
#367=EDGE_LOOP('',(#916,#917,#918,#919));
#368=EDGE_LOOP('',(#920,#921,#922,#923,#924,#925));
#369=EDGE_LOOP('',(#926,#927,#928,#929));
#370=EDGE_LOOP('',(#930,#931,#932,#933));
#371=EDGE_LOOP('',(#934,#935,#936,#937));
#372=EDGE_LOOP('',(#938,#939,#940,#941,#942,#943,#944,#945,#946,#947,#948,
#949,#950));
#373=EDGE_LOOP('',(#951,#952,#953,#954));
#374=EDGE_LOOP('',(#955,#956,#957,#958));
#375=EDGE_LOOP('',(#959,#960,#961,#962));
#376=EDGE_LOOP('',(#963,#964,#965,#966));
#377=EDGE_LOOP('',(#967,#968,#969,#970));
#378=EDGE_LOOP('',(#971,#972,#973,#974,#975));
#379=EDGE_LOOP('',(#976,#977,#978,#979));
#380=EDGE_LOOP('',(#980,#981,#982,#983,#984,#985,#986,#987,#988,#989));
#381=EDGE_LOOP('',(#990,#991,#992,#993,#994,#995,#996,#997,#998,#999));
#382=EDGE_LOOP('',(#1000,#1001,#1002,#1003));
#383=EDGE_LOOP('',(#1004,#1005,#1006,#1007));
#384=EDGE_LOOP('',(#1008,#1009,#1010,#1011,#1012,#1013,#1014,#1015));
#385=EDGE_LOOP('',(#1016,#1017,#1018,#1019,#1020,#1021));
#386=EDGE_LOOP('',(#1022,#1023,#1024,#1025));
#387=EDGE_LOOP('',(#1026,#1027,#1028,#1029,#1030,#1031));
#388=EDGE_LOOP('',(#1032,#1033,#1034,#1035,#1036,#1037));
#389=EDGE_LOOP('',(#1038,#1039,#1040,#1041));
#390=EDGE_LOOP('',(#1042,#1043,#1044,#1045));
#391=EDGE_LOOP('',(#1046,#1047,#1048,#1049));
#392=EDGE_LOOP('',(#1050,#1051,#1052,#1053));
#393=EDGE_LOOP('',(#1054,#1055,#1056,#1057));
#394=EDGE_LOOP('',(#1058,#1059,#1060,#1061));
#395=EDGE_LOOP('',(#1062,#1063,#1064,#1065));
#396=EDGE_LOOP('',(#1066,#1067,#1068,#1069));
#397=EDGE_LOOP('',(#1070,#1071,#1072,#1073));
#398=EDGE_LOOP('',(#1074,#1075,#1076,#1077,#1078));
#399=EDGE_LOOP('',(#1079));
#400=EDGE_LOOP('',(#1080,#1081,#1082,#1083));
#401=EDGE_LOOP('',(#1084,#1085,#1086,#1087,#1088,#1089,#1090,#1091,#1092,
#1093));
#402=EDGE_LOOP('',(#1094,#1095,#1096,#1097,#1098));
#403=EDGE_LOOP('',(#1099));
#404=EDGE_LOOP('',(#1100,#1101,#1102,#1103));
#405=EDGE_LOOP('',(#1104,#1105,#1106,#1107,#1108,#1109,#1110,#1111,#1112,
#1113,#1114,#1115,#1116,#1117,#1118));
#406=EDGE_LOOP('',(#1119,#1120,#1121,#1122));
#407=EDGE_LOOP('',(#1123,#1124,#1125,#1126));
#408=EDGE_LOOP('',(#1127,#1128,#1129,#1130));
#409=EDGE_LOOP('',(#1131,#1132,#1133,#1134));
#410=EDGE_LOOP('',(#1135,#1136,#1137,#1138));
#411=EDGE_LOOP('',(#1139,#1140,#1141,#1142));
#412=EDGE_LOOP('',(#1143,#1144,#1145,#1146));
#413=EDGE_LOOP('',(#1147,#1148,#1149,#1150));
#414=EDGE_LOOP('',(#1151,#1152,#1153,#1154));
#415=EDGE_LOOP('',(#1155,#1156,#1157,#1158,#1159,#1160,#1161,#1162,#1163,
#1164,#1165,#1166,#1167,#1168));
#416=EDGE_LOOP('',(#1169,#1170,#1171,#1172,#1173,#1174,#1175,#1176,#1177,
#1178,#1179,#1180,#1181,#1182));
#417=EDGE_LOOP('',(#1183,#1184,#1185,#1186,#1187,#1188,#1189,#1190,#1191,
#1192,#1193,#1194,#1195,#1196,#1197));
#418=EDGE_LOOP('',(#1198,#1199,#1200,#1201));
#419=EDGE_LOOP('',(#1202,#1203,#1204,#1205));
#420=EDGE_LOOP('',(#1206,#1207,#1208,#1209));
#421=EDGE_LOOP('',(#1210,#1211,#1212,#1213));
#422=EDGE_LOOP('',(#1214,#1215,#1216,#1217));
#423=EDGE_LOOP('',(#1218,#1219,#1220,#1221));
#424=EDGE_LOOP('',(#1222,#1223,#1224,#1225));
#425=EDGE_LOOP('',(#1226,#1227,#1228,#1229));
#426=EDGE_LOOP('',(#1230,#1231,#1232,#1233));
#427=EDGE_LOOP('',(#1234,#1235,#1236,#1237));
#428=EDGE_LOOP('',(#1238,#1239,#1240,#1241));
#429=EDGE_LOOP('',(#1242,#1243,#1244,#1245));
#430=EDGE_LOOP('',(#1246,#1247,#1248,#1249));
#431=EDGE_LOOP('',(#1250,#1251,#1252,#1253));
#432=EDGE_LOOP('',(#1254,#1255,#1256,#1257));
#433=CIRCLE('',#1356,4.9);
#434=CIRCLE('',#1357,0.4);
#435=CIRCLE('',#1358,4.5);
#436=CIRCLE('',#1360,0.4);
#437=CIRCLE('',#1361,4.50000001490116);
#438=CIRCLE('',#1362,4.10000001490116);
#439=CIRCLE('',#1365,3.10000001490116);
#440=CIRCLE('',#1366,2.70000001490116);
#441=CIRCLE('',#1368,0.4);
#442=CIRCLE('',#1370,1.);
#443=CIRCLE('',#1371,1.4);
#444=CIRCLE('',#1373,3.);
#445=CIRCLE('',#1374,4.00000005960464);
#446=CIRCLE('',#1375,2.5);
#447=CIRCLE('',#1376,11.4999999999999);
#448=CIRCLE('',#1379,2.1);
#449=CIRCLE('',#1383,2.1);
#450=CIRCLE('',#1386,2.5);
#451=CIRCLE('',#1387,2.1);
#452=CIRCLE('',#1391,4.00000005960464);
#453=CIRCLE('',#1392,3.);
#454=CIRCLE('',#1393,4.9);
#455=CIRCLE('',#1394,4.10000001490116);
#456=CIRCLE('',#1395,2.70000001490116);
#457=CIRCLE('',#1396,1.4);
#458=CIRCLE('',#1397,11.4999999999999);
#459=CIRCLE('',#1399,0.4);
#460=CIRCLE('',#1400,1.);
#461=CIRCLE('',#1403,3.10000001490116);
#462=CIRCLE('',#1405,0.4);
#463=CIRCLE('',#1407,0.4);
#464=CIRCLE('',#1408,4.50000001490116);
#465=CIRCLE('',#1410,4.5);
#466=CIRCLE('',#1412,1.);
#467=CIRCLE('',#1414,11.4999999999999);
#468=CIRCLE('',#1415,11.4999999999999);
#469=CIRCLE('',#1418,1.);
#470=CIRCLE('',#1420,4.5);
#471=CIRCLE('',#1424,4.5);
#472=CIRCLE('',#1428,2.1);
#473=CIRCLE('',#1430,4.50000001490116);
#474=CIRCLE('',#1432,4.50000001490116);
#475=CIRCLE('',#1436,3.10000001490116);
#476=CIRCLE('',#1438,3.10000001490116);
#477=CIRCLE('',#1442,4.00000005960464);
#478=CIRCLE('',#1443,3.5);
#479=CIRCLE('',#1444,2.00000002980232);
#480=CIRCLE('',#1446,3.5);
#481=CIRCLE('',#1448,4.00000005960464);
#482=CIRCLE('',#1450,3.5);
#483=CIRCLE('',#1451,2.00000002980232);
#484=CIRCLE('',#1453,3.5);
#485=CIRCLE('',#1455,2.49999999999999);
#486=CIRCLE('',#1456,20.0000002980232);
#487=CIRCLE('',#1457,21.0000003129244);
#488=CIRCLE('',#1458,19.9999997706357);
#489=CIRCLE('',#1459,3.);
#490=CIRCLE('',#1462,0.4);
#491=CIRCLE('',#1463,0.4);
#492=CIRCLE('',#1466,0.4);
#493=CIRCLE('',#1467,0.4);
#494=CIRCLE('',#1469,21.0000003129244);
#495=CIRCLE('',#1470,21.0000003129244);
#496=CIRCLE('',#1471,21.0000003129244);
#497=CIRCLE('',#1473,3.);
#498=CIRCLE('',#1474,3.);
#499=CIRCLE('',#1477,3.);
#500=CIRCLE('',#1478,4.00000005960465);
#501=CIRCLE('',#1479,11.9999999999994);
#502=CIRCLE('',#1480,5.75000000000006);
#503=CIRCLE('',#1481,20.0000002980232);
#504=CIRCLE('',#1482,3.);
#505=CIRCLE('',#1484,3.);
#506=CIRCLE('',#1485,3.);
#507=CIRCLE('',#1486,20.0000002980232);
#508=CIRCLE('',#1487,5.75000000000006);
#509=CIRCLE('',#1488,11.9999999999994);
#510=CIRCLE('',#1489,4.00000005960465);
#511=CIRCLE('',#1491,3.);
#512=CIRCLE('',#1492,19.9999997706357);
#513=CIRCLE('',#1493,20.0000002980232);
#514=CIRCLE('',#1494,2.49999999999999);
#515=B_SPLINE_CURVE_WITH_KNOTS('',3,(#1928,#1929,#1930,#1931,#1932,#1933),
 .UNSPECIFIED.,.F.,.F.,(4,2,4),(0.274533821574726,0.275248838268295,0.341274893967552),
 .UNSPECIFIED.);
#516=B_SPLINE_CURVE_WITH_KNOTS('',3,(#1940,#1941,#1942,#1943),
 .UNSPECIFIED.,.F.,.F.,(4,4),(0.435736009135974,0.568910642187578),
 .UNSPECIFIED.);
#517=B_SPLINE_CURVE_WITH_KNOTS('',3,(#1955,#1956,#1957,#1958,#1959,#1960,
#1961,#1962,#1963,#1964,#1965,#1966),.UNSPECIFIED.,.F.,.F.,(4,2,2,2,2,4),
(-0.000422398536410294,0.,0.0157683386739401,0.0314030981792952,0.0470237568599677,
0.0626375455287544),.UNSPECIFIED.);
#518=B_SPLINE_CURVE_WITH_KNOTS('',3,(#1972,#1973,#1974,#1975,#1976,#1977,
#1978,#1979,#1980,#1981,#1982,#1983),.UNSPECIFIED.,.F.,.F.,(4,2,2,2,2,4),
(-0.125697489596099,-0.125275091059671,-0.10950675238549,-0.0938719928798495,
-0.0782513341988927,-0.0626375455298266),.UNSPECIFIED.);
#519=B_SPLINE_CURVE_WITH_KNOTS('',3,(#1993,#1994,#1995,#1996,#1997,#1998),
 .UNSPECIFIED.,.F.,.F.,(4,2,4),(0.,0.0631279209631103,0.100912626214154),
 .UNSPECIFIED.);
#520=B_SPLINE_CURVE_WITH_KNOTS('',3,(#2019,#2020,#2021,#2022,#2023,#2024,
#2025,#2026,#2027,#2028),.UNSPECIFIED.,.F.,.F.,(4,2,2,2,4),(0.0784728355776349,
0.101511551253211,0.124550266928787,0.139347851577152,0.154145436225518),
 .UNSPECIFIED.);
#521=B_SPLINE_CURVE_WITH_KNOTS('',3,(#2029,#2030,#2031,#2032,#2033,#2034,
#2035,#2036,#2037,#2038,#2039,#2040),.UNSPECIFIED.,.F.,.F.,(4,2,2,2,2,4),
(-0.0630638391496019,-0.0626357127412649,-0.0468634872372166,-0.0312251363023397,
-0.0156071415432383,0.),.UNSPECIFIED.);
#522=B_SPLINE_CURVE_WITH_KNOTS('',3,(#2044,#2045,#2046,#2047,#2048,#2049,
#2050,#2051,#2052,#2053,#2054,#2055),.UNSPECIFIED.,.F.,.F.,(4,2,2,2,2,4),
(-0.000428146021314458,0.,0.0157729480485079,0.031412015394922,0.0470307256330191,
0.0626385821580557),.UNSPECIFIED.);
#523=B_SPLINE_CURVE_WITH_KNOTS('',3,(#2058,#2059,#2060,#2061,#2062,#2063,
#2064,#2065,#2066,#2067,#2068,#2069),.UNSPECIFIED.,.F.,.F.,(4,2,2,2,2,4),
(0.20853306882813,0.216649054901792,0.224765040975453,0.2405219541003,0.256278867225146,
0.331958157111174),.UNSPECIFIED.);
#524=B_SPLINE_CURVE_WITH_KNOTS('',3,(#2098,#2099,#2100,#2101,#2102,#2103,
#2104,#2105,#2106,#2107,#2108,#2109),.UNSPECIFIED.,.F.,.F.,(4,2,2,2,2,4),
(-0.000428146021307648,0.,0.0157729480483579,0.031412015394595,0.0470307256325162,
0.0626385821573757),.UNSPECIFIED.);
#525=B_SPLINE_CURVE_WITH_KNOTS('',3,(#2112,#2113,#2114,#2115,#2116,#2117,
#2118,#2119,#2120,#2121,#2122,#2123),.UNSPECIFIED.,.F.,.F.,(4,2,2,2,2,4),
(0.,0.0156071415432374,0.0312251363023359,0.0468634872372095,0.0626357127412259,
0.0630638391495638),.UNSPECIFIED.);
#526=B_SPLINE_CURVE_WITH_KNOTS('',3,(#2128,#2129,#2130,#2131,#2132,#2133,
#2134,#2135,#2136,#2137),.UNSPECIFIED.,.F.,.F.,(4,2,2,2,4),(0.,0.0147975846483657,
0.0295951692967314,0.0526338849723073,0.0756726006478832),.UNSPECIFIED.);
#527=B_SPLINE_CURVE_WITH_KNOTS('',3,(#2143,#2144,#2145,#2146,#2147,#2148,
#2149,#2150,#2151,#2152,#2153,#2154),.UNSPECIFIED.,.F.,.F.,(4,2,2,2,2,4),
(0.502174118201347,0.577853408087375,0.593610321212221,0.609367234337068,
0.617483220410729,0.62559920648439),.UNSPECIFIED.);
#528=B_SPLINE_CURVE_WITH_KNOTS('',3,(#2181,#2182,#2183,#2184,#2185,#2186),
 .UNSPECIFIED.,.F.,.F.,(4,2,4),(0.238015283141856,0.2757999883929,0.33892790935601),
 .UNSPECIFIED.);
#529=B_SPLINE_CURVE_WITH_KNOTS('',3,(#2190,#2191,#2192,#2193,#2194,#2195,
#2196,#2197,#2198,#2199,#2200,#2201),.UNSPECIFIED.,.F.,.F.,(4,2,2,2,2,4),
(-0.000422398536418485,0.,0.015768338674183,0.0314030981798236,0.0470237568607806,
0.0626375455298469),.UNSPECIFIED.);
#530=B_SPLINE_CURVE_WITH_KNOTS('',3,(#2205,#2206,#2207,#2208,#2209,#2210,
#2211,#2212,#2213,#2214,#2215,#2216),.UNSPECIFIED.,.F.,.F.,(4,2,2,2,2,4),
(-0.125697489593284,-0.125275091056871,-0.109506752383453,-0.0938719928781249,
-0.0782513341974796,-0.0626375455287198),.UNSPECIFIED.);
#531=B_SPLINE_CURVE_WITH_KNOTS('',3,(#2228,#2229,#2230,#2231),
 .UNSPECIFIED.,.F.,.F.,(4,4),(0.,0.133174633051605),.UNSPECIFIED.);
#532=B_SPLINE_CURVE_WITH_KNOTS('',3,(#2233,#2234,#2235,#2236,#2237,#2238),
 .UNSPECIFIED.,.F.,.F.,(4,2,4),(0.55869543085637,0.608680690513818,0.627651210363443),
 .UNSPECIFIED.);
#533=VERTEX_POINT('',#1926);
#534=VERTEX_POINT('',#1927);
#535=VERTEX_POINT('',#1934);
#536=VERTEX_POINT('',#1936);
#537=VERTEX_POINT('',#1938);
#538=VERTEX_POINT('',#1945);
#539=VERTEX_POINT('',#1946);
#540=VERTEX_POINT('',#1951);
#541=VERTEX_POINT('',#1953);
#542=VERTEX_POINT('',#1968);
#543=VERTEX_POINT('',#1970);
#544=VERTEX_POINT('',#1985);
#545=VERTEX_POINT('',#1987);
#546=VERTEX_POINT('',#1991);
#547=VERTEX_POINT('',#1992);
#548=VERTEX_POINT('',#2002);
#549=VERTEX_POINT('',#2004);
#550=VERTEX_POINT('',#2006);
#551=VERTEX_POINT('',#2008);
#552=VERTEX_POINT('',#2010);
#553=VERTEX_POINT('',#2012);
#554=VERTEX_POINT('',#2016);
#555=VERTEX_POINT('',#2017);
#556=VERTEX_POINT('',#2042);
#557=VERTEX_POINT('',#2057);
#558=VERTEX_POINT('',#2072);
#559=VERTEX_POINT('',#2074);
#560=VERTEX_POINT('',#2076);
#561=VERTEX_POINT('',#2078);
#562=VERTEX_POINT('',#2082);
#563=VERTEX_POINT('',#2086);
#564=VERTEX_POINT('',#2088);
#565=VERTEX_POINT('',#2090);
#566=VERTEX_POINT('',#2094);
#567=VERTEX_POINT('',#2095);
#568=VERTEX_POINT('',#2097);
#569=VERTEX_POINT('',#2110);
#570=VERTEX_POINT('',#2125);
#571=VERTEX_POINT('',#2127);
#572=VERTEX_POINT('',#2140);
#573=VERTEX_POINT('',#2142);
#574=VERTEX_POINT('',#2157);
#575=VERTEX_POINT('',#2159);
#576=VERTEX_POINT('',#2161);
#577=VERTEX_POINT('',#2163);
#578=VERTEX_POINT('',#2165);
#579=VERTEX_POINT('',#2167);
#580=VERTEX_POINT('',#2169);
#581=VERTEX_POINT('',#2171);
#582=VERTEX_POINT('',#2173);
#583=VERTEX_POINT('',#2177);
#584=VERTEX_POINT('',#2179);
#585=VERTEX_POINT('',#2188);
#586=VERTEX_POINT('',#2203);
#587=VERTEX_POINT('',#2218);
#588=VERTEX_POINT('',#2222);
#589=VERTEX_POINT('',#2226);
#590=VERTEX_POINT('',#2227);
#591=VERTEX_POINT('',#2240);
#592=VERTEX_POINT('',#2242);
#593=VERTEX_POINT('',#2247);
#594=VERTEX_POINT('',#2249);
#595=VERTEX_POINT('',#2251);
#596=VERTEX_POINT('',#2255);
#597=VERTEX_POINT('',#2257);
#598=VERTEX_POINT('',#2259);
#599=VERTEX_POINT('',#2263);
#600=VERTEX_POINT('',#2267);
#601=VERTEX_POINT('',#2269);
#602=VERTEX_POINT('',#2274);
#603=VERTEX_POINT('',#2276);
#604=VERTEX_POINT('',#2278);
#605=VERTEX_POINT('',#2284);
#606=VERTEX_POINT('',#2288);
#607=VERTEX_POINT('',#2290);
#608=VERTEX_POINT('',#2292);
#609=VERTEX_POINT('',#2296);
#610=VERTEX_POINT('',#2298);
#611=VERTEX_POINT('',#2300);
#612=VERTEX_POINT('',#2302);
#613=VERTEX_POINT('',#2308);
#614=VERTEX_POINT('',#2312);
#615=VERTEX_POINT('',#2316);
#616=VERTEX_POINT('',#2320);
#617=VERTEX_POINT('',#2324);
#618=VERTEX_POINT('',#2328);
#619=VERTEX_POINT('',#2338);
#620=VERTEX_POINT('',#2346);
#621=VERTEX_POINT('',#2351);
#622=VERTEX_POINT('',#2353);
#623=VERTEX_POINT('',#2355);
#624=VERTEX_POINT('',#2357);
#625=VERTEX_POINT('',#2359);
#626=VERTEX_POINT('',#2361);
#627=VERTEX_POINT('',#2367);
#628=VERTEX_POINT('',#2368);
#629=VERTEX_POINT('',#2370);
#630=VERTEX_POINT('',#2372);
#631=VERTEX_POINT('',#2376);
#632=VERTEX_POINT('',#2378);
#633=VERTEX_POINT('',#2382);
#634=VERTEX_POINT('',#2384);
#635=VERTEX_POINT('',#2388);
#636=VERTEX_POINT('',#2389);
#637=VERTEX_POINT('',#2393);
#638=VERTEX_POINT('',#2395);
#639=VERTEX_POINT('',#2399);
#640=VERTEX_POINT('',#2401);
#641=VERTEX_POINT('',#2405);
#642=VERTEX_POINT('',#2407);
#643=VERTEX_POINT('',#2411);
#644=VERTEX_POINT('',#2412);
#645=VERTEX_POINT('',#2414);
#646=VERTEX_POINT('',#2416);
#647=VERTEX_POINT('',#2418);
#648=VERTEX_POINT('',#2421);
#649=VERTEX_POINT('',#2423);
#650=VERTEX_POINT('',#2427);
#651=VERTEX_POINT('',#2428);
#652=VERTEX_POINT('',#2430);
#653=VERTEX_POINT('',#2432);
#654=VERTEX_POINT('',#2435);
#655=VERTEX_POINT('',#2437);
#656=VERTEX_POINT('',#2439);
#657=VERTEX_POINT('',#2443);
#658=VERTEX_POINT('',#2445);
#659=VERTEX_POINT('',#2448);
#660=VERTEX_POINT('',#2450);
#661=EDGE_CURVE('',#533,#534,#515,.T.);
#662=EDGE_CURVE('',#533,#535,#433,.T.);
#663=EDGE_CURVE('',#535,#536,#434,.T.);
#664=EDGE_CURVE('',#536,#537,#435,.T.);
#665=EDGE_CURVE('',#537,#534,#516,.F.);
#666=EDGE_CURVE('',#538,#539,#436,.T.);
#667=EDGE_CURVE('',#539,#536,#437,.T.);
#668=EDGE_CURVE('',#535,#538,#438,.T.);
#669=EDGE_CURVE('',#540,#539,#48,.T.);
#670=EDGE_CURVE('',#538,#541,#49,.T.);
#671=EDGE_CURVE('',#541,#540,#517,.T.);
#672=EDGE_CURVE('',#542,#540,#439,.T.);
#673=EDGE_CURVE('',#541,#543,#440,.T.);
#674=EDGE_CURVE('',#543,#542,#518,.T.);
#675=EDGE_CURVE('',#543,#544,#50,.T.);
#676=EDGE_CURVE('',#544,#545,#441,.T.);
#677=EDGE_CURVE('',#545,#542,#51,.T.);
#678=EDGE_CURVE('',#546,#547,#519,.F.);
#679=EDGE_CURVE('',#547,#545,#442,.T.);
#680=EDGE_CURVE('',#544,#546,#443,.T.);
#681=EDGE_CURVE('',#548,#533,#444,.T.);
#682=EDGE_CURVE('',#549,#548,#445,.T.);
#683=EDGE_CURVE('',#550,#549,#52,.T.);
#684=EDGE_CURVE('',#551,#550,#446,.T.);
#685=EDGE_CURVE('',#552,#551,#53,.T.);
#686=EDGE_CURVE('',#553,#552,#447,.T.);
#687=EDGE_CURVE('',#546,#553,#54,.T.);
#688=EDGE_CURVE('',#554,#555,#55,.T.);
#689=EDGE_CURVE('',#555,#552,#520,.F.);
#690=EDGE_CURVE('',#551,#554,#521,.T.);
#691=EDGE_CURVE('',#556,#554,#448,.T.);
#692=EDGE_CURVE('',#550,#556,#522,.T.);
#693=EDGE_CURVE('',#549,#557,#523,.F.);
#694=EDGE_CURVE('',#557,#556,#56,.T.);
#695=EDGE_CURVE('',#554,#558,#57,.T.);
#696=EDGE_CURVE('',#559,#558,#58,.F.);
#697=EDGE_CURVE('',#560,#559,#59,.T.);
#698=EDGE_CURVE('',#561,#560,#60,.T.);
#699=EDGE_CURVE('',#555,#561,#61,.T.);
#700=EDGE_CURVE('',#556,#562,#62,.T.);
#701=EDGE_CURVE('',#558,#562,#449,.T.);
#702=EDGE_CURVE('',#563,#557,#63,.T.);
#703=EDGE_CURVE('',#564,#563,#64,.T.);
#704=EDGE_CURVE('',#564,#565,#65,.T.);
#705=EDGE_CURVE('',#562,#565,#66,.F.);
#706=EDGE_CURVE('',#566,#567,#450,.T.);
#707=EDGE_CURVE('',#567,#568,#524,.T.);
#708=EDGE_CURVE('',#568,#569,#451,.T.);
#709=EDGE_CURVE('',#569,#566,#525,.T.);
#710=EDGE_CURVE('',#567,#570,#67,.T.);
#711=EDGE_CURVE('',#570,#571,#526,.F.);
#712=EDGE_CURVE('',#571,#568,#68,.T.);
#713=EDGE_CURVE('',#569,#572,#69,.T.);
#714=EDGE_CURVE('',#572,#573,#527,.F.);
#715=EDGE_CURVE('',#573,#566,#70,.T.);
#716=EDGE_CURVE('',#574,#573,#452,.T.);
#717=EDGE_CURVE('',#575,#574,#453,.T.);
#718=EDGE_CURVE('',#576,#575,#454,.T.);
#719=EDGE_CURVE('',#577,#576,#455,.T.);
#720=EDGE_CURVE('',#578,#577,#71,.T.);
#721=EDGE_CURVE('',#579,#578,#456,.T.);
#722=EDGE_CURVE('',#580,#579,#72,.T.);
#723=EDGE_CURVE('',#581,#580,#457,.T.);
#724=EDGE_CURVE('',#582,#581,#73,.T.);
#725=EDGE_CURVE('',#570,#582,#458,.T.);
#726=EDGE_CURVE('',#580,#583,#459,.T.);
#727=EDGE_CURVE('',#583,#584,#460,.T.);
#728=EDGE_CURVE('',#584,#581,#528,.F.);
#729=EDGE_CURVE('',#585,#583,#74,.T.);
#730=EDGE_CURVE('',#579,#585,#529,.T.);
#731=EDGE_CURVE('',#586,#585,#461,.T.);
#732=EDGE_CURVE('',#578,#586,#530,.T.);
#733=EDGE_CURVE('',#577,#587,#462,.T.);
#734=EDGE_CURVE('',#587,#586,#75,.T.);
#735=EDGE_CURVE('',#576,#588,#463,.T.);
#736=EDGE_CURVE('',#588,#587,#464,.T.);
#737=EDGE_CURVE('',#589,#590,#531,.T.);
#738=EDGE_CURVE('',#589,#588,#465,.T.);
#739=EDGE_CURVE('',#575,#590,#532,.F.);
#740=EDGE_CURVE('',#583,#591,#76,.T.);
#741=EDGE_CURVE('',#591,#592,#466,.T.);
#742=EDGE_CURVE('',#592,#584,#77,.T.);
#743=EDGE_CURVE('',#582,#553,#78,.T.);
#744=EDGE_CURVE('',#561,#593,#467,.T.);
#745=EDGE_CURVE('',#594,#593,#79,.T.);
#746=EDGE_CURVE('',#594,#595,#468,.T.);
#747=EDGE_CURVE('',#595,#571,#80,.T.);
#748=EDGE_CURVE('',#596,#592,#81,.F.);
#749=EDGE_CURVE('',#596,#597,#82,.T.);
#750=EDGE_CURVE('',#598,#597,#83,.T.);
#751=EDGE_CURVE('',#547,#598,#84,.T.);
#752=EDGE_CURVE('',#599,#598,#469,.T.);
#753=EDGE_CURVE('',#599,#545,#85,.T.);
#754=EDGE_CURVE('',#589,#600,#86,.T.);
#755=EDGE_CURVE('',#601,#600,#470,.F.);
#756=EDGE_CURVE('',#601,#588,#87,.T.);
#757=EDGE_CURVE('',#590,#534,#88,.T.);
#758=EDGE_CURVE('',#602,#537,#89,.T.);
#759=EDGE_CURVE('',#603,#602,#90,.T.);
#760=EDGE_CURVE('',#604,#603,#91,.T.);
#761=EDGE_CURVE('',#600,#604,#92,.F.);
#762=EDGE_CURVE('',#548,#574,#93,.T.);
#763=EDGE_CURVE('',#536,#605,#94,.T.);
#764=EDGE_CURVE('',#605,#602,#471,.F.);
#765=EDGE_CURVE('',#606,#595,#95,.T.);
#766=EDGE_CURVE('',#606,#607,#96,.T.);
#767=EDGE_CURVE('',#608,#607,#97,.T.);
#768=EDGE_CURVE('',#608,#568,#98,.T.);
#769=EDGE_CURVE('',#609,#569,#99,.T.);
#770=EDGE_CURVE('',#610,#609,#100,.T.);
#771=EDGE_CURVE('',#611,#610,#101,.T.);
#772=EDGE_CURVE('',#612,#611,#102,.T.);
#773=EDGE_CURVE('',#572,#612,#103,.T.);
#774=EDGE_CURVE('',#609,#608,#472,.F.);
#775=EDGE_CURVE('',#613,#601,#473,.F.);
#776=EDGE_CURVE('',#613,#587,#104,.T.);
#777=EDGE_CURVE('',#539,#614,#105,.T.);
#778=EDGE_CURVE('',#605,#614,#474,.T.);
#779=EDGE_CURVE('',#615,#613,#106,.F.);
#780=EDGE_CURVE('',#615,#586,#107,.T.);
#781=EDGE_CURVE('',#540,#616,#108,.T.);
#782=EDGE_CURVE('',#614,#616,#109,.T.);
#783=EDGE_CURVE('',#617,#615,#475,.F.);
#784=EDGE_CURVE('',#617,#585,#110,.T.);
#785=EDGE_CURVE('',#542,#618,#111,.T.);
#786=EDGE_CURVE('',#616,#618,#476,.T.);
#787=EDGE_CURVE('',#591,#617,#112,.F.);
#788=EDGE_CURVE('',#618,#599,#113,.T.);
#789=EDGE_CURVE('',#612,#594,#477,.T.);
#790=EDGE_CURVE('',#611,#606,#478,.T.);
#791=EDGE_CURVE('',#619,#619,#479,.T.);
#792=EDGE_CURVE('',#607,#610,#480,.T.);
#793=EDGE_CURVE('',#593,#563,#481,.T.);
#794=EDGE_CURVE('',#560,#564,#482,.T.);
#795=EDGE_CURVE('',#620,#620,#483,.T.);
#796=EDGE_CURVE('',#565,#559,#484,.F.);
#797=EDGE_CURVE('',#597,#621,#485,.T.);
#798=EDGE_CURVE('',#621,#622,#486,.T.);
#799=EDGE_CURVE('',#622,#623,#114,.T.);
#800=EDGE_CURVE('',#623,#624,#487,.T.);
#801=EDGE_CURVE('',#624,#625,#115,.T.);
#802=EDGE_CURVE('',#625,#626,#488,.T.);
#803=EDGE_CURVE('',#626,#603,#489,.T.);
#804=EDGE_CURVE('',#619,#620,#116,.T.);
#805=EDGE_CURVE('',#627,#628,#490,.F.);
#806=EDGE_CURVE('',#628,#629,#117,.T.);
#807=EDGE_CURVE('',#629,#630,#491,.F.);
#808=EDGE_CURVE('',#630,#627,#118,.T.);
#809=EDGE_CURVE('',#628,#631,#119,.T.);
#810=EDGE_CURVE('',#632,#631,#120,.T.);
#811=EDGE_CURVE('',#632,#629,#121,.T.);
#812=EDGE_CURVE('',#631,#633,#492,.F.);
#813=EDGE_CURVE('',#633,#634,#122,.T.);
#814=EDGE_CURVE('',#634,#632,#493,.F.);
#815=EDGE_CURVE('',#635,#636,#494,.F.);
#816=EDGE_CURVE('',#635,#624,#123,.T.);
#817=EDGE_CURVE('',#636,#623,#124,.T.);
#818=EDGE_CURVE('',#637,#634,#495,.T.);
#819=EDGE_CURVE('',#633,#638,#496,.T.);
#820=EDGE_CURVE('',#637,#638,#125,.T.);
#821=EDGE_CURVE('',#638,#639,#497,.F.);
#822=EDGE_CURVE('',#639,#640,#126,.T.);
#823=EDGE_CURVE('',#640,#637,#498,.F.);
#824=EDGE_CURVE('',#639,#641,#127,.T.);
#825=EDGE_CURVE('',#641,#642,#128,.T.);
#826=EDGE_CURVE('',#642,#640,#129,.T.);
#827=EDGE_CURVE('',#643,#644,#499,.T.);
#828=EDGE_CURVE('',#645,#643,#500,.T.);
#829=EDGE_CURVE('',#646,#645,#501,.T.);
#830=EDGE_CURVE('',#647,#646,#130,.T.);
#831=EDGE_CURVE('',#641,#647,#502,.T.);
#832=EDGE_CURVE('',#648,#627,#503,.T.);
#833=EDGE_CURVE('',#649,#648,#504,.T.);
#834=EDGE_CURVE('',#644,#649,#131,.T.);
#835=EDGE_CURVE('',#650,#651,#505,.T.);
#836=EDGE_CURVE('',#652,#650,#132,.T.);
#837=EDGE_CURVE('',#653,#652,#506,.T.);
#838=EDGE_CURVE('',#630,#653,#507,.T.);
#839=EDGE_CURVE('',#654,#642,#508,.T.);
#840=EDGE_CURVE('',#655,#654,#133,.T.);
#841=EDGE_CURVE('',#656,#655,#509,.T.);
#842=EDGE_CURVE('',#651,#656,#510,.T.);
#843=EDGE_CURVE('',#604,#657,#511,.F.);
#844=EDGE_CURVE('',#657,#658,#512,.F.);
#845=EDGE_CURVE('',#658,#635,#134,.F.);
#846=EDGE_CURVE('',#636,#659,#135,.F.);
#847=EDGE_CURVE('',#659,#660,#513,.F.);
#848=EDGE_CURVE('',#660,#596,#514,.F.);
#849=EDGE_CURVE('',#622,#659,#136,.T.);
#850=EDGE_CURVE('',#660,#621,#137,.T.);
#851=EDGE_CURVE('',#657,#626,#138,.T.);
#852=EDGE_CURVE('',#658,#625,#139,.T.);
#853=EDGE_CURVE('',#648,#653,#140,.T.);
#854=EDGE_CURVE('',#649,#652,#141,.T.);
#855=EDGE_CURVE('',#644,#650,#142,.T.);
#856=EDGE_CURVE('',#643,#651,#143,.T.);
#857=EDGE_CURVE('',#645,#656,#144,.T.);
#858=EDGE_CURVE('',#646,#655,#145,.T.);
#859=EDGE_CURVE('',#647,#654,#146,.T.);
#860=ORIENTED_EDGE('',*,*,#661,.F.);
#861=ORIENTED_EDGE('',*,*,#662,.T.);
#862=ORIENTED_EDGE('',*,*,#663,.T.);
#863=ORIENTED_EDGE('',*,*,#664,.T.);
#864=ORIENTED_EDGE('',*,*,#665,.T.);
#865=ORIENTED_EDGE('',*,*,#666,.T.);
#866=ORIENTED_EDGE('',*,*,#667,.T.);
#867=ORIENTED_EDGE('',*,*,#663,.F.);
#868=ORIENTED_EDGE('',*,*,#668,.T.);
#869=ORIENTED_EDGE('',*,*,#669,.T.);
#870=ORIENTED_EDGE('',*,*,#666,.F.);
#871=ORIENTED_EDGE('',*,*,#670,.T.);
#872=ORIENTED_EDGE('',*,*,#671,.T.);
#873=ORIENTED_EDGE('',*,*,#672,.T.);
#874=ORIENTED_EDGE('',*,*,#671,.F.);
#875=ORIENTED_EDGE('',*,*,#673,.T.);
#876=ORIENTED_EDGE('',*,*,#674,.T.);
#877=ORIENTED_EDGE('',*,*,#675,.T.);
#878=ORIENTED_EDGE('',*,*,#676,.T.);
#879=ORIENTED_EDGE('',*,*,#677,.T.);
#880=ORIENTED_EDGE('',*,*,#674,.F.);
#881=ORIENTED_EDGE('',*,*,#678,.T.);
#882=ORIENTED_EDGE('',*,*,#679,.T.);
#883=ORIENTED_EDGE('',*,*,#676,.F.);
#884=ORIENTED_EDGE('',*,*,#680,.T.);
#885=ORIENTED_EDGE('',*,*,#680,.F.);
#886=ORIENTED_EDGE('',*,*,#675,.F.);
#887=ORIENTED_EDGE('',*,*,#673,.F.);
#888=ORIENTED_EDGE('',*,*,#670,.F.);
#889=ORIENTED_EDGE('',*,*,#668,.F.);
#890=ORIENTED_EDGE('',*,*,#662,.F.);
#891=ORIENTED_EDGE('',*,*,#681,.F.);
#892=ORIENTED_EDGE('',*,*,#682,.F.);
#893=ORIENTED_EDGE('',*,*,#683,.F.);
#894=ORIENTED_EDGE('',*,*,#684,.F.);
#895=ORIENTED_EDGE('',*,*,#685,.F.);
#896=ORIENTED_EDGE('',*,*,#686,.F.);
#897=ORIENTED_EDGE('',*,*,#687,.F.);
#898=ORIENTED_EDGE('',*,*,#688,.T.);
#899=ORIENTED_EDGE('',*,*,#689,.T.);
#900=ORIENTED_EDGE('',*,*,#685,.T.);
#901=ORIENTED_EDGE('',*,*,#690,.T.);
#902=ORIENTED_EDGE('',*,*,#691,.T.);
#903=ORIENTED_EDGE('',*,*,#690,.F.);
#904=ORIENTED_EDGE('',*,*,#684,.T.);
#905=ORIENTED_EDGE('',*,*,#692,.T.);
#906=ORIENTED_EDGE('',*,*,#683,.T.);
#907=ORIENTED_EDGE('',*,*,#693,.T.);
#908=ORIENTED_EDGE('',*,*,#694,.T.);
#909=ORIENTED_EDGE('',*,*,#692,.F.);
#910=ORIENTED_EDGE('',*,*,#688,.F.);
#911=ORIENTED_EDGE('',*,*,#695,.T.);
#912=ORIENTED_EDGE('',*,*,#696,.F.);
#913=ORIENTED_EDGE('',*,*,#697,.F.);
#914=ORIENTED_EDGE('',*,*,#698,.F.);
#915=ORIENTED_EDGE('',*,*,#699,.F.);
#916=ORIENTED_EDGE('',*,*,#691,.F.);
#917=ORIENTED_EDGE('',*,*,#700,.T.);
#918=ORIENTED_EDGE('',*,*,#701,.F.);
#919=ORIENTED_EDGE('',*,*,#695,.F.);
#920=ORIENTED_EDGE('',*,*,#694,.F.);
#921=ORIENTED_EDGE('',*,*,#702,.F.);
#922=ORIENTED_EDGE('',*,*,#703,.F.);
#923=ORIENTED_EDGE('',*,*,#704,.T.);
#924=ORIENTED_EDGE('',*,*,#705,.F.);
#925=ORIENTED_EDGE('',*,*,#700,.F.);
#926=ORIENTED_EDGE('',*,*,#706,.T.);
#927=ORIENTED_EDGE('',*,*,#707,.T.);
#928=ORIENTED_EDGE('',*,*,#708,.T.);
#929=ORIENTED_EDGE('',*,*,#709,.T.);
#930=ORIENTED_EDGE('',*,*,#710,.T.);
#931=ORIENTED_EDGE('',*,*,#711,.T.);
#932=ORIENTED_EDGE('',*,*,#712,.T.);
#933=ORIENTED_EDGE('',*,*,#707,.F.);
#934=ORIENTED_EDGE('',*,*,#713,.T.);
#935=ORIENTED_EDGE('',*,*,#714,.T.);
#936=ORIENTED_EDGE('',*,*,#715,.T.);
#937=ORIENTED_EDGE('',*,*,#709,.F.);
#938=ORIENTED_EDGE('',*,*,#710,.F.);
#939=ORIENTED_EDGE('',*,*,#706,.F.);
#940=ORIENTED_EDGE('',*,*,#715,.F.);
#941=ORIENTED_EDGE('',*,*,#716,.F.);
#942=ORIENTED_EDGE('',*,*,#717,.F.);
#943=ORIENTED_EDGE('',*,*,#718,.F.);
#944=ORIENTED_EDGE('',*,*,#719,.F.);
#945=ORIENTED_EDGE('',*,*,#720,.F.);
#946=ORIENTED_EDGE('',*,*,#721,.F.);
#947=ORIENTED_EDGE('',*,*,#722,.F.);
#948=ORIENTED_EDGE('',*,*,#723,.F.);
#949=ORIENTED_EDGE('',*,*,#724,.F.);
#950=ORIENTED_EDGE('',*,*,#725,.F.);
#951=ORIENTED_EDGE('',*,*,#726,.T.);
#952=ORIENTED_EDGE('',*,*,#727,.T.);
#953=ORIENTED_EDGE('',*,*,#728,.T.);
#954=ORIENTED_EDGE('',*,*,#723,.T.);
#955=ORIENTED_EDGE('',*,*,#729,.T.);
#956=ORIENTED_EDGE('',*,*,#726,.F.);
#957=ORIENTED_EDGE('',*,*,#722,.T.);
#958=ORIENTED_EDGE('',*,*,#730,.T.);
#959=ORIENTED_EDGE('',*,*,#731,.T.);
#960=ORIENTED_EDGE('',*,*,#730,.F.);
#961=ORIENTED_EDGE('',*,*,#721,.T.);
#962=ORIENTED_EDGE('',*,*,#732,.T.);
#963=ORIENTED_EDGE('',*,*,#720,.T.);
#964=ORIENTED_EDGE('',*,*,#733,.T.);
#965=ORIENTED_EDGE('',*,*,#734,.T.);
#966=ORIENTED_EDGE('',*,*,#732,.F.);
#967=ORIENTED_EDGE('',*,*,#735,.T.);
#968=ORIENTED_EDGE('',*,*,#736,.T.);
#969=ORIENTED_EDGE('',*,*,#733,.F.);
#970=ORIENTED_EDGE('',*,*,#719,.T.);
#971=ORIENTED_EDGE('',*,*,#737,.F.);
#972=ORIENTED_EDGE('',*,*,#738,.T.);
#973=ORIENTED_EDGE('',*,*,#735,.F.);
#974=ORIENTED_EDGE('',*,*,#718,.T.);
#975=ORIENTED_EDGE('',*,*,#739,.T.);
#976=ORIENTED_EDGE('',*,*,#727,.F.);
#977=ORIENTED_EDGE('',*,*,#740,.T.);
#978=ORIENTED_EDGE('',*,*,#741,.T.);
#979=ORIENTED_EDGE('',*,*,#742,.T.);
#980=ORIENTED_EDGE('',*,*,#725,.T.);
#981=ORIENTED_EDGE('',*,*,#743,.T.);
#982=ORIENTED_EDGE('',*,*,#686,.T.);
#983=ORIENTED_EDGE('',*,*,#689,.F.);
#984=ORIENTED_EDGE('',*,*,#699,.T.);
#985=ORIENTED_EDGE('',*,*,#744,.T.);
#986=ORIENTED_EDGE('',*,*,#745,.F.);
#987=ORIENTED_EDGE('',*,*,#746,.T.);
#988=ORIENTED_EDGE('',*,*,#747,.T.);
#989=ORIENTED_EDGE('',*,*,#711,.F.);
#990=ORIENTED_EDGE('',*,*,#724,.T.);
#991=ORIENTED_EDGE('',*,*,#728,.F.);
#992=ORIENTED_EDGE('',*,*,#742,.F.);
#993=ORIENTED_EDGE('',*,*,#748,.F.);
#994=ORIENTED_EDGE('',*,*,#749,.T.);
#995=ORIENTED_EDGE('',*,*,#750,.F.);
#996=ORIENTED_EDGE('',*,*,#751,.F.);
#997=ORIENTED_EDGE('',*,*,#678,.F.);
#998=ORIENTED_EDGE('',*,*,#687,.T.);
#999=ORIENTED_EDGE('',*,*,#743,.F.);
#1000=ORIENTED_EDGE('',*,*,#679,.F.);
#1001=ORIENTED_EDGE('',*,*,#751,.T.);
#1002=ORIENTED_EDGE('',*,*,#752,.F.);
#1003=ORIENTED_EDGE('',*,*,#753,.T.);
#1004=ORIENTED_EDGE('',*,*,#738,.F.);
#1005=ORIENTED_EDGE('',*,*,#754,.T.);
#1006=ORIENTED_EDGE('',*,*,#755,.F.);
#1007=ORIENTED_EDGE('',*,*,#756,.T.);
#1008=ORIENTED_EDGE('',*,*,#757,.T.);
#1009=ORIENTED_EDGE('',*,*,#665,.F.);
#1010=ORIENTED_EDGE('',*,*,#758,.F.);
#1011=ORIENTED_EDGE('',*,*,#759,.F.);
#1012=ORIENTED_EDGE('',*,*,#760,.F.);
#1013=ORIENTED_EDGE('',*,*,#761,.F.);
#1014=ORIENTED_EDGE('',*,*,#754,.F.);
#1015=ORIENTED_EDGE('',*,*,#737,.T.);
#1016=ORIENTED_EDGE('',*,*,#717,.T.);
#1017=ORIENTED_EDGE('',*,*,#762,.F.);
#1018=ORIENTED_EDGE('',*,*,#681,.T.);
#1019=ORIENTED_EDGE('',*,*,#661,.T.);
#1020=ORIENTED_EDGE('',*,*,#757,.F.);
#1021=ORIENTED_EDGE('',*,*,#739,.F.);
#1022=ORIENTED_EDGE('',*,*,#664,.F.);
#1023=ORIENTED_EDGE('',*,*,#763,.T.);
#1024=ORIENTED_EDGE('',*,*,#764,.T.);
#1025=ORIENTED_EDGE('',*,*,#758,.T.);
#1026=ORIENTED_EDGE('',*,*,#712,.F.);
#1027=ORIENTED_EDGE('',*,*,#747,.F.);
#1028=ORIENTED_EDGE('',*,*,#765,.F.);
#1029=ORIENTED_EDGE('',*,*,#766,.T.);
#1030=ORIENTED_EDGE('',*,*,#767,.F.);
#1031=ORIENTED_EDGE('',*,*,#768,.T.);
#1032=ORIENTED_EDGE('',*,*,#713,.F.);
#1033=ORIENTED_EDGE('',*,*,#769,.F.);
#1034=ORIENTED_EDGE('',*,*,#770,.F.);
#1035=ORIENTED_EDGE('',*,*,#771,.F.);
#1036=ORIENTED_EDGE('',*,*,#772,.F.);
#1037=ORIENTED_EDGE('',*,*,#773,.F.);
#1038=ORIENTED_EDGE('',*,*,#708,.F.);
#1039=ORIENTED_EDGE('',*,*,#768,.F.);
#1040=ORIENTED_EDGE('',*,*,#774,.F.);
#1041=ORIENTED_EDGE('',*,*,#769,.T.);
#1042=ORIENTED_EDGE('',*,*,#736,.F.);
#1043=ORIENTED_EDGE('',*,*,#756,.F.);
#1044=ORIENTED_EDGE('',*,*,#775,.F.);
#1045=ORIENTED_EDGE('',*,*,#776,.T.);
#1046=ORIENTED_EDGE('',*,*,#667,.F.);
#1047=ORIENTED_EDGE('',*,*,#777,.T.);
#1048=ORIENTED_EDGE('',*,*,#778,.F.);
#1049=ORIENTED_EDGE('',*,*,#763,.F.);
#1050=ORIENTED_EDGE('',*,*,#734,.F.);
#1051=ORIENTED_EDGE('',*,*,#776,.F.);
#1052=ORIENTED_EDGE('',*,*,#779,.F.);
#1053=ORIENTED_EDGE('',*,*,#780,.T.);
#1054=ORIENTED_EDGE('',*,*,#669,.F.);
#1055=ORIENTED_EDGE('',*,*,#781,.T.);
#1056=ORIENTED_EDGE('',*,*,#782,.F.);
#1057=ORIENTED_EDGE('',*,*,#777,.F.);
#1058=ORIENTED_EDGE('',*,*,#731,.F.);
#1059=ORIENTED_EDGE('',*,*,#780,.F.);
#1060=ORIENTED_EDGE('',*,*,#783,.F.);
#1061=ORIENTED_EDGE('',*,*,#784,.T.);
#1062=ORIENTED_EDGE('',*,*,#672,.F.);
#1063=ORIENTED_EDGE('',*,*,#785,.T.);
#1064=ORIENTED_EDGE('',*,*,#786,.F.);
#1065=ORIENTED_EDGE('',*,*,#781,.F.);
#1066=ORIENTED_EDGE('',*,*,#729,.F.);
#1067=ORIENTED_EDGE('',*,*,#784,.F.);
#1068=ORIENTED_EDGE('',*,*,#787,.F.);
#1069=ORIENTED_EDGE('',*,*,#740,.F.);
#1070=ORIENTED_EDGE('',*,*,#677,.F.);
#1071=ORIENTED_EDGE('',*,*,#753,.F.);
#1072=ORIENTED_EDGE('',*,*,#788,.F.);
#1073=ORIENTED_EDGE('',*,*,#785,.F.);
#1074=ORIENTED_EDGE('',*,*,#789,.F.);
#1075=ORIENTED_EDGE('',*,*,#772,.T.);
#1076=ORIENTED_EDGE('',*,*,#790,.T.);
#1077=ORIENTED_EDGE('',*,*,#765,.T.);
#1078=ORIENTED_EDGE('',*,*,#746,.F.);
#1079=ORIENTED_EDGE('',*,*,#791,.F.);
#1080=ORIENTED_EDGE('',*,*,#790,.F.);
#1081=ORIENTED_EDGE('',*,*,#771,.T.);
#1082=ORIENTED_EDGE('',*,*,#792,.F.);
#1083=ORIENTED_EDGE('',*,*,#766,.F.);
#1084=ORIENTED_EDGE('',*,*,#702,.T.);
#1085=ORIENTED_EDGE('',*,*,#693,.F.);
#1086=ORIENTED_EDGE('',*,*,#682,.T.);
#1087=ORIENTED_EDGE('',*,*,#762,.T.);
#1088=ORIENTED_EDGE('',*,*,#716,.T.);
#1089=ORIENTED_EDGE('',*,*,#714,.F.);
#1090=ORIENTED_EDGE('',*,*,#773,.T.);
#1091=ORIENTED_EDGE('',*,*,#789,.T.);
#1092=ORIENTED_EDGE('',*,*,#745,.T.);
#1093=ORIENTED_EDGE('',*,*,#793,.T.);
#1094=ORIENTED_EDGE('',*,*,#793,.F.);
#1095=ORIENTED_EDGE('',*,*,#744,.F.);
#1096=ORIENTED_EDGE('',*,*,#698,.T.);
#1097=ORIENTED_EDGE('',*,*,#794,.T.);
#1098=ORIENTED_EDGE('',*,*,#703,.T.);
#1099=ORIENTED_EDGE('',*,*,#795,.F.);
#1100=ORIENTED_EDGE('',*,*,#794,.F.);
#1101=ORIENTED_EDGE('',*,*,#697,.T.);
#1102=ORIENTED_EDGE('',*,*,#796,.F.);
#1103=ORIENTED_EDGE('',*,*,#704,.F.);
#1104=ORIENTED_EDGE('',*,*,#750,.T.);
#1105=ORIENTED_EDGE('',*,*,#797,.T.);
#1106=ORIENTED_EDGE('',*,*,#798,.T.);
#1107=ORIENTED_EDGE('',*,*,#799,.T.);
#1108=ORIENTED_EDGE('',*,*,#800,.T.);
#1109=ORIENTED_EDGE('',*,*,#801,.T.);
#1110=ORIENTED_EDGE('',*,*,#802,.T.);
#1111=ORIENTED_EDGE('',*,*,#803,.T.);
#1112=ORIENTED_EDGE('',*,*,#759,.T.);
#1113=ORIENTED_EDGE('',*,*,#764,.F.);
#1114=ORIENTED_EDGE('',*,*,#778,.T.);
#1115=ORIENTED_EDGE('',*,*,#782,.T.);
#1116=ORIENTED_EDGE('',*,*,#786,.T.);
#1117=ORIENTED_EDGE('',*,*,#788,.T.);
#1118=ORIENTED_EDGE('',*,*,#752,.T.);
#1119=ORIENTED_EDGE('',*,*,#696,.T.);
#1120=ORIENTED_EDGE('',*,*,#701,.T.);
#1121=ORIENTED_EDGE('',*,*,#705,.T.);
#1122=ORIENTED_EDGE('',*,*,#796,.T.);
#1123=ORIENTED_EDGE('',*,*,#791,.T.);
#1124=ORIENTED_EDGE('',*,*,#804,.T.);
#1125=ORIENTED_EDGE('',*,*,#795,.T.);
#1126=ORIENTED_EDGE('',*,*,#804,.F.);
#1127=ORIENTED_EDGE('',*,*,#805,.T.);
#1128=ORIENTED_EDGE('',*,*,#806,.T.);
#1129=ORIENTED_EDGE('',*,*,#807,.T.);
#1130=ORIENTED_EDGE('',*,*,#808,.T.);
#1131=ORIENTED_EDGE('',*,*,#806,.F.);
#1132=ORIENTED_EDGE('',*,*,#809,.T.);
#1133=ORIENTED_EDGE('',*,*,#810,.F.);
#1134=ORIENTED_EDGE('',*,*,#811,.T.);
#1135=ORIENTED_EDGE('',*,*,#812,.T.);
#1136=ORIENTED_EDGE('',*,*,#813,.T.);
#1137=ORIENTED_EDGE('',*,*,#814,.T.);
#1138=ORIENTED_EDGE('',*,*,#810,.T.);
#1139=ORIENTED_EDGE('',*,*,#815,.F.);
#1140=ORIENTED_EDGE('',*,*,#816,.T.);
#1141=ORIENTED_EDGE('',*,*,#800,.F.);
#1142=ORIENTED_EDGE('',*,*,#817,.F.);
#1143=ORIENTED_EDGE('',*,*,#818,.T.);
#1144=ORIENTED_EDGE('',*,*,#813,.F.);
#1145=ORIENTED_EDGE('',*,*,#819,.T.);
#1146=ORIENTED_EDGE('',*,*,#820,.F.);
#1147=ORIENTED_EDGE('',*,*,#821,.T.);
#1148=ORIENTED_EDGE('',*,*,#822,.T.);
#1149=ORIENTED_EDGE('',*,*,#823,.T.);
#1150=ORIENTED_EDGE('',*,*,#820,.T.);
#1151=ORIENTED_EDGE('',*,*,#822,.F.);
#1152=ORIENTED_EDGE('',*,*,#824,.T.);
#1153=ORIENTED_EDGE('',*,*,#825,.T.);
#1154=ORIENTED_EDGE('',*,*,#826,.T.);
#1155=ORIENTED_EDGE('',*,*,#827,.F.);
#1156=ORIENTED_EDGE('',*,*,#828,.F.);
#1157=ORIENTED_EDGE('',*,*,#829,.F.);
#1158=ORIENTED_EDGE('',*,*,#830,.F.);
#1159=ORIENTED_EDGE('',*,*,#831,.F.);
#1160=ORIENTED_EDGE('',*,*,#824,.F.);
#1161=ORIENTED_EDGE('',*,*,#821,.F.);
#1162=ORIENTED_EDGE('',*,*,#819,.F.);
#1163=ORIENTED_EDGE('',*,*,#812,.F.);
#1164=ORIENTED_EDGE('',*,*,#809,.F.);
#1165=ORIENTED_EDGE('',*,*,#805,.F.);
#1166=ORIENTED_EDGE('',*,*,#832,.F.);
#1167=ORIENTED_EDGE('',*,*,#833,.F.);
#1168=ORIENTED_EDGE('',*,*,#834,.F.);
#1169=ORIENTED_EDGE('',*,*,#835,.F.);
#1170=ORIENTED_EDGE('',*,*,#836,.F.);
#1171=ORIENTED_EDGE('',*,*,#837,.F.);
#1172=ORIENTED_EDGE('',*,*,#838,.F.);
#1173=ORIENTED_EDGE('',*,*,#807,.F.);
#1174=ORIENTED_EDGE('',*,*,#811,.F.);
#1175=ORIENTED_EDGE('',*,*,#814,.F.);
#1176=ORIENTED_EDGE('',*,*,#818,.F.);
#1177=ORIENTED_EDGE('',*,*,#823,.F.);
#1178=ORIENTED_EDGE('',*,*,#826,.F.);
#1179=ORIENTED_EDGE('',*,*,#839,.F.);
#1180=ORIENTED_EDGE('',*,*,#840,.F.);
#1181=ORIENTED_EDGE('',*,*,#841,.F.);
#1182=ORIENTED_EDGE('',*,*,#842,.F.);
#1183=ORIENTED_EDGE('',*,*,#787,.T.);
#1184=ORIENTED_EDGE('',*,*,#783,.T.);
#1185=ORIENTED_EDGE('',*,*,#779,.T.);
#1186=ORIENTED_EDGE('',*,*,#775,.T.);
#1187=ORIENTED_EDGE('',*,*,#755,.T.);
#1188=ORIENTED_EDGE('',*,*,#761,.T.);
#1189=ORIENTED_EDGE('',*,*,#843,.T.);
#1190=ORIENTED_EDGE('',*,*,#844,.T.);
#1191=ORIENTED_EDGE('',*,*,#845,.T.);
#1192=ORIENTED_EDGE('',*,*,#815,.T.);
#1193=ORIENTED_EDGE('',*,*,#846,.T.);
#1194=ORIENTED_EDGE('',*,*,#847,.T.);
#1195=ORIENTED_EDGE('',*,*,#848,.T.);
#1196=ORIENTED_EDGE('',*,*,#748,.T.);
#1197=ORIENTED_EDGE('',*,*,#741,.F.);
#1198=ORIENTED_EDGE('',*,*,#767,.T.);
#1199=ORIENTED_EDGE('',*,*,#792,.T.);
#1200=ORIENTED_EDGE('',*,*,#770,.T.);
#1201=ORIENTED_EDGE('',*,*,#774,.T.);
#1202=ORIENTED_EDGE('',*,*,#849,.F.);
#1203=ORIENTED_EDGE('',*,*,#798,.F.);
#1204=ORIENTED_EDGE('',*,*,#850,.F.);
#1205=ORIENTED_EDGE('',*,*,#847,.F.);
#1206=ORIENTED_EDGE('',*,*,#850,.T.);
#1207=ORIENTED_EDGE('',*,*,#797,.F.);
#1208=ORIENTED_EDGE('',*,*,#749,.F.);
#1209=ORIENTED_EDGE('',*,*,#848,.F.);
#1210=ORIENTED_EDGE('',*,*,#760,.T.);
#1211=ORIENTED_EDGE('',*,*,#803,.F.);
#1212=ORIENTED_EDGE('',*,*,#851,.F.);
#1213=ORIENTED_EDGE('',*,*,#843,.F.);
#1214=ORIENTED_EDGE('',*,*,#851,.T.);
#1215=ORIENTED_EDGE('',*,*,#802,.F.);
#1216=ORIENTED_EDGE('',*,*,#852,.F.);
#1217=ORIENTED_EDGE('',*,*,#844,.F.);
#1218=ORIENTED_EDGE('',*,*,#852,.T.);
#1219=ORIENTED_EDGE('',*,*,#801,.F.);
#1220=ORIENTED_EDGE('',*,*,#816,.F.);
#1221=ORIENTED_EDGE('',*,*,#845,.F.);
#1222=ORIENTED_EDGE('',*,*,#808,.F.);
#1223=ORIENTED_EDGE('',*,*,#838,.T.);
#1224=ORIENTED_EDGE('',*,*,#853,.F.);
#1225=ORIENTED_EDGE('',*,*,#832,.T.);
#1226=ORIENTED_EDGE('',*,*,#833,.T.);
#1227=ORIENTED_EDGE('',*,*,#853,.T.);
#1228=ORIENTED_EDGE('',*,*,#837,.T.);
#1229=ORIENTED_EDGE('',*,*,#854,.F.);
#1230=ORIENTED_EDGE('',*,*,#834,.T.);
#1231=ORIENTED_EDGE('',*,*,#854,.T.);
#1232=ORIENTED_EDGE('',*,*,#836,.T.);
#1233=ORIENTED_EDGE('',*,*,#855,.F.);
#1234=ORIENTED_EDGE('',*,*,#827,.T.);
#1235=ORIENTED_EDGE('',*,*,#855,.T.);
#1236=ORIENTED_EDGE('',*,*,#835,.T.);
#1237=ORIENTED_EDGE('',*,*,#856,.F.);
#1238=ORIENTED_EDGE('',*,*,#828,.T.);
#1239=ORIENTED_EDGE('',*,*,#856,.T.);
#1240=ORIENTED_EDGE('',*,*,#842,.T.);
#1241=ORIENTED_EDGE('',*,*,#857,.F.);
#1242=ORIENTED_EDGE('',*,*,#829,.T.);
#1243=ORIENTED_EDGE('',*,*,#857,.T.);
#1244=ORIENTED_EDGE('',*,*,#841,.T.);
#1245=ORIENTED_EDGE('',*,*,#858,.F.);
#1246=ORIENTED_EDGE('',*,*,#830,.T.);
#1247=ORIENTED_EDGE('',*,*,#858,.T.);
#1248=ORIENTED_EDGE('',*,*,#840,.T.);
#1249=ORIENTED_EDGE('',*,*,#859,.F.);
#1250=ORIENTED_EDGE('',*,*,#831,.T.);
#1251=ORIENTED_EDGE('',*,*,#859,.T.);
#1252=ORIENTED_EDGE('',*,*,#839,.T.);
#1253=ORIENTED_EDGE('',*,*,#825,.F.);
#1254=ORIENTED_EDGE('',*,*,#817,.T.);
#1255=ORIENTED_EDGE('',*,*,#799,.F.);
#1256=ORIENTED_EDGE('',*,*,#849,.T.);
#1257=ORIENTED_EDGE('',*,*,#846,.F.);
#1258=TOROIDAL_SURFACE('',#1355,4.9,0.4);
#1259=TOROIDAL_SURFACE('',#1359,4.10000001490116,0.4);
#1260=TOROIDAL_SURFACE('',#1364,2.70000001490116,0.4);
#1261=TOROIDAL_SURFACE('',#1369,1.4,0.4);
#1262=TOROIDAL_SURFACE('',#1378,2.5,0.4);
#1263=TOROIDAL_SURFACE('',#1385,2.5,0.4);
#1264=TOROIDAL_SURFACE('',#1398,1.4,0.4);
#1265=TOROIDAL_SURFACE('',#1402,2.70000001490116,0.4);
#1266=TOROIDAL_SURFACE('',#1406,4.10000001490116,0.4);
#1267=TOROIDAL_SURFACE('',#1409,4.9,0.4);
#1268=ADVANCED_FACE('',(#284),#1258,.T.);
#1269=ADVANCED_FACE('',(#285),#1259,.T.);
#1270=ADVANCED_FACE('',(#286),#246,.T.);
#1271=ADVANCED_FACE('',(#287),#1260,.T.);
#1272=ADVANCED_FACE('',(#288),#247,.T.);
#1273=ADVANCED_FACE('',(#289),#1261,.T.);
#1274=ADVANCED_FACE('',(#290),#24,.F.);
#1275=ADVANCED_FACE('',(#291),#248,.T.);
#1276=ADVANCED_FACE('',(#292),#1262,.T.);
#1277=ADVANCED_FACE('',(#293),#249,.T.);
#1278=ADVANCED_FACE('',(#294),#25,.F.);
#1279=ADVANCED_FACE('',(#295),#250,.F.);
#1280=ADVANCED_FACE('',(#296),#26,.F.);
#1281=ADVANCED_FACE('',(#297),#1263,.T.);
#1282=ADVANCED_FACE('',(#298),#251,.T.);
#1283=ADVANCED_FACE('',(#299),#252,.T.);
#1284=ADVANCED_FACE('',(#300),#27,.T.);
#1285=ADVANCED_FACE('',(#301),#1264,.T.);
#1286=ADVANCED_FACE('',(#302),#253,.T.);
#1287=ADVANCED_FACE('',(#303),#1265,.T.);
#1288=ADVANCED_FACE('',(#304),#254,.T.);
#1289=ADVANCED_FACE('',(#305),#1266,.T.);
#1290=ADVANCED_FACE('',(#306),#1267,.T.);
#1291=ADVANCED_FACE('',(#307),#255,.F.);
#1292=ADVANCED_FACE('',(#308),#256,.F.);
#1293=ADVANCED_FACE('',(#309),#28,.T.);
#1294=ADVANCED_FACE('',(#310),#257,.F.);
#1295=ADVANCED_FACE('',(#311),#258,.F.);
#1296=ADVANCED_FACE('',(#312),#29,.T.);
#1297=ADVANCED_FACE('',(#313),#259,.F.);
#1298=ADVANCED_FACE('',(#314),#260,.F.);
#1299=ADVANCED_FACE('',(#315),#30,.F.);
#1300=ADVANCED_FACE('',(#316),#31,.F.);
#1301=ADVANCED_FACE('',(#317),#261,.F.);
#1302=ADVANCED_FACE('',(#318),#262,.T.);
#1303=ADVANCED_FACE('',(#319),#263,.T.);
#1304=ADVANCED_FACE('',(#320),#32,.T.);
#1305=ADVANCED_FACE('',(#321),#33,.T.);
#1306=ADVANCED_FACE('',(#322),#264,.T.);
#1307=ADVANCED_FACE('',(#323),#265,.T.);
#1308=ADVANCED_FACE('',(#324),#34,.T.);
#1309=ADVANCED_FACE('',(#325),#35,.T.);
#1310=ADVANCED_FACE('',(#326,#19),#36,.F.);
#1311=ADVANCED_FACE('',(#327),#266,.F.);
#1312=ADVANCED_FACE('',(#328),#267,.T.);
#1313=ADVANCED_FACE('',(#329,#20),#37,.T.);
#1314=ADVANCED_FACE('',(#330),#268,.F.);
#1315=ADVANCED_FACE('',(#331,#21),#38,.T.);
#1316=ADVANCED_FACE('',(#332),#269,.F.);
#1317=ADVANCED_FACE('',(#333),#270,.T.);
#1318=ADVANCED_FACE('',(#334),#39,.T.);
#1319=ADVANCED_FACE('',(#335),#271,.T.);
#1320=ADVANCED_FACE('',(#336,#22),#272,.T.);
#1321=ADVANCED_FACE('',(#337),#273,.T.);
#1322=ADVANCED_FACE('',(#338),#40,.T.);
#1323=ADVANCED_FACE('',(#339),#41,.T.);
#1324=ADVANCED_FACE('',(#340),#42,.F.);
#1325=ADVANCED_FACE('',(#341,#23),#43,.F.);
#1326=ADVANCED_FACE('',(#342),#274,.F.);
#1327=ADVANCED_FACE('',(#343),#275,.F.);
#1328=ADVANCED_FACE('',(#344),#276,.F.);
#1329=ADVANCED_FACE('',(#345),#277,.F.);
#1330=ADVANCED_FACE('',(#346),#44,.T.);
#1331=ADVANCED_FACE('',(#347),#278,.F.);
#1332=ADVANCED_FACE('',(#348),#279,.F.);
#1333=ADVANCED_FACE('',(#349),#45,.T.);
#1334=ADVANCED_FACE('',(#350),#280,.F.);
#1335=ADVANCED_FACE('',(#351),#281,.T.);
#1336=ADVANCED_FACE('',(#352),#282,.F.);
#1337=ADVANCED_FACE('',(#353),#46,.T.);
#1338=ADVANCED_FACE('',(#354),#283,.F.);
#1339=ADVANCED_FACE('',(#355),#47,.T.);
#1340=CLOSED_SHELL('',(#1268,#1269,#1270,#1271,#1272,#1273,#1274,#1275,
#1276,#1277,#1278,#1279,#1280,#1281,#1282,#1283,#1284,#1285,#1286,#1287,
#1288,#1289,#1290,#1291,#1292,#1293,#1294,#1295,#1296,#1297,#1298,#1299,
#1300,#1301,#1302,#1303,#1304,#1305,#1306,#1307,#1308,#1309,#1310,#1311,
#1312,#1313,#1314,#1315,#1316,#1317,#1318,#1319,#1320,#1321,#1322,#1323,
#1324,#1325,#1326,#1327,#1328,#1329,#1330,#1331,#1332,#1333,#1334,#1335,
#1336,#1337,#1338,#1339));
#1341=DERIVED_UNIT_ELEMENT(#1343,1.);
#1342=DERIVED_UNIT_ELEMENT(#2486,-3.);
#1343=(
MASS_UNIT()
NAMED_UNIT(*)
SI_UNIT(.KILO.,.GRAM.)
);
#1344=DERIVED_UNIT((#1341,#1342));
#1345=MEASURE_REPRESENTATION_ITEM('density measure',
POSITIVE_RATIO_MEASURE(1060.),#1344);
#1346=PROPERTY_DEFINITION_REPRESENTATION(#1351,#1348);
#1347=PROPERTY_DEFINITION_REPRESENTATION(#1352,#1349);
#1348=REPRESENTATION('material name',(#1350),#2483);
#1349=REPRESENTATION('density',(#1345),#2483);
#1350=DESCRIPTIVE_REPRESENTATION_ITEM('ABS-Kunststoff','ABS-Kunststoff');
#1351=PROPERTY_DEFINITION('material property','material name',#2498);
#1352=PROPERTY_DEFINITION('material property','density of part',#2498);
#1353=AXIS2_PLACEMENT_3D('',#1923,#1510,#1511);
#1354=AXIS2_PLACEMENT_3D('',#1924,#1512,#1513);
#1355=AXIS2_PLACEMENT_3D('',#1925,#1514,#1515);
#1356=AXIS2_PLACEMENT_3D('',#1935,#1516,#1517);
#1357=AXIS2_PLACEMENT_3D('',#1937,#1518,#1519);
#1358=AXIS2_PLACEMENT_3D('',#1939,#1520,#1521);
#1359=AXIS2_PLACEMENT_3D('',#1944,#1522,#1523);
#1360=AXIS2_PLACEMENT_3D('',#1947,#1524,#1525);
#1361=AXIS2_PLACEMENT_3D('',#1948,#1526,#1527);
#1362=AXIS2_PLACEMENT_3D('',#1949,#1528,#1529);
#1363=AXIS2_PLACEMENT_3D('',#1950,#1530,#1531);
#1364=AXIS2_PLACEMENT_3D('',#1967,#1534,#1535);
#1365=AXIS2_PLACEMENT_3D('',#1969,#1536,#1537);
#1366=AXIS2_PLACEMENT_3D('',#1971,#1538,#1539);
#1367=AXIS2_PLACEMENT_3D('',#1984,#1540,#1541);
#1368=AXIS2_PLACEMENT_3D('',#1988,#1543,#1544);
#1369=AXIS2_PLACEMENT_3D('',#1990,#1546,#1547);
#1370=AXIS2_PLACEMENT_3D('',#1999,#1548,#1549);
#1371=AXIS2_PLACEMENT_3D('',#2000,#1550,#1551);
#1372=AXIS2_PLACEMENT_3D('',#2001,#1552,#1553);
#1373=AXIS2_PLACEMENT_3D('',#2003,#1554,#1555);
#1374=AXIS2_PLACEMENT_3D('',#2005,#1556,#1557);
#1375=AXIS2_PLACEMENT_3D('',#2009,#1559,#1560);
#1376=AXIS2_PLACEMENT_3D('',#2013,#1562,#1563);
#1377=AXIS2_PLACEMENT_3D('',#2015,#1565,#1566);
#1378=AXIS2_PLACEMENT_3D('',#2041,#1568,#1569);
#1379=AXIS2_PLACEMENT_3D('',#2043,#1570,#1571);
#1380=AXIS2_PLACEMENT_3D('',#2056,#1572,#1573);
#1381=AXIS2_PLACEMENT_3D('',#2071,#1575,#1576);
#1382=AXIS2_PLACEMENT_3D('',#2081,#1582,#1583);
#1383=AXIS2_PLACEMENT_3D('',#2084,#1585,#1586);
#1384=AXIS2_PLACEMENT_3D('',#2085,#1587,#1588);
#1385=AXIS2_PLACEMENT_3D('',#2093,#1593,#1594);
#1386=AXIS2_PLACEMENT_3D('',#2096,#1595,#1596);
#1387=AXIS2_PLACEMENT_3D('',#2111,#1597,#1598);
#1388=AXIS2_PLACEMENT_3D('',#2124,#1599,#1600);
#1389=AXIS2_PLACEMENT_3D('',#2139,#1603,#1604);
#1390=AXIS2_PLACEMENT_3D('',#2156,#1607,#1608);
#1391=AXIS2_PLACEMENT_3D('',#2158,#1609,#1610);
#1392=AXIS2_PLACEMENT_3D('',#2160,#1611,#1612);
#1393=AXIS2_PLACEMENT_3D('',#2162,#1613,#1614);
#1394=AXIS2_PLACEMENT_3D('',#2164,#1615,#1616);
#1395=AXIS2_PLACEMENT_3D('',#2168,#1618,#1619);
#1396=AXIS2_PLACEMENT_3D('',#2172,#1621,#1622);
#1397=AXIS2_PLACEMENT_3D('',#2175,#1624,#1625);
#1398=AXIS2_PLACEMENT_3D('',#2176,#1626,#1627);
#1399=AXIS2_PLACEMENT_3D('',#2178,#1628,#1629);
#1400=AXIS2_PLACEMENT_3D('',#2180,#1630,#1631);
#1401=AXIS2_PLACEMENT_3D('',#2187,#1632,#1633);
#1402=AXIS2_PLACEMENT_3D('',#2202,#1635,#1636);
#1403=AXIS2_PLACEMENT_3D('',#2204,#1637,#1638);
#1404=AXIS2_PLACEMENT_3D('',#2217,#1639,#1640);
#1405=AXIS2_PLACEMENT_3D('',#2219,#1641,#1642);
#1406=AXIS2_PLACEMENT_3D('',#2221,#1644,#1645);
#1407=AXIS2_PLACEMENT_3D('',#2223,#1646,#1647);
#1408=AXIS2_PLACEMENT_3D('',#2224,#1648,#1649);
#1409=AXIS2_PLACEMENT_3D('',#2225,#1650,#1651);
#1410=AXIS2_PLACEMENT_3D('',#2232,#1652,#1653);
#1411=AXIS2_PLACEMENT_3D('',#2239,#1654,#1655);
#1412=AXIS2_PLACEMENT_3D('',#2243,#1657,#1658);
#1413=AXIS2_PLACEMENT_3D('',#2245,#1660,#1661);
#1414=AXIS2_PLACEMENT_3D('',#2248,#1663,#1664);
#1415=AXIS2_PLACEMENT_3D('',#2252,#1666,#1667);
#1416=AXIS2_PLACEMENT_3D('',#2254,#1669,#1670);
#1417=AXIS2_PLACEMENT_3D('',#2262,#1675,#1676);
#1418=AXIS2_PLACEMENT_3D('',#2264,#1677,#1678);
#1419=AXIS2_PLACEMENT_3D('',#2266,#1680,#1681);
#1420=AXIS2_PLACEMENT_3D('',#2270,#1683,#1684);
#1421=AXIS2_PLACEMENT_3D('',#2272,#1686,#1687);
#1422=AXIS2_PLACEMENT_3D('',#2281,#1693,#1694);
#1423=AXIS2_PLACEMENT_3D('',#2283,#1696,#1697);
#1424=AXIS2_PLACEMENT_3D('',#2286,#1699,#1700);
#1425=AXIS2_PLACEMENT_3D('',#2287,#1701,#1702);
#1426=AXIS2_PLACEMENT_3D('',#2295,#1707,#1708);
#1427=AXIS2_PLACEMENT_3D('',#2305,#1714,#1715);
#1428=AXIS2_PLACEMENT_3D('',#2306,#1716,#1717);
#1429=AXIS2_PLACEMENT_3D('',#2307,#1718,#1719);
#1430=AXIS2_PLACEMENT_3D('',#2309,#1720,#1721);
#1431=AXIS2_PLACEMENT_3D('',#2311,#1723,#1724);
#1432=AXIS2_PLACEMENT_3D('',#2314,#1726,#1727);
#1433=AXIS2_PLACEMENT_3D('',#2315,#1728,#1729);
#1434=AXIS2_PLACEMENT_3D('',#2319,#1732,#1733);
#1435=AXIS2_PLACEMENT_3D('',#2323,#1736,#1737);
#1436=AXIS2_PLACEMENT_3D('',#2325,#1738,#1739);
#1437=AXIS2_PLACEMENT_3D('',#2327,#1741,#1742);
#1438=AXIS2_PLACEMENT_3D('',#2330,#1744,#1745);
#1439=AXIS2_PLACEMENT_3D('',#2331,#1746,#1747);
#1440=AXIS2_PLACEMENT_3D('',#2333,#1749,#1750);
#1441=AXIS2_PLACEMENT_3D('',#2335,#1752,#1753);
#1442=AXIS2_PLACEMENT_3D('',#2336,#1754,#1755);
#1443=AXIS2_PLACEMENT_3D('',#2337,#1756,#1757);
#1444=AXIS2_PLACEMENT_3D('',#2339,#1758,#1759);
#1445=AXIS2_PLACEMENT_3D('',#2340,#1760,#1761);
#1446=AXIS2_PLACEMENT_3D('',#2341,#1762,#1763);
#1447=AXIS2_PLACEMENT_3D('',#2342,#1764,#1765);
#1448=AXIS2_PLACEMENT_3D('',#2343,#1766,#1767);
#1449=AXIS2_PLACEMENT_3D('',#2344,#1768,#1769);
#1450=AXIS2_PLACEMENT_3D('',#2345,#1770,#1771);
#1451=AXIS2_PLACEMENT_3D('',#2347,#1772,#1773);
#1452=AXIS2_PLACEMENT_3D('',#2348,#1774,#1775);
#1453=AXIS2_PLACEMENT_3D('',#2349,#1776,#1777);
#1454=AXIS2_PLACEMENT_3D('',#2350,#1778,#1779);
#1455=AXIS2_PLACEMENT_3D('',#2352,#1780,#1781);
#1456=AXIS2_PLACEMENT_3D('',#2354,#1782,#1783);
#1457=AXIS2_PLACEMENT_3D('',#2358,#1785,#1786);
#1458=AXIS2_PLACEMENT_3D('',#2362,#1788,#1789);
#1459=AXIS2_PLACEMENT_3D('',#2363,#1790,#1791);
#1460=AXIS2_PLACEMENT_3D('',#2364,#1792,#1793);
#1461=AXIS2_PLACEMENT_3D('',#2366,#1795,#1796);
#1462=AXIS2_PLACEMENT_3D('',#2369,#1797,#1798);
#1463=AXIS2_PLACEMENT_3D('',#2373,#1800,#1801);
#1464=AXIS2_PLACEMENT_3D('',#2375,#1803,#1804);
#1465=AXIS2_PLACEMENT_3D('',#2381,#1808,#1809);
#1466=AXIS2_PLACEMENT_3D('',#2383,#1810,#1811);
#1467=AXIS2_PLACEMENT_3D('',#2386,#1813,#1814);
#1468=AXIS2_PLACEMENT_3D('',#2387,#1815,#1816);
#1469=AXIS2_PLACEMENT_3D('',#2390,#1817,#1818);
#1470=AXIS2_PLACEMENT_3D('',#2394,#1821,#1822);
#1471=AXIS2_PLACEMENT_3D('',#2396,#1823,#1824);
#1472=AXIS2_PLACEMENT_3D('',#2398,#1826,#1827);
#1473=AXIS2_PLACEMENT_3D('',#2400,#1828,#1829);
#1474=AXIS2_PLACEMENT_3D('',#2403,#1831,#1832);
#1475=AXIS2_PLACEMENT_3D('',#2404,#1833,#1834);
#1476=AXIS2_PLACEMENT_3D('',#2410,#1838,#1839);
#1477=AXIS2_PLACEMENT_3D('',#2413,#1840,#1841);
#1478=AXIS2_PLACEMENT_3D('',#2415,#1842,#1843);
#1479=AXIS2_PLACEMENT_3D('',#2417,#1844,#1845);
#1480=AXIS2_PLACEMENT_3D('',#2420,#1847,#1848);
#1481=AXIS2_PLACEMENT_3D('',#2422,#1849,#1850);
#1482=AXIS2_PLACEMENT_3D('',#2424,#1851,#1852);
#1483=AXIS2_PLACEMENT_3D('',#2426,#1854,#1855);
#1484=AXIS2_PLACEMENT_3D('',#2429,#1856,#1857);
#1485=AXIS2_PLACEMENT_3D('',#2433,#1859,#1860);
#1486=AXIS2_PLACEMENT_3D('',#2434,#1861,#1862);
#1487=AXIS2_PLACEMENT_3D('',#2436,#1863,#1864);
#1488=AXIS2_PLACEMENT_3D('',#2440,#1866,#1867);
#1489=AXIS2_PLACEMENT_3D('',#2441,#1868,#1869);
#1490=AXIS2_PLACEMENT_3D('',#2442,#1870,#1871);
#1491=AXIS2_PLACEMENT_3D('',#2444,#1872,#1873);
#1492=AXIS2_PLACEMENT_3D('',#2446,#1874,#1875);
#1493=AXIS2_PLACEMENT_3D('',#2451,#1878,#1879);
#1494=AXIS2_PLACEMENT_3D('',#2452,#1880,#1881);
#1495=AXIS2_PLACEMENT_3D('',#2453,#1882,#1883);
#1496=AXIS2_PLACEMENT_3D('',#2456,#1886,#1887);
#1497=AXIS2_PLACEMENT_3D('',#2457,#1888,#1889);
#1498=AXIS2_PLACEMENT_3D('',#2459,#1891,#1892);
#1499=AXIS2_PLACEMENT_3D('',#2461,#1894,#1895);
#1500=AXIS2_PLACEMENT_3D('',#2462,#1896,#1897);
#1501=AXIS2_PLACEMENT_3D('',#2464,#1899,#1900);
#1502=AXIS2_PLACEMENT_3D('',#2466,#1902,#1903);
#1503=AXIS2_PLACEMENT_3D('',#2468,#1905,#1906);
#1504=AXIS2_PLACEMENT_3D('',#2470,#1908,#1909);
#1505=AXIS2_PLACEMENT_3D('',#2472,#1911,#1912);
#1506=AXIS2_PLACEMENT_3D('',#2474,#1914,#1915);
#1507=AXIS2_PLACEMENT_3D('',#2476,#1917,#1918);
#1508=AXIS2_PLACEMENT_3D('',#2477,#1919,#1920);
#1509=AXIS2_PLACEMENT_3D('',#2478,#1921,#1922);
#1510=DIRECTION('axis',(0.,0.,1.));
#1511=DIRECTION('refdir',(1.,0.,0.));
#1512=DIRECTION('axis',(0.,0.,1.));
#1513=DIRECTION('refdir',(1.,0.,0.));
#1514=DIRECTION('center_axis',(-1.,0.,0.));
#1515=DIRECTION('ref_axis',(0.,0.,1.));
#1516=DIRECTION('center_axis',(-1.,0.,0.));
#1517=DIRECTION('ref_axis',(0.,-0.23912568779997,0.970988622710993));
#1518=DIRECTION('center_axis',(0.,-0.976933476946392,0.213543863460023));
#1519=DIRECTION('ref_axis',(-1.,0.,0.));
#1520=DIRECTION('center_axis',(1.,0.,0.));
#1521=DIRECTION('ref_axis',(0.,-0.23912568779997,0.970988622710993));
#1522=DIRECTION('center_axis',(1.,0.,0.));
#1523=DIRECTION('ref_axis',(0.,0.,-1.));
#1524=DIRECTION('center_axis',(0.,-0.994910412824715,-0.100763438076293));
#1525=DIRECTION('ref_axis',(-1.,0.,0.));
#1526=DIRECTION('center_axis',(-1.,0.,0.));
#1527=DIRECTION('ref_axis',(0.,-0.0571020896581484,-0.998368344528548));
#1528=DIRECTION('center_axis',(1.,0.,0.));
#1529=DIRECTION('ref_axis',(0.,-0.0571020896581484,-0.998368344528548));
#1530=DIRECTION('center_axis',(0.,0.994910412824715,0.100763438076293));
#1531=DIRECTION('ref_axis',(-0.707106781186548,0.0712505103594194,-0.703507899581463));
#1532=DIRECTION('',(0.,-0.994910412824715,-0.100763438076293));
#1533=DIRECTION('',(0.,0.994910412824715,0.100763438076293));
#1534=DIRECTION('center_axis',(1.,0.,0.));
#1535=DIRECTION('ref_axis',(0.,0.,-1.));
#1536=DIRECTION('center_axis',(-1.,0.,0.));
#1537=DIRECTION('ref_axis',(0.,1.,2.88747519129471E-15));
#1538=DIRECTION('center_axis',(1.,0.,0.));
#1539=DIRECTION('ref_axis',(0.,1.,2.88747519129471E-15));
#1540=DIRECTION('center_axis',(0.,-0.994910412824715,0.100763438076293));
#1541=DIRECTION('ref_axis',(-0.707106781186548,0.0712505103594155,0.703507899581463));
#1542=DIRECTION('',(0.,-0.994910412824715,0.100763438076293));
#1543=DIRECTION('center_axis',(0.,0.994910412824715,-0.100763438076296));
#1544=DIRECTION('ref_axis',(-1.,0.,0.));
#1545=DIRECTION('',(0.,0.994910412824715,-0.100763438076293));
#1546=DIRECTION('center_axis',(1.,0.,0.));
#1547=DIRECTION('ref_axis',(0.,0.,-1.));
#1548=DIRECTION('center_axis',(1.,0.,0.));
#1549=DIRECTION('ref_axis',(0.,-0.97775237433463,-0.20976247157915));
#1550=DIRECTION('center_axis',(-1.,0.,0.));
#1551=DIRECTION('ref_axis',(0.,-0.97775237433463,-0.20976247157915));
#1552=DIRECTION('center_axis',(1.,0.,0.));
#1553=DIRECTION('ref_axis',(0.,0.,-1.));
#1554=DIRECTION('center_axis',(1.,0.,0.));
#1555=DIRECTION('ref_axis',(0.,0.261348553902485,0.965244494091046));
#1556=DIRECTION('center_axis',(-1.,0.,0.));
#1557=DIRECTION('ref_axis',(0.,-0.261348553902485,-0.965244494091046));
#1558=DIRECTION('',(0.,-0.994910412824715,-0.100763438076293));
#1559=DIRECTION('center_axis',(-1.,0.,0.));
#1560=DIRECTION('ref_axis',(0.,1.,-6.12323399573677E-17));
#1561=DIRECTION('',(0.,0.994910412824715,-0.100763438076293));
#1562=DIRECTION('center_axis',(1.,0.,0.));
#1563=DIRECTION('ref_axis',(0.,-0.499999999999998,0.86602540378444));
#1564=DIRECTION('',(0.,-0.866025403784439,-0.499999999999999));
#1565=DIRECTION('center_axis',(0.,0.994910412824715,-0.100763438076293));
#1566=DIRECTION('ref_axis',(-0.707106781186549,-0.0712505103594156,-0.703507899581462));
#1567=DIRECTION('',(0.,-0.994910412824715,0.100763438076293));
#1568=DIRECTION('center_axis',(-1.,0.,0.));
#1569=DIRECTION('ref_axis',(0.,0.,1.));
#1570=DIRECTION('center_axis',(1.,0.,0.));
#1571=DIRECTION('ref_axis',(0.,1.,-6.12323399573677E-17));
#1572=DIRECTION('center_axis',(0.,-0.994910412824715,-0.100763438076293));
#1573=DIRECTION('ref_axis',(-0.707106781186548,-0.0712505103594155,0.703507899581463));
#1574=DIRECTION('',(0.,0.994910412824715,0.100763438076293));
#1575=DIRECTION('center_axis',(0.,0.100763438076293,0.994910412824715));
#1576=DIRECTION('ref_axis',(0.,-0.994910412824715,0.100763438076293));
#1577=DIRECTION('',(1.,0.,0.));
#1578=DIRECTION('',(0.,-0.994910412824715,0.100763438076293));
#1579=DIRECTION('',(1.,0.,0.));
#1580=DIRECTION('',(0.,-0.994910412824715,0.100763438076293));
#1581=DIRECTION('',(1.,0.,0.));
#1582=DIRECTION('center_axis',(1.,0.,0.));
#1583=DIRECTION('ref_axis',(0.,0.,-1.));
#1584=DIRECTION('',(1.,0.,0.));
#1585=DIRECTION('center_axis',(-1.,0.,0.));
#1586=DIRECTION('ref_axis',(0.,0.,-1.));
#1587=DIRECTION('center_axis',(0.,0.100763438076293,-0.994910412824715));
#1588=DIRECTION('ref_axis',(0.,-0.994910412824715,-0.100763438076293));
#1589=DIRECTION('',(-1.,0.,0.));
#1590=DIRECTION('',(0.,0.994910412824715,0.100763438076293));
#1591=DIRECTION('',(1.,0.,0.));
#1592=DIRECTION('',(0.,0.994910412824715,0.100763438076293));
#1593=DIRECTION('center_axis',(1.,0.,0.));
#1594=DIRECTION('ref_axis',(0.,0.,-1.));
#1595=DIRECTION('center_axis',(1.,0.,0.));
#1596=DIRECTION('ref_axis',(0.,1.,-6.12323399573677E-17));
#1597=DIRECTION('center_axis',(-1.,0.,0.));
#1598=DIRECTION('ref_axis',(0.,1.,-6.12323399573677E-17));
#1599=DIRECTION('center_axis',(0.,-0.994910412824715,0.100763438076293));
#1600=DIRECTION('ref_axis',(0.707106781186549,-0.0712505103594156,-0.703507899581462));
#1601=DIRECTION('',(0.,-0.994910412824715,0.100763438076293));
#1602=DIRECTION('',(0.,0.994910412824715,-0.100763438076293));
#1603=DIRECTION('center_axis',(0.,0.994910412824715,0.100763438076293));
#1604=DIRECTION('ref_axis',(0.707106781186548,-0.0712505103594155,0.703507899581463));
#1605=DIRECTION('',(0.,-0.994910412824715,-0.100763438076293));
#1606=DIRECTION('',(0.,0.994910412824715,0.100763438076293));
#1607=DIRECTION('center_axis',(1.,0.,0.));
#1608=DIRECTION('ref_axis',(0.,0.,-1.));
#1609=DIRECTION('center_axis',(1.,0.,0.));
#1610=DIRECTION('ref_axis',(0.,-0.261348553902485,-0.965244494091046));
#1611=DIRECTION('center_axis',(-1.,0.,0.));
#1612=DIRECTION('ref_axis',(0.,0.261348553902485,0.965244494091046));
#1613=DIRECTION('center_axis',(1.,0.,0.));
#1614=DIRECTION('ref_axis',(0.,-0.23912568779997,0.970988622710993));
#1615=DIRECTION('center_axis',(-1.,0.,0.));
#1616=DIRECTION('ref_axis',(0.,-0.0571020896581481,-0.998368344528548));
#1617=DIRECTION('',(0.,-0.994910412824715,-0.100763438076293));
#1618=DIRECTION('center_axis',(-1.,0.,0.));
#1619=DIRECTION('ref_axis',(0.,1.,2.88747519129471E-15));
#1620=DIRECTION('',(0.,0.994910412824715,-0.100763438076293));
#1621=DIRECTION('center_axis',(1.,0.,0.));
#1622=DIRECTION('ref_axis',(0.,-0.97775237433463,-0.20976247157915));
#1623=DIRECTION('',(0.,0.866025403784439,0.499999999999999));
#1624=DIRECTION('center_axis',(-1.,0.,0.));
#1625=DIRECTION('ref_axis',(0.,-0.499999999999998,0.86602540378444));
#1626=DIRECTION('center_axis',(1.,0.,0.));
#1627=DIRECTION('ref_axis',(0.,0.,-1.));
#1628=DIRECTION('center_axis',(0.,-0.994910412824715,0.100763438076295));
#1629=DIRECTION('ref_axis',(1.,0.,0.));
#1630=DIRECTION('center_axis',(-1.,0.,0.));
#1631=DIRECTION('ref_axis',(0.,-0.97775237433463,-0.20976247157915));
#1632=DIRECTION('center_axis',(0.,0.994910412824715,-0.100763438076293));
#1633=DIRECTION('ref_axis',(0.707106781186548,0.0712505103594155,0.703507899581463));
#1634=DIRECTION('',(0.,-0.994910412824715,0.100763438076293));
#1635=DIRECTION('center_axis',(-1.,0.,0.));
#1636=DIRECTION('ref_axis',(0.,0.,1.));
#1637=DIRECTION('center_axis',(1.,0.,0.));
#1638=DIRECTION('ref_axis',(0.,1.,2.88747519129471E-15));
#1639=DIRECTION('center_axis',(0.,-0.994910412824715,-0.100763438076293));
#1640=DIRECTION('ref_axis',(0.707106781186548,0.0712505103594194,-0.703507899581463));
#1641=DIRECTION('center_axis',(0.,0.994910412824715,0.100763438076293));
#1642=DIRECTION('ref_axis',(1.,0.,0.));
#1643=DIRECTION('',(0.,0.994910412824715,0.100763438076293));
#1644=DIRECTION('center_axis',(-1.,0.,0.));
#1645=DIRECTION('ref_axis',(0.,-0.0571020896581482,-0.998368344528548));
#1646=DIRECTION('center_axis',(0.,0.976933476946392,-0.213543863460024));
#1647=DIRECTION('ref_axis',(1.,0.,0.));
#1648=DIRECTION('center_axis',(1.,0.,0.));
#1649=DIRECTION('ref_axis',(0.,-0.0571020896581481,-0.998368344528548));
#1650=DIRECTION('center_axis',(-1.,0.,0.));
#1651=DIRECTION('ref_axis',(0.,0.,1.));
#1652=DIRECTION('center_axis',(-1.,0.,0.));
#1653=DIRECTION('ref_axis',(0.,-0.23912568779997,0.970988622710993));
#1654=DIRECTION('center_axis',(1.,0.,0.));
#1655=DIRECTION('ref_axis',(0.,-0.5,0.866025403784439));
#1656=DIRECTION('',(-1.,0.,0.));
#1657=DIRECTION('center_axis',(-1.,0.,0.));
#1658=DIRECTION('ref_axis',(0.,-0.5,0.866025403784439));
#1659=DIRECTION('',(1.,0.,0.));
#1660=DIRECTION('center_axis',(1.,0.,0.));
#1661=DIRECTION('ref_axis',(0.,-0.499999999999998,0.86602540378444));
#1662=DIRECTION('',(1.,0.,0.));
#1663=DIRECTION('center_axis',(1.,0.,0.));
#1664=DIRECTION('ref_axis',(0.,-0.499999999999998,0.86602540378444));
#1665=DIRECTION('',(1.,0.,0.));
#1666=DIRECTION('center_axis',(-1.,0.,0.));
#1667=DIRECTION('ref_axis',(0.,-0.499999999999998,0.86602540378444));
#1668=DIRECTION('',(1.,0.,0.));
#1669=DIRECTION('center_axis',(0.,0.5,-0.866025403784439));
#1670=DIRECTION('ref_axis',(0.,0.866025403784439,0.499999999999999));
#1671=DIRECTION('',(0.,0.866025403784439,0.499999999999999));
#1672=DIRECTION('',(1.,0.,0.));
#1673=DIRECTION('',(0.,0.866025403784439,0.499999999999999));
#1674=DIRECTION('',(1.,0.,0.));
#1675=DIRECTION('center_axis',(1.,0.,0.));
#1676=DIRECTION('ref_axis',(0.,-0.5,0.866025403784439));
#1677=DIRECTION('center_axis',(-1.,0.,0.));
#1678=DIRECTION('ref_axis',(0.,-0.5,0.866025403784439));
#1679=DIRECTION('',(-1.,0.,0.));
#1680=DIRECTION('center_axis',(-1.,0.,0.));
#1681=DIRECTION('ref_axis',(0.,0.642787609686539,-0.766044443118978));
#1682=DIRECTION('',(-1.,0.,0.));
#1683=DIRECTION('center_axis',(-1.,0.,0.));
#1684=DIRECTION('ref_axis',(0.,0.642787609686539,-0.766044443118978));
#1685=DIRECTION('',(1.,0.,0.));
#1686=DIRECTION('center_axis',(0.,0.64278760968654,-0.766044443118978));
#1687=DIRECTION('ref_axis',(0.,0.766044443118978,0.64278760968654));
#1688=DIRECTION('',(1.,0.,0.));
#1689=DIRECTION('',(-1.,0.,0.));
#1690=DIRECTION('',(0.,0.766044443118978,0.642787609686539));
#1691=DIRECTION('',(1.,0.,0.));
#1692=DIRECTION('',(0.,0.766044443118978,0.642787609686539));
#1693=DIRECTION('center_axis',(1.,0.,0.));
#1694=DIRECTION('ref_axis',(0.,0.261348553902485,0.965244494091046));
#1695=DIRECTION('',(-1.,0.,0.));
#1696=DIRECTION('center_axis',(-1.,0.,0.));
#1697=DIRECTION('ref_axis',(0.,0.642787609686539,-0.766044443118978));
#1698=DIRECTION('',(1.,0.,0.));
#1699=DIRECTION('center_axis',(-1.,0.,0.));
#1700=DIRECTION('ref_axis',(0.,0.642787609686539,-0.766044443118978));
#1701=DIRECTION('center_axis',(0.,0.100763438076293,0.994910412824715));
#1702=DIRECTION('ref_axis',(0.,-0.994910412824715,0.100763438076293));
#1703=DIRECTION('',(0.,0.994910412824715,-0.100763438076293));
#1704=DIRECTION('',(-1.,0.,0.));
#1705=DIRECTION('',(0.,-0.994910412824715,0.100763438076293));
#1706=DIRECTION('',(1.,0.,0.));
#1707=DIRECTION('center_axis',(0.,0.100763438076293,-0.994910412824715));
#1708=DIRECTION('ref_axis',(0.,-0.994910412824715,-0.100763438076293));
#1709=DIRECTION('',(1.,0.,0.));
#1710=DIRECTION('',(0.,0.994910412824715,0.100763438076293));
#1711=DIRECTION('',(-1.,0.,0.));
#1712=DIRECTION('',(0.,-0.994910412824715,-0.100763438076293));
#1713=DIRECTION('',(-1.,0.,0.));
#1714=DIRECTION('center_axis',(1.,0.,0.));
#1715=DIRECTION('ref_axis',(0.,0.,-1.));
#1716=DIRECTION('center_axis',(-1.,0.,0.));
#1717=DIRECTION('ref_axis',(0.,0.,-1.));
#1718=DIRECTION('center_axis',(1.,0.,0.));
#1719=DIRECTION('ref_axis',(0.,-0.0571020896581484,-0.998368344528548));
#1720=DIRECTION('center_axis',(1.,0.,0.));
#1721=DIRECTION('ref_axis',(0.,0.100763438076293,0.994910412824715));
#1722=DIRECTION('',(1.,0.,0.));
#1723=DIRECTION('center_axis',(1.,0.,0.));
#1724=DIRECTION('ref_axis',(0.,-0.0571020896581484,-0.998368344528548));
#1725=DIRECTION('',(1.,0.,0.));
#1726=DIRECTION('center_axis',(1.,0.,0.));
#1727=DIRECTION('ref_axis',(0.,0.100763438076293,0.994910412824715));
#1728=DIRECTION('center_axis',(0.,0.100763438076293,-0.994910412824715));
#1729=DIRECTION('ref_axis',(0.,0.994910412824715,0.100763438076293));
#1730=DIRECTION('',(0.,0.994910412824715,0.100763438076293));
#1731=DIRECTION('',(1.,0.,0.));
#1732=DIRECTION('center_axis',(0.,0.100763438076293,-0.994910412824715));
#1733=DIRECTION('ref_axis',(0.,0.994910412824715,0.100763438076293));
#1734=DIRECTION('',(1.,0.,0.));
#1735=DIRECTION('',(0.,0.994910412824715,0.100763438076293));
#1736=DIRECTION('center_axis',(1.,0.,0.));
#1737=DIRECTION('ref_axis',(0.,0.0178703395992834,-0.999840312731291));
#1738=DIRECTION('center_axis',(1.,0.,0.));
#1739=DIRECTION('ref_axis',(0.,0.0178703395992834,-0.999840312731291));
#1740=DIRECTION('',(1.,0.,0.));
#1741=DIRECTION('center_axis',(1.,0.,0.));
#1742=DIRECTION('ref_axis',(0.,0.0178703395992834,-0.999840312731291));
#1743=DIRECTION('',(1.,0.,0.));
#1744=DIRECTION('center_axis',(1.,0.,0.));
#1745=DIRECTION('ref_axis',(0.,0.0178703395992834,-0.999840312731291));
#1746=DIRECTION('center_axis',(0.,0.100763438076293,0.994910412824715));
#1747=DIRECTION('ref_axis',(0.,-0.994910412824715,0.100763438076293));
#1748=DIRECTION('',(0.,-0.994910412824715,0.100763438076293));
#1749=DIRECTION('center_axis',(0.,0.100763438076293,0.994910412824715));
#1750=DIRECTION('ref_axis',(0.,-0.994910412824715,0.100763438076293));
#1751=DIRECTION('',(0.,-0.994910412824715,0.100763438076293));
#1752=DIRECTION('center_axis',(1.,0.,0.));
#1753=DIRECTION('ref_axis',(0.,0.,-1.));
#1754=DIRECTION('center_axis',(1.,0.,0.));
#1755=DIRECTION('ref_axis',(0.,-0.261348553902485,-0.965244494091046));
#1756=DIRECTION('center_axis',(-1.,0.,0.));
#1757=DIRECTION('ref_axis',(0.,0.100763438076293,0.994910412824715));
#1758=DIRECTION('center_axis',(-1.,0.,0.));
#1759=DIRECTION('ref_axis',(0.,0.,-1.));
#1760=DIRECTION('center_axis',(-1.,0.,0.));
#1761=DIRECTION('ref_axis',(0.,-1.,-3.96508223080413E-17));
#1762=DIRECTION('center_axis',(1.,0.,0.));
#1763=DIRECTION('ref_axis',(0.,0.100763438076293,0.994910412824715));
#1764=DIRECTION('center_axis',(1.,0.,0.));
#1765=DIRECTION('ref_axis',(0.,-0.261348553902485,-0.965244494091046));
#1766=DIRECTION('center_axis',(-1.,0.,0.));
#1767=DIRECTION('ref_axis',(0.,-0.261348553902485,-0.965244494091046));
#1768=DIRECTION('center_axis',(1.,0.,0.));
#1769=DIRECTION('ref_axis',(0.,0.,-1.));
#1770=DIRECTION('center_axis',(1.,0.,0.));
#1771=DIRECTION('ref_axis',(0.,0.100763438076293,0.994910412824715));
#1772=DIRECTION('center_axis',(1.,0.,0.));
#1773=DIRECTION('ref_axis',(0.,0.,-1.));
#1774=DIRECTION('center_axis',(1.,0.,0.));
#1775=DIRECTION('ref_axis',(0.,-1.,4.16333634234434E-16));
#1776=DIRECTION('center_axis',(1.,0.,0.));
#1777=DIRECTION('ref_axis',(0.,0.100763438076293,0.994910412824715));
#1778=DIRECTION('center_axis',(1.,0.,0.));
#1779=DIRECTION('ref_axis',(0.,0.,-1.));
#1780=DIRECTION('center_axis',(-1.,0.,0.));
#1781=DIRECTION('ref_axis',(0.,0.948528137699081,0.316692866975424));
#1782=DIRECTION('center_axis',(-1.,0.,0.));
#1783=DIRECTION('ref_axis',(0.,1.,0.));
#1784=DIRECTION('',(0.,1.,0.));
#1785=DIRECTION('center_axis',(1.,0.,0.));
#1786=DIRECTION('ref_axis',(0.,0.,1.));
#1787=DIRECTION('',(0.,0.,1.));
#1788=DIRECTION('center_axis',(-1.,0.,0.));
#1789=DIRECTION('ref_axis',(0.,-0.593293007457691,-0.804986588274493));
#1790=DIRECTION('center_axis',(-1.,0.,0.));
#1791=DIRECTION('ref_axis',(0.,-0.64278760968654,0.766044443118978));
#1792=DIRECTION('center_axis',(1.,0.,0.));
#1793=DIRECTION('ref_axis',(0.,0.,-1.));
#1794=DIRECTION('',(1.,0.,0.));
#1795=DIRECTION('center_axis',(1.,0.,0.));
#1796=DIRECTION('ref_axis',(0.,0.714005547195119,-0.700140042116288));
#1797=DIRECTION('center_axis',(-1.,0.,0.));
#1798=DIRECTION('ref_axis',(0.,0.714005547195119,-0.700140042116288));
#1799=DIRECTION('',(1.,0.,0.));
#1800=DIRECTION('center_axis',(1.,0.,0.));
#1801=DIRECTION('ref_axis',(0.,0.714005547195119,-0.700140042116288));
#1802=DIRECTION('',(-1.,0.,0.));
#1803=DIRECTION('center_axis',(0.,1.,0.));
#1804=DIRECTION('ref_axis',(0.,0.,1.));
#1805=DIRECTION('',(0.,0.,1.));
#1806=DIRECTION('',(-1.,0.,0.));
#1807=DIRECTION('',(0.,0.,-1.));
#1808=DIRECTION('center_axis',(1.,0.,0.));
#1809=DIRECTION('ref_axis',(0.,0.700208013581251,0.713938889343198));
#1810=DIRECTION('center_axis',(-1.,0.,0.));
#1811=DIRECTION('ref_axis',(0.,0.700208013581251,0.713938889343198));
#1812=DIRECTION('',(1.,0.,0.));
#1813=DIRECTION('center_axis',(1.,0.,0.));
#1814=DIRECTION('ref_axis',(0.,0.700208013581251,0.713938889343198));
#1815=DIRECTION('center_axis',(1.,0.,0.));
#1816=DIRECTION('ref_axis',(0.,-0.827100610110731,0.562053894884161));
#1817=DIRECTION('center_axis',(1.,0.,0.));
#1818=DIRECTION('ref_axis',(0.,0.,1.));
#1819=DIRECTION('',(1.,0.,0.));
#1820=DIRECTION('',(1.,0.,0.));
#1821=DIRECTION('center_axis',(1.,0.,0.));
#1822=DIRECTION('ref_axis',(0.,0.866025403784439,0.5));
#1823=DIRECTION('center_axis',(-1.,0.,0.));
#1824=DIRECTION('ref_axis',(0.,0.866025403784439,0.5));
#1825=DIRECTION('',(-1.,0.,0.));
#1826=DIRECTION('center_axis',(1.,0.,0.));
#1827=DIRECTION('ref_axis',(0.,0.338689214199759,0.940898302785561));
#1828=DIRECTION('center_axis',(-1.,0.,0.));
#1829=DIRECTION('ref_axis',(0.,0.338689214199759,0.940898302785561));
#1830=DIRECTION('',(1.,0.,0.));
#1831=DIRECTION('center_axis',(1.,0.,0.));
#1832=DIRECTION('ref_axis',(0.,0.338689214199759,0.940898302785561));
#1833=DIRECTION('center_axis',(0.,-0.5,0.866025403784439));
#1834=DIRECTION('ref_axis',(0.,-0.866025403784439,-0.5));
#1835=DIRECTION('',(0.,-0.866025403784439,-0.5));
#1836=DIRECTION('',(1.,0.,0.));
#1837=DIRECTION('',(0.,0.866025403784439,0.5));
#1838=DIRECTION('center_axis',(1.,0.,0.));
#1839=DIRECTION('ref_axis',(0.,0.,-1.));
#1840=DIRECTION('center_axis',(-1.,0.,0.));
#1841=DIRECTION('ref_axis',(0.,0.642787609686539,-0.766044443118978));
#1842=DIRECTION('center_axis',(1.,0.,0.));
#1843=DIRECTION('ref_axis',(0.,0.209310835010357,0.97784915725651));
#1844=DIRECTION('center_axis',(-1.,0.,0.));
#1845=DIRECTION('ref_axis',(0.,-0.209310835010358,-0.97784915725651));
#1846=DIRECTION('',(0.,-0.999464876293861,-0.0327102591689171));
#1847=DIRECTION('center_axis',(-1.,0.,0.));
#1848=DIRECTION('ref_axis',(0.,0.0327102591689201,-0.999464876293861));
#1849=DIRECTION('center_axis',(-1.,0.,0.));
#1850=DIRECTION('ref_axis',(0.,0.,1.));
#1851=DIRECTION('center_axis',(-1.,0.,0.));
#1852=DIRECTION('ref_axis',(0.,-0.867455181447121,-0.497515334618483));
#1853=DIRECTION('',(0.,-0.766044443118978,-0.642787609686539));
#1854=DIRECTION('center_axis',(1.,0.,0.));
#1855=DIRECTION('ref_axis',(0.,0.,-1.));
#1856=DIRECTION('center_axis',(1.,0.,0.));
#1857=DIRECTION('ref_axis',(0.,0.642787609686539,-0.766044443118978));
#1858=DIRECTION('',(0.,0.766044443118978,0.642787609686539));
#1859=DIRECTION('center_axis',(1.,0.,0.));
#1860=DIRECTION('ref_axis',(0.,-0.867455181447121,-0.497515334618483));
#1861=DIRECTION('center_axis',(1.,0.,0.));
#1862=DIRECTION('ref_axis',(0.,0.,1.));
#1863=DIRECTION('center_axis',(1.,0.,0.));
#1864=DIRECTION('ref_axis',(0.,0.0327102591689201,-0.999464876293861));
#1865=DIRECTION('',(0.,0.999464876293861,0.0327102591689171));
#1866=DIRECTION('center_axis',(1.,0.,0.));
#1867=DIRECTION('ref_axis',(0.,-0.209310835010358,-0.97784915725651));
#1868=DIRECTION('center_axis',(-1.,0.,0.));
#1869=DIRECTION('ref_axis',(0.,0.209310835010357,0.97784915725651));
#1870=DIRECTION('center_axis',(1.,0.,0.));
#1871=DIRECTION('ref_axis',(0.,0.,-1.));
#1872=DIRECTION('center_axis',(-1.,0.,0.));
#1873=DIRECTION('ref_axis',(0.,-0.64278760968654,0.766044443118978));
#1874=DIRECTION('center_axis',(-1.,0.,0.));
#1875=DIRECTION('ref_axis',(0.,-0.593293007457691,-0.804986588274493));
#1876=DIRECTION('',(0.,0.,1.));
#1877=DIRECTION('',(0.,1.,0.));
#1878=DIRECTION('center_axis',(-1.,0.,0.));
#1879=DIRECTION('ref_axis',(0.,1.,0.));
#1880=DIRECTION('center_axis',(-1.,0.,0.));
#1881=DIRECTION('ref_axis',(0.,0.948528137699081,0.316692866975424));
#1882=DIRECTION('center_axis',(1.,0.,0.));
#1883=DIRECTION('ref_axis',(0.,1.,0.));
#1884=DIRECTION('',(-1.,0.,0.));
#1885=DIRECTION('',(1.,0.,0.));
#1886=DIRECTION('center_axis',(1.,0.,0.));
#1887=DIRECTION('ref_axis',(0.,0.948528137699081,0.316692866975424));
#1888=DIRECTION('center_axis',(1.,0.,0.));
#1889=DIRECTION('ref_axis',(0.,-0.64278760968654,0.766044443118978));
#1890=DIRECTION('',(1.,0.,0.));
#1891=DIRECTION('center_axis',(1.,0.,0.));
#1892=DIRECTION('ref_axis',(0.,-0.593293007457691,-0.804986588274493));
#1893=DIRECTION('',(1.,0.,0.));
#1894=DIRECTION('center_axis',(0.,1.,0.));
#1895=DIRECTION('ref_axis',(0.,0.,1.));
#1896=DIRECTION('center_axis',(1.,0.,0.));
#1897=DIRECTION('ref_axis',(0.,0.,1.));
#1898=DIRECTION('',(1.,0.,0.));
#1899=DIRECTION('center_axis',(1.,0.,0.));
#1900=DIRECTION('ref_axis',(0.,-0.867455181447121,-0.497515334618483));
#1901=DIRECTION('',(1.,0.,0.));
#1902=DIRECTION('center_axis',(0.,-0.642787609686539,0.766044443118978));
#1903=DIRECTION('ref_axis',(0.,-0.766044443118978,-0.642787609686539));
#1904=DIRECTION('',(1.,0.,0.));
#1905=DIRECTION('center_axis',(1.,0.,0.));
#1906=DIRECTION('ref_axis',(0.,0.642787609686539,-0.766044443118978));
#1907=DIRECTION('',(1.,0.,0.));
#1908=DIRECTION('center_axis',(1.,0.,0.));
#1909=DIRECTION('ref_axis',(0.,0.209310835010357,0.97784915725651));
#1910=DIRECTION('',(1.,0.,0.));
#1911=DIRECTION('center_axis',(1.,0.,0.));
#1912=DIRECTION('ref_axis',(0.,-0.209310835010358,-0.97784915725651));
#1913=DIRECTION('',(1.,0.,0.));
#1914=DIRECTION('center_axis',(0.,-0.0327102591689171,0.999464876293861));
#1915=DIRECTION('ref_axis',(0.,-0.999464876293861,-0.0327102591689171));
#1916=DIRECTION('',(1.,0.,0.));
#1917=DIRECTION('center_axis',(1.,0.,0.));
#1918=DIRECTION('ref_axis',(0.,0.0327102591689201,-0.999464876293861));
#1919=DIRECTION('center_axis',(0.,0.,-1.));
#1920=DIRECTION('ref_axis',(0.,1.,0.));
#1921=DIRECTION('',(0.,0.,1.));
#1922=DIRECTION('',(1.,0.,0.));
#1923=CARTESIAN_POINT('',(0.,0.,0.));
#1924=CARTESIAN_POINT('',(0.,0.,0.));
#1925=CARTESIAN_POINT('Origin',(12.4,3.07810530018354,-8.79240130707497));
#1926=CARTESIAN_POINT('',(12.,1.91335712123268,-4.0328465296162));
#1927=CARTESIAN_POINT('',(12.0498330818885,1.24219735263024,-4.45857818674713));
#1928=CARTESIAN_POINT('Ctrl Pts',(12.,1.91335712123268,-4.0328465296162));
#1929=CARTESIAN_POINT('Ctrl Pts',(12.,1.91041642171036,-4.03420381290937));
#1930=CARTESIAN_POINT('Ctrl Pts',(12.0000014385408,1.90747927227812,-4.03556523433967));
#1931=CARTESIAN_POINT('Ctrl Pts',(12.0002722980436,1.63365225781357,-4.1630273363096));
#1932=CARTESIAN_POINT('Ctrl Pts',(12.0134882036935,1.41425543468505,-4.31420431356407));
#1933=CARTESIAN_POINT('Ctrl Pts',(12.0498330818883,1.2421973526312,-4.45857818674633));
#1934=CARTESIAN_POINT('',(12.,4.12447023113766,-4.00542727003765));
#1935=CARTESIAN_POINT('Origin',(12.,3.07810530018354,-8.79240130707497));
#1936=CARTESIAN_POINT('',(12.4,4.03905268575365,-4.39620066081621));
#1937=CARTESIAN_POINT('Origin',(12.4,4.12447023113766,-4.00542727003765));
#1938=CARTESIAN_POINT('',(12.4,0.185561056594116,-5.34520131303957));
#1939=CARTESIAN_POINT('Origin',(12.4,3.07810530018354,-8.79240130707497));
#1940=CARTESIAN_POINT('Ctrl Pts',(12.0498330818885,1.24219735263024,-4.45857818674713));
#1941=CARTESIAN_POINT('Ctrl Pts',(12.1257243498904,0.882925106753454,-4.76004339575458));
#1942=CARTESIAN_POINT('Ctrl Pts',(12.2731670161413,0.511444605753154,-5.07175254713348));
#1943=CARTESIAN_POINT('Ctrl Pts',(12.4,0.185561056594115,-5.34520131303957));
#1944=CARTESIAN_POINT('Origin',(12.4,5.00000007450581,0.));
#1945=CARTESIAN_POINT('',(12.,5.41313017212009,-4.07913270740665));
#1946=CARTESIAN_POINT('',(12.4,5.45343554735061,-4.47709687253654));
#1947=CARTESIAN_POINT('Origin',(12.4,5.41313017212009,-4.07913270740665));
#1948=CARTESIAN_POINT('Origin',(12.4,5.00000007450581,0.));
#1949=CARTESIAN_POINT('Origin',(12.,5.00000007450581,0.));
#1950=CARTESIAN_POINT('Origin',(12.4,9.03162922083051,-3.71265508276439));
#1951=CARTESIAN_POINT('',(12.4,19.0553981275299,-3.09950498436578));
#1952=CARTESIAN_POINT('',(12.4,9.07193459606103,-4.11061924789427));
#1953=CARTESIAN_POINT('',(12.,19.0322023989481,-2.69980797294303));
#1954=CARTESIAN_POINT('',(12.,9.03162922083051,-3.71265508276439));
#1955=CARTESIAN_POINT('Ctrl Pts',(12.,19.0322023989481,-2.69980797294303));
#1956=CARTESIAN_POINT('Ctrl Pts',(12.,19.0322818112202,-2.70121372681653));
#1957=CARTESIAN_POINT('Ctrl Pts',(12.0000074194741,19.0323612474058,-2.70261946960582));
#1958=CARTESIAN_POINT('Ctrl Pts',(12.0005761929767,19.0354068613967,-2.75649958728547));
#1959=CARTESIAN_POINT('Ctrl Pts',(12.0114637684158,19.0383732811442,-2.80835657318922));
#1960=CARTESIAN_POINT('Ctrl Pts',(12.0524974648734,19.0439238387942,-2.90449470451491));
#1961=CARTESIAN_POINT('Ctrl Pts',(12.0820889670273,19.0464574691856,-2.94792074291018));
#1962=CARTESIAN_POINT('Ctrl Pts',(12.1562488414237,19.0507436179148,-3.02096814825205));
#1963=CARTESIAN_POINT('Ctrl Pts',(12.2000948508904,19.0524551939434,-3.04990350068084));
#1964=CARTESIAN_POINT('Ctrl Pts',(12.2964123670298,19.0547936303049,-3.08935718016545));
#1965=CARTESIAN_POINT('Ctrl Pts',(12.3479561757777,19.0553981275299,-3.09950498436578));
#1966=CARTESIAN_POINT('Ctrl Pts',(12.4,19.0553981275299,-3.09950498436578));
#1967=CARTESIAN_POINT('Origin',(12.4,19.0000000745058,0.));
#1968=CARTESIAN_POINT('',(12.4,19.0553981275299,3.09950498436578));
#1969=CARTESIAN_POINT('Origin',(12.4,19.0000000745058,0.));
#1970=CARTESIAN_POINT('',(12.,19.0322023989481,2.69980797294304));
#1971=CARTESIAN_POINT('Origin',(12.,19.0000000745058,0.));
#1972=CARTESIAN_POINT('Ctrl Pts',(12.,19.032202398948,2.69980797294294));
#1973=CARTESIAN_POINT('Ctrl Pts',(12.,19.0322818112201,2.7012137268165));
#1974=CARTESIAN_POINT('Ctrl Pts',(12.0000074194741,19.0323612474058,2.70261946960578));
#1975=CARTESIAN_POINT('Ctrl Pts',(12.0005761929767,19.0354068613994,2.75649958728617));
#1976=CARTESIAN_POINT('Ctrl Pts',(12.0114637684159,19.0383732811441,2.80835657318939));
#1977=CARTESIAN_POINT('Ctrl Pts',(12.0524974648734,19.0439238387942,2.90449470451491));
#1978=CARTESIAN_POINT('Ctrl Pts',(12.0820889670273,19.0464574691856,2.94792074291019));
#1979=CARTESIAN_POINT('Ctrl Pts',(12.1562488414237,19.0507436179148,3.02096814825205));
#1980=CARTESIAN_POINT('Ctrl Pts',(12.2000948508904,19.0524551939434,3.04990350068085));
#1981=CARTESIAN_POINT('Ctrl Pts',(12.2964123670298,19.0547936303049,3.08935718016544));
#1982=CARTESIAN_POINT('Ctrl Pts',(12.3479561757777,19.0553981275299,3.09950498436578));
#1983=CARTESIAN_POINT('Ctrl Pts',(12.4,19.0553981275299,3.09950498436578));
#1984=CARTESIAN_POINT('Origin',(12.4,15.8739325401223,3.01967408877198));
#1985=CARTESIAN_POINT('',(12.,16.4080030170287,2.96558401519908));
#1986=CARTESIAN_POINT('',(12.,15.8739325401223,3.01967408877198));
#1987=CARTESIAN_POINT('',(12.4,16.4483083922592,3.36354818032897));
#1988=CARTESIAN_POINT('Origin',(12.4,16.4080030170287,2.96558401519908));
#1989=CARTESIAN_POINT('',(12.4,15.9142379153528,3.41763825390187));
#1990=CARTESIAN_POINT('Origin',(12.4,16.5490718303355,4.35845859315368));
#1991=CARTESIAN_POINT('',(12.,15.2005436929116,4.73458604838148));
#1992=CARTESIAN_POINT('',(12.4,16.0490718303355,5.22448399693812));
#1993=CARTESIAN_POINT('Ctrl Pts',(12.4,16.0490718303355,5.22448399693812));
#1994=CARTESIAN_POINT('Ctrl Pts',(12.2875223562937,15.895055473653,5.13556261194789));
#1995=CARTESIAN_POINT('Ctrl Pts',(12.1541733709568,15.7093536994458,5.02834764262036));
#1996=CARTESIAN_POINT('Ctrl Pts',(12.0349059971355,15.436970168553,4.87108693773657));
#1997=CARTESIAN_POINT('Ctrl Pts',(12.,15.3096187416513,4.79756055713322));
#1998=CARTESIAN_POINT('Ctrl Pts',(12.,15.2005436929116,4.73458604838149));
#1999=CARTESIAN_POINT('Origin',(12.4,16.5490718303355,4.35845859315368));
#2000=CARTESIAN_POINT('Origin',(12.,16.5490718303355,4.35845859315368));
#2001=CARTESIAN_POINT('Origin',(12.,12.3529769641234,-0.41218737611911));
#2002=CARTESIAN_POINT('',(12.,3.95460584331828,-3.86097803389724));
#2003=CARTESIAN_POINT('Origin',(12.,3.17056018161083,-6.75671151617038));
#2004=CARTESIAN_POINT('',(12.,6.27727346757971,-3.7905900802095));
#2005=CARTESIAN_POINT('Origin',(12.,5.00000007450581,0.));
#2006=CARTESIAN_POINT('',(12.,19.0210818511896,-2.49991111015809));
#2007=CARTESIAN_POINT('',(12.,9.97479445791948,-3.41610919977717));
#2008=CARTESIAN_POINT('',(12.,19.0210818511897,2.49991111015809));
#2009=CARTESIAN_POINT('Origin',(12.,19.0000000745058,0.));
#2010=CARTESIAN_POINT('',(12.,12.5583219392715,3.15445236311133));
#2011=CARTESIAN_POINT('',(12.,15.8764625442824,2.81839471302384));
#2012=CARTESIAN_POINT('',(12.,13.4372540848475,3.7165503185064));
#2013=CARTESIAN_POINT('Origin',(12.,19.1872540848475,-6.2427418250146));
#2014=CARTESIAN_POINT('',(12.,12.1367522322989,2.96570522385588));
#2015=CARTESIAN_POINT('Origin',(12.4,15.8764625442824,2.81839471302384));
#2016=CARTESIAN_POINT('',(12.4,19.0000000745058,2.1));
#2017=CARTESIAN_POINT('',(12.4,12.0830925423953,2.80053682704199));
#2018=CARTESIAN_POINT('',(12.4,15.8361571690519,2.42043054789396));
#2019=CARTESIAN_POINT('Ctrl Pts',(12.,12.5583219392715,3.15445236311133));
#2020=CARTESIAN_POINT('Ctrl Pts',(12.,12.4955685233154,3.1101850926955));
#2021=CARTESIAN_POINT('Ctrl Pts',(12.0099270871653,12.4278702906433,3.06139514387297));
#2022=CARTESIAN_POINT('Ctrl Pts',(12.0557649414933,12.300754425074,2.96770639617031));
#2023=CARTESIAN_POINT('Ctrl Pts',(12.0915734088149,12.2412992213609,2.92280855376588));
#2024=CARTESIAN_POINT('Ctrl Pts',(12.1702471000724,12.1630476965899,2.8628614430072));
#2025=CARTESIAN_POINT('Ctrl Pts',(12.2097876209456,12.1340994860725,2.8404104252692));
#2026=CARTESIAN_POINT('Ctrl Pts',(12.2999515146283,12.0940627951425,2.80917962191838));
#2027=CARTESIAN_POINT('Ctrl Pts',(12.3506747178388,12.0830925423953,2.80053682704199));
#2028=CARTESIAN_POINT('Ctrl Pts',(12.4,12.0830925423953,2.80053682704199));
#2029=CARTESIAN_POINT('Ctrl Pts',(12.,19.0210818511897,2.49991111015809));
#2030=CARTESIAN_POINT('Ctrl Pts',(12.,19.0210038479465,2.49848609004115));
#2031=CARTESIAN_POINT('Ctrl Pts',(12.0000076215487,19.0209258734654,2.4970610784776));
#2032=CARTESIAN_POINT('Ctrl Pts',(12.000584408241,19.0179765276365,2.44314111413533));
#2033=CARTESIAN_POINT('Ctrl Pts',(12.0114838096222,19.0151787180927,2.39126032015208));
#2034=CARTESIAN_POINT('Ctrl Pts',(12.0525419797079,19.0100609273525,2.29507617773323));
#2035=CARTESIAN_POINT('Ctrl Pts',(12.0821466704305,19.0077851681893,2.2516257020601));
#2036=CARTESIAN_POINT('Ctrl Pts',(12.1563189915982,19.003996812339,2.178552355635));
#2037=CARTESIAN_POINT('Ctrl Pts',(12.2001599070399,19.0025181947063,2.14960863480402));
#2038=CARTESIAN_POINT('Ctrl Pts',(12.296453775018,19.0005110303328,2.11014928463304));
#2039=CARTESIAN_POINT('Ctrl Pts',(12.3479761948559,19.0000000745058,2.1));
#2040=CARTESIAN_POINT('Ctrl Pts',(12.4,19.0000000745058,2.1));
#2041=CARTESIAN_POINT('Origin',(12.4,19.0000000745058,0.));
#2042=CARTESIAN_POINT('',(12.4,19.0000000745058,-2.1));
#2043=CARTESIAN_POINT('Origin',(12.4,19.0000000745058,0.));
#2044=CARTESIAN_POINT('Ctrl Pts',(12.,19.0210818511896,-2.49991111015809));
#2045=CARTESIAN_POINT('Ctrl Pts',(12.,19.0210038479464,-2.49848609004115));
#2046=CARTESIAN_POINT('Ctrl Pts',(12.0000076215487,19.0209258734653,-2.4970610784776));
#2047=CARTESIAN_POINT('Ctrl Pts',(12.000584408241,19.0179765276377,-2.44314111413473));
#2048=CARTESIAN_POINT('Ctrl Pts',(12.0114838096222,19.0151787180927,-2.391260320152));
#2049=CARTESIAN_POINT('Ctrl Pts',(12.0525419797079,19.0100609273526,-2.29507617773323));
#2050=CARTESIAN_POINT('Ctrl Pts',(12.0821466704305,19.0077851681893,-2.2516257020601));
#2051=CARTESIAN_POINT('Ctrl Pts',(12.1563189915982,19.003996812339,-2.178552355635));
#2052=CARTESIAN_POINT('Ctrl Pts',(12.2001599070399,19.0025181947063,-2.14960863480402));
#2053=CARTESIAN_POINT('Ctrl Pts',(12.296453775018,19.0005110303328,-2.11014928463303));
#2054=CARTESIAN_POINT('Ctrl Pts',(12.3479761948559,19.0000000745058,-2.1));
#2055=CARTESIAN_POINT('Ctrl Pts',(12.4,19.0000000745058,-2.1));
#2056=CARTESIAN_POINT('Origin',(12.4,9.97479445791948,-3.41610919977717));
#2057=CARTESIAN_POINT('',(12.4,7.27930796018426,-3.28705887369259));
#2058=CARTESIAN_POINT('Ctrl Pts',(12.4,7.27930796018426,-3.28705887369258));
#2059=CARTESIAN_POINT('Ctrl Pts',(12.3729467130878,7.27930796018426,-3.28705887369258));
#2060=CARTESIAN_POINT('Ctrl Pts',(12.3443856575331,7.27430084846753,-3.29054550457126));
#2061=CARTESIAN_POINT('Ctrl Pts',(12.2914888503727,7.25527042772376,-3.30361761982667));
#2062=CARTESIAN_POINT('Ctrl Pts',(12.2670905650627,7.24135310546301,-3.31310387711329));
#2063=CARTESIAN_POINT('Ctrl Pts',(12.2074108861156,7.19762347925272,-3.3424031623241));
#2064=CARTESIAN_POINT('Ctrl Pts',(12.1743102461792,7.15923541717973,-3.36752100047709));
#2065=CARTESIAN_POINT('Ctrl Pts',(12.1203173691059,7.07471436457226,-3.42023801784483));
#2066=CARTESIAN_POINT('Ctrl Pts',(12.0995379290135,7.02851461593829,-3.44784560913402));
#2067=CARTESIAN_POINT('Ctrl Pts',(12.0080506558762,6.77610729082436,-3.59212293154127));
#2068=CARTESIAN_POINT('Ctrl Pts',(12.,6.53314427424838,-3.70437211242434));
#2069=CARTESIAN_POINT('Ctrl Pts',(12.,6.27727346757971,-3.7905900802095));
#2070=CARTESIAN_POINT('',(12.4,9.93448908268896,-3.01814503464728));
#2071=CARTESIAN_POINT('Origin',(0.,19.0000000745058,2.1));
#2072=CARTESIAN_POINT('',(14.8,19.0000000745058,2.1));
#2073=CARTESIAN_POINT('',(0.,19.0000000745058,2.1));
#2074=CARTESIAN_POINT('',(14.8,5.35267210777283,3.4821864448865));
#2075=CARTESIAN_POINT('',(14.8,12.1763360911393,2.79109322244325));
#2076=CARTESIAN_POINT('',(12.7,5.35267210777283,3.4821864448865));
#2077=CARTESIAN_POINT('',(0.,5.35267210777283,3.4821864448865));
#2078=CARTESIAN_POINT('',(12.7,12.0830925423953,2.80053682704199));
#2079=CARTESIAN_POINT('',(12.7,15.2943532892125,2.47530385205477));
#2080=CARTESIAN_POINT('',(0.,12.0830925423953,2.80053682704199));
#2081=CARTESIAN_POINT('Origin',(0.,19.0000000745058,0.));
#2082=CARTESIAN_POINT('',(14.8,19.0000000745058,-2.1));
#2083=CARTESIAN_POINT('',(0.,19.0000000745058,-2.1));
#2084=CARTESIAN_POINT('Origin',(14.8,19.0000000745058,0.));
#2085=CARTESIAN_POINT('Origin',(12.7,7.27930796018426,-3.28705887369258));
#2086=CARTESIAN_POINT('',(12.7,7.27930796018426,-3.28705887369258));
#2087=CARTESIAN_POINT('',(0.,7.27930796018426,-3.28705887369259));
#2088=CARTESIAN_POINT('',(12.7,5.35267210777283,-3.4821864448865));
#2089=CARTESIAN_POINT('',(12.7,8.47068930584602,-3.16639707449802));
#2090=CARTESIAN_POINT('',(14.8,5.35267210777283,-3.4821864448865));
#2091=CARTESIAN_POINT('',(0.,5.35267210777283,-3.4821864448865));
#2092=CARTESIAN_POINT('',(14.8,6.31599003397855,-3.38462265928954));
#2093=CARTESIAN_POINT('Origin',(-12.4,19.0000000745058,0.));
#2094=CARTESIAN_POINT('',(-12.,19.0210818511897,-2.49991111015809));
#2095=CARTESIAN_POINT('',(-12.,19.0210818511896,2.4999111101581));
#2096=CARTESIAN_POINT('Origin',(-12.,19.0000000745058,0.));
#2097=CARTESIAN_POINT('',(-12.4,19.0000000745058,2.1));
#2098=CARTESIAN_POINT('Ctrl Pts',(-12.,19.0210818511896,2.49991111015809));
#2099=CARTESIAN_POINT('Ctrl Pts',(-12.,19.0210038479464,2.49848609004117));
#2100=CARTESIAN_POINT('Ctrl Pts',(-12.0000076215487,19.0209258734654,2.49706107847758));
#2101=CARTESIAN_POINT('Ctrl Pts',(-12.000584408241,19.0179765276366,2.44314111413529));
#2102=CARTESIAN_POINT('Ctrl Pts',(-12.0114838096222,19.0151787180927,2.39126032015208));
#2103=CARTESIAN_POINT('Ctrl Pts',(-12.0525419797079,19.0100609273526,2.29507617773323));
#2104=CARTESIAN_POINT('Ctrl Pts',(-12.0821466704305,19.0077851681893,2.2516257020601));
#2105=CARTESIAN_POINT('Ctrl Pts',(-12.1563189915982,19.003996812339,2.178552355635));
#2106=CARTESIAN_POINT('Ctrl Pts',(-12.2001599070399,19.0025181947063,2.14960863480402));
#2107=CARTESIAN_POINT('Ctrl Pts',(-12.296453775018,19.0005110303328,2.11014928463304));
#2108=CARTESIAN_POINT('Ctrl Pts',(-12.3479761948559,19.0000000745058,2.1));
#2109=CARTESIAN_POINT('Ctrl Pts',(-12.4,19.0000000745058,2.1));
#2110=CARTESIAN_POINT('',(-12.4,19.0000000745058,-2.1));
#2111=CARTESIAN_POINT('Origin',(-12.4,19.0000000745058,0.));
#2112=CARTESIAN_POINT('Ctrl Pts',(-12.4,19.0000000745058,-2.1));
#2113=CARTESIAN_POINT('Ctrl Pts',(-12.3479761948559,19.0000000745058,-2.1));
#2114=CARTESIAN_POINT('Ctrl Pts',(-12.296453775018,19.0005110303328,-2.11014928463303));
#2115=CARTESIAN_POINT('Ctrl Pts',(-12.2001599070399,19.0025181947063,-2.14960863480402));
#2116=CARTESIAN_POINT('Ctrl Pts',(-12.1563189915982,19.003996812339,-2.178552355635));
#2117=CARTESIAN_POINT('Ctrl Pts',(-12.0821466704305,19.0077851681893,-2.2516257020601));
#2118=CARTESIAN_POINT('Ctrl Pts',(-12.0525419797079,19.0100609273526,-2.29507617773324));
#2119=CARTESIAN_POINT('Ctrl Pts',(-12.0114838096222,19.0151787180927,-2.391260320152));
#2120=CARTESIAN_POINT('Ctrl Pts',(-12.000584408241,19.0179765276377,-2.44314111413475));
#2121=CARTESIAN_POINT('Ctrl Pts',(-12.0000076215487,19.0209258734653,-2.49706107847762));
#2122=CARTESIAN_POINT('Ctrl Pts',(-12.,19.0210038479465,-2.49848609004113));
#2123=CARTESIAN_POINT('Ctrl Pts',(-12.,19.0210818511897,-2.49991111015809));
#2124=CARTESIAN_POINT('Origin',(-12.4,15.8764625442824,2.81839471302384));
#2125=CARTESIAN_POINT('',(-12.,12.5583219392715,3.15445236311133));
#2126=CARTESIAN_POINT('',(-12.,15.8764625442824,2.81839471302384));
#2127=CARTESIAN_POINT('',(-12.4,12.0830925423953,2.80053682704199));
#2128=CARTESIAN_POINT('Ctrl Pts',(-12.4,12.0830925423953,2.80053682704199));
#2129=CARTESIAN_POINT('Ctrl Pts',(-12.3506747178388,12.0830925423953,2.80053682704199));
#2130=CARTESIAN_POINT('Ctrl Pts',(-12.2999515146283,12.0940627951425,2.80917962191838));
#2131=CARTESIAN_POINT('Ctrl Pts',(-12.2097876209456,12.1340994860725,2.8404104252692));
#2132=CARTESIAN_POINT('Ctrl Pts',(-12.1702471000724,12.1630476965899,2.8628614430072));
#2133=CARTESIAN_POINT('Ctrl Pts',(-12.0915734088149,12.2412992213609,2.92280855376588));
#2134=CARTESIAN_POINT('Ctrl Pts',(-12.0557649414933,12.300754425074,2.96770639617031));
#2135=CARTESIAN_POINT('Ctrl Pts',(-12.0099270871653,12.4278702906433,3.06139514387297));
#2136=CARTESIAN_POINT('Ctrl Pts',(-12.,12.4955685233154,3.1101850926955));
#2137=CARTESIAN_POINT('Ctrl Pts',(-12.,12.5583219392715,3.15445236311133));
#2138=CARTESIAN_POINT('',(-12.4,15.8361571690519,2.42043054789396));
#2139=CARTESIAN_POINT('Origin',(-12.4,9.97479445791948,-3.41610919977717));
#2140=CARTESIAN_POINT('',(-12.4,7.27930796018426,-3.28705887369259));
#2141=CARTESIAN_POINT('',(-12.4,9.93448908268896,-3.01814503464728));
#2142=CARTESIAN_POINT('',(-12.,6.27727346757971,-3.7905900802095));
#2143=CARTESIAN_POINT('Ctrl Pts',(-12.,6.27727346757971,-3.7905900802095));
#2144=CARTESIAN_POINT('Ctrl Pts',(-12.,6.53314427424838,-3.70437211242434));
#2145=CARTESIAN_POINT('Ctrl Pts',(-12.0080506558762,6.77610729082436,-3.59212293154127));
#2146=CARTESIAN_POINT('Ctrl Pts',(-12.0995379290135,7.02851461593829,-3.44784560913402));
#2147=CARTESIAN_POINT('Ctrl Pts',(-12.1203173691059,7.07471436457226,-3.42023801784483));
#2148=CARTESIAN_POINT('Ctrl Pts',(-12.1743102461792,7.15923541717973,-3.36752100047709));
#2149=CARTESIAN_POINT('Ctrl Pts',(-12.2074108861156,7.19762347925272,-3.3424031623241));
#2150=CARTESIAN_POINT('Ctrl Pts',(-12.2670905650627,7.24135310546301,-3.31310387711329));
#2151=CARTESIAN_POINT('Ctrl Pts',(-12.2914888503727,7.25527042772376,-3.30361761982667));
#2152=CARTESIAN_POINT('Ctrl Pts',(-12.3443856575331,7.27430084846753,-3.29054550457126));
#2153=CARTESIAN_POINT('Ctrl Pts',(-12.3729467130878,7.27930796018426,-3.28705887369258));
#2154=CARTESIAN_POINT('Ctrl Pts',(-12.4,7.27930796018426,-3.28705887369258));
#2155=CARTESIAN_POINT('',(-12.,9.97479445791948,-3.41610919977717));
#2156=CARTESIAN_POINT('Origin',(-12.,12.3529769641234,-0.41218737611911));
#2157=CARTESIAN_POINT('',(-12.,3.95460584331828,-3.86097803389724));
#2158=CARTESIAN_POINT('Origin',(-12.,5.00000007450581,0.));
#2159=CARTESIAN_POINT('',(-12.,1.91335712123268,-4.0328465296162));
#2160=CARTESIAN_POINT('Origin',(-12.,3.17056018161083,-6.75671151617038));
#2161=CARTESIAN_POINT('',(-12.,4.12447023113766,-4.00542727003765));
#2162=CARTESIAN_POINT('Origin',(-12.,3.07810530018354,-8.79240130707497));
#2163=CARTESIAN_POINT('',(-12.,5.41313017212009,-4.07913270740665));
#2164=CARTESIAN_POINT('Origin',(-12.,5.00000007450581,0.));
#2165=CARTESIAN_POINT('',(-12.,19.0322023989481,-2.69980797294304));
#2166=CARTESIAN_POINT('',(-12.,9.03162922083051,-3.71265508276439));
#2167=CARTESIAN_POINT('',(-12.,19.032202398948,2.69980797294304));
#2168=CARTESIAN_POINT('Origin',(-12.,19.0000000745058,0.));
#2169=CARTESIAN_POINT('',(-12.,16.4080030170287,2.96558401519908));
#2170=CARTESIAN_POINT('',(-12.,15.8739325401223,3.01967408877198));
#2171=CARTESIAN_POINT('',(-12.,15.2005436929116,4.73458604838148));
#2172=CARTESIAN_POINT('Origin',(-12.,16.5490718303355,4.35845859315368));
#2173=CARTESIAN_POINT('',(-12.,13.4372540848475,3.7165503185064));
#2174=CARTESIAN_POINT('',(-12.,12.1367522322989,2.96570522385588));
#2175=CARTESIAN_POINT('Origin',(-12.,19.1872540848475,-6.2427418250146));
#2176=CARTESIAN_POINT('Origin',(-12.4,16.5490718303355,4.35845859315368));
#2177=CARTESIAN_POINT('',(-12.4,16.4483083922592,3.36354818032897));
#2178=CARTESIAN_POINT('Origin',(-12.4,16.4080030170287,2.96558401519908));
#2179=CARTESIAN_POINT('',(-12.4,16.0490718303355,5.22448399693812));
#2180=CARTESIAN_POINT('Origin',(-12.4,16.5490718303355,4.35845859315368));
#2181=CARTESIAN_POINT('Ctrl Pts',(-12.,15.2005436929116,4.73458604838148));
#2182=CARTESIAN_POINT('Ctrl Pts',(-12.,15.3096187416513,4.79756055713322));
#2183=CARTESIAN_POINT('Ctrl Pts',(-12.0349059971355,15.436970168553,4.87108693773657));
#2184=CARTESIAN_POINT('Ctrl Pts',(-12.1541733709568,15.7093536994458,5.02834764262036));
#2185=CARTESIAN_POINT('Ctrl Pts',(-12.2875223562937,15.895055473653,5.13556261194789));
#2186=CARTESIAN_POINT('Ctrl Pts',(-12.4,16.0490718303355,5.22448399693812));
#2187=CARTESIAN_POINT('Origin',(-12.4,15.8739325401223,3.01967408877198));
#2188=CARTESIAN_POINT('',(-12.4,19.0553981275299,3.09950498436578));
#2189=CARTESIAN_POINT('',(-12.4,15.9142379153528,3.41763825390187));
#2190=CARTESIAN_POINT('Ctrl Pts',(-12.,19.032202398948,2.69980797294304));
#2191=CARTESIAN_POINT('Ctrl Pts',(-12.,19.0322818112201,2.70121372681656));
#2192=CARTESIAN_POINT('Ctrl Pts',(-12.0000074194741,19.0323612474058,2.70261946960581));
#2193=CARTESIAN_POINT('Ctrl Pts',(-12.0005761929767,19.0354068613994,2.75649958728614));
#2194=CARTESIAN_POINT('Ctrl Pts',(-12.0114637684159,19.0383732811442,2.80835657318938));
#2195=CARTESIAN_POINT('Ctrl Pts',(-12.0524974648734,19.0439238387942,2.90449470451491));
#2196=CARTESIAN_POINT('Ctrl Pts',(-12.0820889670273,19.0464574691856,2.94792074291019));
#2197=CARTESIAN_POINT('Ctrl Pts',(-12.1562488414237,19.0507436179148,3.02096814825205));
#2198=CARTESIAN_POINT('Ctrl Pts',(-12.2000948508904,19.0524551939434,3.04990350068084));
#2199=CARTESIAN_POINT('Ctrl Pts',(-12.2964123670298,19.0547936303049,3.08935718016544));
#2200=CARTESIAN_POINT('Ctrl Pts',(-12.3479561757777,19.0553981275299,3.09950498436578));
#2201=CARTESIAN_POINT('Ctrl Pts',(-12.4,19.0553981275299,3.09950498436578));
#2202=CARTESIAN_POINT('Origin',(-12.4,19.0000000745058,0.));
#2203=CARTESIAN_POINT('',(-12.4,19.0553981275299,-3.09950498436578));
#2204=CARTESIAN_POINT('Origin',(-12.4,19.0000000745058,0.));
#2205=CARTESIAN_POINT('Ctrl Pts',(-12.,19.0322023989482,-2.69980797294397));
#2206=CARTESIAN_POINT('Ctrl Pts',(-12.,19.0322818112202,-2.70121372681777));
#2207=CARTESIAN_POINT('Ctrl Pts',(-12.0000074194741,19.0323612474027,-2.70261946960557));
#2208=CARTESIAN_POINT('Ctrl Pts',(-12.0005761929768,19.0354068614243,-2.75649958729286));
#2209=CARTESIAN_POINT('Ctrl Pts',(-12.0114637684165,19.0383732811443,-2.80835657319075));
#2210=CARTESIAN_POINT('Ctrl Pts',(-12.0524974648734,19.0439238387941,-2.9044947045149));
#2211=CARTESIAN_POINT('Ctrl Pts',(-12.0820889670273,19.0464574691856,-2.94792074291018));
#2212=CARTESIAN_POINT('Ctrl Pts',(-12.1562488414237,19.0507436179148,-3.02096814825205));
#2213=CARTESIAN_POINT('Ctrl Pts',(-12.2000948508904,19.0524551939434,-3.04990350068084));
#2214=CARTESIAN_POINT('Ctrl Pts',(-12.2964123670298,19.0547936303049,-3.08935718016545));
#2215=CARTESIAN_POINT('Ctrl Pts',(-12.3479561757777,19.0553981275299,-3.09950498436578));
#2216=CARTESIAN_POINT('Ctrl Pts',(-12.4,19.0553981275299,-3.09950498436578));
#2217=CARTESIAN_POINT('Origin',(-12.4,9.03162922083051,-3.71265508276439));
#2218=CARTESIAN_POINT('',(-12.4,5.45343554735061,-4.47709687253654));
#2219=CARTESIAN_POINT('Origin',(-12.4,5.41313017212009,-4.07913270740665));
#2220=CARTESIAN_POINT('',(-12.4,9.07193459606103,-4.11061924789427));
#2221=CARTESIAN_POINT('Origin',(-12.4,5.00000007450581,0.));
#2222=CARTESIAN_POINT('',(-12.4,4.03905268575365,-4.39620066081621));
#2223=CARTESIAN_POINT('Origin',(-12.4,4.12447023113766,-4.00542727003765));
#2224=CARTESIAN_POINT('Origin',(-12.4,5.00000007450581,0.));
#2225=CARTESIAN_POINT('Origin',(-12.4,3.07810530018354,-8.79240130707497));
#2226=CARTESIAN_POINT('',(-12.4,0.185561056594116,-5.34520131303957));
#2227=CARTESIAN_POINT('',(-12.0498330818885,1.24219735263024,-4.45857818674713));
#2228=CARTESIAN_POINT('Ctrl Pts',(-12.4,0.185561056594115,-5.34520131303957));
#2229=CARTESIAN_POINT('Ctrl Pts',(-12.2731670161413,0.511444605753154,-5.07175254713348));
#2230=CARTESIAN_POINT('Ctrl Pts',(-12.1257243498904,0.882925106753454,-4.76004339575458));
#2231=CARTESIAN_POINT('Ctrl Pts',(-12.0498330818885,1.24219735263024,-4.45857818674713));
#2232=CARTESIAN_POINT('Origin',(-12.4,3.07810530018354,-8.79240130707497));
#2233=CARTESIAN_POINT('Ctrl Pts',(-12.0498330818885,1.24219735263051,-4.4585781867469));
#2234=CARTESIAN_POINT('Ctrl Pts',(-12.0232653321081,1.36797012444127,-4.35304230031574));
#2235=CARTESIAN_POINT('Ctrl Pts',(-12.0087978472173,1.51997283387527,-4.24305335150661));
#2236=CARTESIAN_POINT('Ctrl Pts',(-12.0008892094425,1.76909729805637,-4.10301913020417));
#2237=CARTESIAN_POINT('Ctrl Pts',(-12.,1.84007261783422,-4.06667107760431));
#2238=CARTESIAN_POINT('Ctrl Pts',(-12.,1.91335712123268,-4.0328465296162));
#2239=CARTESIAN_POINT('Origin',(0.,16.5490718303355,4.35845859315368));
#2240=CARTESIAN_POINT('',(-14.8,16.4483083922592,3.36354818032897));
#2241=CARTESIAN_POINT('',(0.,16.4483083922592,3.36354818032897));
#2242=CARTESIAN_POINT('',(-14.8,16.0490718303355,5.22448399693812));
#2243=CARTESIAN_POINT('Origin',(-14.8,16.5490718303355,4.35845859315368));
#2244=CARTESIAN_POINT('',(0.,16.0490718303355,5.22448399693812));
#2245=CARTESIAN_POINT('Origin',(0.,19.1872540848475,-6.2427418250146));
#2246=CARTESIAN_POINT('',(0.,13.4372540848475,3.7165503185064));
#2247=CARTESIAN_POINT('',(12.7,8.66122695636174,-1.61103016620194));
#2248=CARTESIAN_POINT('Origin',(12.7,19.1872540848475,-6.2427418250146));
#2249=CARTESIAN_POINT('',(-12.7,8.66122695636174,-1.61103016620194));
#2250=CARTESIAN_POINT('',(0.,8.66122695636174,-1.61103016620194));
#2251=CARTESIAN_POINT('',(-12.7,12.0830925423953,2.80053682704199));
#2252=CARTESIAN_POINT('Origin',(-12.7,19.1872540848475,-6.2427418250146));
#2253=CARTESIAN_POINT('',(0.,12.0830925423953,2.80053682704199));
#2254=CARTESIAN_POINT('Origin',(0.,13.4372540848475,3.7165503185064));
#2255=CARTESIAN_POINT('',(-14.8,20.3492424842397,7.70718868153105));
#2256=CARTESIAN_POINT('',(-14.8,9.46862708340195,1.42526245090859));
#2257=CARTESIAN_POINT('',(14.8,20.3492424842397,7.70718868153105));
#2258=CARTESIAN_POINT('',(0.,20.3492424842397,7.70718868153105));
#2259=CARTESIAN_POINT('',(14.8,16.0490718303355,5.22448399693812));
#2260=CARTESIAN_POINT('',(14.8,9.46862708340195,1.42526245090859));
#2261=CARTESIAN_POINT('',(0.,16.0490718303355,5.22448399693812));
#2262=CARTESIAN_POINT('Origin',(0.,16.5490718303355,4.35845859315368));
#2263=CARTESIAN_POINT('',(14.8,16.4483083922592,3.36354818032897));
#2264=CARTESIAN_POINT('Origin',(14.8,16.5490718303355,4.35845859315368));
#2265=CARTESIAN_POINT('',(0.,16.4483083922592,3.36354818032897));
#2266=CARTESIAN_POINT('Origin',(0.,3.07810530018354,-8.79240130707497));
#2267=CARTESIAN_POINT('',(-14.8,0.185561056594116,-5.34520131303957));
#2268=CARTESIAN_POINT('',(0.,0.185561056594116,-5.34520131303957));
#2269=CARTESIAN_POINT('',(-14.8,4.03905268575365,-4.39620066081621));
#2270=CARTESIAN_POINT('Origin',(-14.8,3.07810530018354,-8.79240130707497));
#2271=CARTESIAN_POINT('',(0.,4.03905268575365,-4.39620066081621));
#2272=CARTESIAN_POINT('Origin',(0.,-7.01434404336968,-11.3866390269306));
#2273=CARTESIAN_POINT('',(0.,1.24219735255121,-4.45857818681345));
#2274=CARTESIAN_POINT('',(14.8,0.185561056594116,-5.34520131303957));
#2275=CARTESIAN_POINT('',(0.,0.185561056594116,-5.34520131303957));
#2276=CARTESIAN_POINT('',(14.8,-7.01434404336968,-11.3866390269306));
#2277=CARTESIAN_POINT('',(14.8,-0.685778174799527,-6.07634174073227));
#2278=CARTESIAN_POINT('',(-14.8,-7.01434404336968,-11.3866390269306));
#2279=CARTESIAN_POINT('',(0.,-7.01434404336968,-11.3866390269306));
#2280=CARTESIAN_POINT('',(-14.8,-0.685778174799527,-6.07634174073227));
#2281=CARTESIAN_POINT('Origin',(0.,3.17056018161083,-6.75671151617038));
#2282=CARTESIAN_POINT('',(0.,3.95460584331828,-3.86097803389724));
#2283=CARTESIAN_POINT('Origin',(0.,3.07810530018354,-8.79240130707497));
#2284=CARTESIAN_POINT('',(14.8,4.03905268575365,-4.39620066081621));
#2285=CARTESIAN_POINT('',(0.,4.03905268575365,-4.39620066081621));
#2286=CARTESIAN_POINT('Origin',(14.8,3.07810530018354,-8.79240130707497));
#2287=CARTESIAN_POINT('Origin',(0.,19.0000000745058,2.1));
#2288=CARTESIAN_POINT('',(-12.7,5.35267210777283,3.4821864448865));
#2289=CARTESIAN_POINT('',(-12.7,8.47068930584602,3.16639707449802));
#2290=CARTESIAN_POINT('',(-14.8,5.35267210777283,3.4821864448865));
#2291=CARTESIAN_POINT('',(12.7,5.35267210777283,3.4821864448865));
#2292=CARTESIAN_POINT('',(-14.8,19.0000000745058,2.1));
#2293=CARTESIAN_POINT('',(-14.8,12.1763360911393,2.79109322244325));
#2294=CARTESIAN_POINT('',(0.,19.0000000745058,2.1));
#2295=CARTESIAN_POINT('Origin',(12.7,7.27930796018426,-3.28705887369258));
#2296=CARTESIAN_POINT('',(-14.8,19.0000000745058,-2.1));
#2297=CARTESIAN_POINT('',(0.,19.0000000745058,-2.1));
#2298=CARTESIAN_POINT('',(-14.8,5.35267210777283,-3.4821864448865));
#2299=CARTESIAN_POINT('',(-14.8,6.31599003397855,-3.38462265928954));
#2300=CARTESIAN_POINT('',(-12.7,5.35267210777283,-3.4821864448865));
#2301=CARTESIAN_POINT('',(12.7,5.35267210777283,-3.4821864448865));
#2302=CARTESIAN_POINT('',(-12.7,7.27930796018426,-3.28705887369258));
#2303=CARTESIAN_POINT('',(-12.7,9.43400723205174,-3.06883328890106));
#2304=CARTESIAN_POINT('',(0.,7.27930796018426,-3.28705887369259));
#2305=CARTESIAN_POINT('Origin',(0.,19.0000000745058,0.));
#2306=CARTESIAN_POINT('Origin',(-14.8,19.0000000745058,0.));
#2307=CARTESIAN_POINT('Origin',(0.,5.00000007450581,0.));
#2308=CARTESIAN_POINT('',(-14.8,5.45343554735061,-4.47709687253654));
#2309=CARTESIAN_POINT('Origin',(-14.8,5.00000007450581,0.));
#2310=CARTESIAN_POINT('',(0.,5.45343554735061,-4.47709687253654));
#2311=CARTESIAN_POINT('Origin',(0.,5.00000007450581,0.));
#2312=CARTESIAN_POINT('',(14.8,5.45343554735061,-4.47709687253654));
#2313=CARTESIAN_POINT('',(0.,5.45343554735061,-4.47709687253654));
#2314=CARTESIAN_POINT('Origin',(14.8,5.00000007450581,0.));
#2315=CARTESIAN_POINT('Origin',(0.,5.45343554735061,-4.47709687253654));
#2316=CARTESIAN_POINT('',(-14.8,19.0553981275299,-3.09950498436578));
#2317=CARTESIAN_POINT('',(-14.8,5.45343554735061,-4.47709687253654));
#2318=CARTESIAN_POINT('',(0.,19.0553981275299,-3.09950498436578));
#2319=CARTESIAN_POINT('Origin',(0.,5.45343554735061,-4.47709687253654));
#2320=CARTESIAN_POINT('',(14.8,19.0553981275299,-3.09950498436578));
#2321=CARTESIAN_POINT('',(0.,19.0553981275299,-3.09950498436578));
#2322=CARTESIAN_POINT('',(14.8,5.45343554735061,-4.47709687253654));
#2323=CARTESIAN_POINT('Origin',(0.,19.0000000745058,0.));
#2324=CARTESIAN_POINT('',(-14.8,19.0553981275299,3.09950498436578));
#2325=CARTESIAN_POINT('Origin',(-14.8,19.0000000745058,0.));
#2326=CARTESIAN_POINT('',(0.,19.0553981275299,3.09950498436578));
#2327=CARTESIAN_POINT('Origin',(0.,19.0000000745058,0.));
#2328=CARTESIAN_POINT('',(14.8,19.0553981275299,3.09950498436578));
#2329=CARTESIAN_POINT('',(0.,19.0553981275299,3.09950498436578));
#2330=CARTESIAN_POINT('Origin',(14.8,19.0000000745058,0.));
#2331=CARTESIAN_POINT('Origin',(0.,19.0553981275299,3.09950498436579));
#2332=CARTESIAN_POINT('',(-14.8,12.2544168374402,3.78830092845116));
#2333=CARTESIAN_POINT('Origin',(0.,19.0553981275299,3.09950498436579));
#2334=CARTESIAN_POINT('',(14.8,12.2544168374402,3.78830092845116));
#2335=CARTESIAN_POINT('Origin',(-12.7,11.3000000745058,0.));
#2336=CARTESIAN_POINT('Origin',(-12.7,5.00000007450581,0.));
#2337=CARTESIAN_POINT('Origin',(-12.7,5.00000007450581,0.));
#2338=CARTESIAN_POINT('',(-12.7,5.00000007450581,2.00000002980232));
#2339=CARTESIAN_POINT('Origin',(-12.7,5.00000007450581,0.));
#2340=CARTESIAN_POINT('Origin',(12.7,5.00000007450581,0.));
#2341=CARTESIAN_POINT('Origin',(-14.8,5.00000007450581,0.));
#2342=CARTESIAN_POINT('Origin',(0.,5.00000007450581,0.));
#2343=CARTESIAN_POINT('Origin',(12.7,5.00000007450581,0.));
#2344=CARTESIAN_POINT('Origin',(12.7,11.3000000745058,0.));
#2345=CARTESIAN_POINT('Origin',(12.7,5.00000007450581,0.));
#2346=CARTESIAN_POINT('',(12.7,5.00000007450581,2.00000002980232));
#2347=CARTESIAN_POINT('Origin',(12.7,5.00000007450581,0.));
#2348=CARTESIAN_POINT('Origin',(0.,5.00000007450581,0.));
#2349=CARTESIAN_POINT('Origin',(14.8,5.00000007450581,0.));
#2350=CARTESIAN_POINT('Origin',(14.8,5.00000007450581,0.));
#2351=CARTESIAN_POINT('',(14.8,23.9705631111708,6.33385743389033));
#2352=CARTESIAN_POINT('Origin',(14.8,21.5992424842397,5.54212517206996));
#2353=CARTESIAN_POINT('',(14.8,25.000000372529,0.));
#2354=CARTESIAN_POINT('Origin',(14.8,5.00000007450581,0.));
#2355=CARTESIAN_POINT('',(14.8,25.9999994188547,0.));
#2356=CARTESIAN_POINT('',(14.8,15.0000002235174,0.));
#2357=CARTESIAN_POINT('',(14.8,12.7320077980345,-19.5247553046412));
#2358=CARTESIAN_POINT('Origin',(14.8,5.00000007450581,0.));
#2359=CARTESIAN_POINT('',(14.8,12.7320077980345,-18.4449468068807));
#2360=CARTESIAN_POINT('',(14.8,12.7320077980345,-9.76237765232062));
#2361=CARTESIAN_POINT('',(14.8,-6.86586023668314,-16.099732121111));
#2362=CARTESIAN_POINT('Origin',(14.8,4.99999977639047,-5.40256319681021E-7));
#2363=CARTESIAN_POINT('Origin',(14.8,-5.08598121431007,-13.6847723562875));
#2364=CARTESIAN_POINT('Origin',(0.,5.00000007450581,0.));
#2365=CARTESIAN_POINT('',(0.,5.00000007450581,2.00000002980232));
#2366=CARTESIAN_POINT('Origin',(0.,4.6000000745058,20.3960783524517));
#2367=CARTESIAN_POINT('',(-14.,4.60784321164613,19.9961552533441));
#2368=CARTESIAN_POINT('',(-14.,5.00000007450581,20.3960783524517));
#2369=CARTESIAN_POINT('Origin',(-14.,4.6000000745058,20.3960783524517));
#2370=CARTESIAN_POINT('',(14.,5.00000007450581,20.3960783524517));
#2371=CARTESIAN_POINT('',(0.,5.00000007450581,20.3960783524517));
#2372=CARTESIAN_POINT('',(14.,4.60784321164613,19.9961552533441));
#2373=CARTESIAN_POINT('Origin',(14.,4.6000000745058,20.3960783524517));
#2374=CARTESIAN_POINT('',(0.,4.60784321164613,19.9961552533441));
#2375=CARTESIAN_POINT('Origin',(0.,5.00000007450581,20.0000002980232));
#2376=CARTESIAN_POINT('',(-14.,5.00000007450581,20.5961164517121));
#2377=CARTESIAN_POINT('',(-14.,5.00000007450581,12.3855600180464));
#2378=CARTESIAN_POINT('',(14.,5.00000007450581,20.5961164517121));
#2379=CARTESIAN_POINT('',(0.,5.00000007450581,20.5961164517121));
#2380=CARTESIAN_POINT('',(14.,5.00000007450581,12.3855600180464));
#2381=CARTESIAN_POINT('Origin',(0.,4.60000007450581,20.5961164517121));
#2382=CARTESIAN_POINT('',(-14.,4.59223308433253,20.9960410369324));
#2383=CARTESIAN_POINT('Origin',(-14.,4.60000007450581,20.5961164517121));
#2384=CARTESIAN_POINT('',(14.,4.59223308433253,20.9960410369324));
#2385=CARTESIAN_POINT('',(0.,4.59223308433253,20.9960410369324));
#2386=CARTESIAN_POINT('Origin',(14.,4.60000007450581,20.5961164517121));
#2387=CARTESIAN_POINT('Origin',(0.,5.00000007450581,0.));
#2388=CARTESIAN_POINT('',(-14.8,12.7320077980345,-19.5247553046412));
#2389=CARTESIAN_POINT('',(-14.8,25.9999994188547,0.));
#2390=CARTESIAN_POINT('Origin',(-14.8,5.00000007450581,0.));
#2391=CARTESIAN_POINT('',(0.,12.7320077980345,-19.5247553046412));
#2392=CARTESIAN_POINT('',(0.,25.9999994188547,0.));
#2393=CARTESIAN_POINT('',(14.,24.682164186706,7.32205087412284));
#2394=CARTESIAN_POINT('Origin',(14.,5.00000007450581,0.));
#2395=CARTESIAN_POINT('',(-14.,24.682164186706,7.32205087412284));
#2396=CARTESIAN_POINT('Origin',(-14.,5.00000007450581,0.));
#2397=CARTESIAN_POINT('',(0.,24.682164186706,7.32205087412284));
#2398=CARTESIAN_POINT('Origin',(0.,21.8704264982898,6.27604362197773));
#2399=CARTESIAN_POINT('',(-14.,20.3704264982898,8.87411983333104));
#2400=CARTESIAN_POINT('Origin',(-14.,21.8704264982898,6.27604362197773));
#2401=CARTESIAN_POINT('',(14.,20.3704264982898,8.87411983333104));
#2402=CARTESIAN_POINT('',(0.,20.3704264982898,8.87411983333104));
#2403=CARTESIAN_POINT('Origin',(14.,21.8704264982898,6.27604362197773));
#2404=CARTESIAN_POINT('Origin',(0.,23.1865338249795,10.5000001564622));
#2405=CARTESIAN_POINT('',(-14.,12.7281006026403,4.46182092024293));
#2406=CARTESIAN_POINT('',(-14.,14.7862196964935,5.65007653310338));
#2407=CARTESIAN_POINT('',(14.,12.7281006026403,4.46182092024293));
#2408=CARTESIAN_POINT('',(0.,12.7281006026403,4.46182092024293));
#2409=CARTESIAN_POINT('',(14.,14.7862196964935,5.65007653310338));
#2410=CARTESIAN_POINT('Origin',(-14.,4.09326680073104,4.7711197380695));
#2411=CARTESIAN_POINT('',(-14.,1.12956957096653,-1.00983572629901));
#2412=CARTESIAN_POINT('',(-14.,0.155109565627118,-4.06534583909441));
#2413=CARTESIAN_POINT('Origin',(-14.,-1.7732532634325,-1.76721250973748));
#2414=CARTESIAN_POINT('',(-14.,5.83724342702313,3.91139668731039));
#2415=CARTESIAN_POINT('Origin',(-14.,5.00000007450581,0.));
#2416=CARTESIAN_POINT('',(-14.,8.74149655717437,3.6520080588622));
#2417=CARTESIAN_POINT('Origin',(-14.,8.3489734471473,15.6455865743879));
#2418=CARTESIAN_POINT('',(-14.,10.0411845928616,3.69454395331375));
#2419=CARTESIAN_POINT('',(-14.,7.08800583125096,3.59789299042787));
#2420=CARTESIAN_POINT('Origin',(-14.,9.85310060264028,9.44146699200351));
#2421=CARTESIAN_POINT('',(-14.,-12.3491038129584,-9.95030684064084));
#2422=CARTESIAN_POINT('Origin',(-14.,5.00000007450581,0.));
#2423=CARTESIAN_POINT('',(-14.,-7.81837543955741,-10.7558941661423));
#2424=CARTESIAN_POINT('Origin',(-14.,-9.74673826861703,-8.45776083678539));
#2425=CARTESIAN_POINT('',(-14.,3.48616728361763,-1.27025653649834));
#2426=CARTESIAN_POINT('Origin',(14.,4.09326680073104,4.7711197380695));
#2427=CARTESIAN_POINT('',(14.,0.155109565627118,-4.06534583909441));
#2428=CARTESIAN_POINT('',(14.,1.12956957096653,-1.00983572629901));
#2429=CARTESIAN_POINT('Origin',(14.,-1.7732532634325,-1.76721250973748));
#2430=CARTESIAN_POINT('',(14.,-7.81837543955741,-10.7558941661423));
#2431=CARTESIAN_POINT('',(14.,3.48616728361763,-1.27025653649834));
#2432=CARTESIAN_POINT('',(14.,-12.3491038129584,-9.95030684064084));
#2433=CARTESIAN_POINT('Origin',(14.,-9.74673826861703,-8.45776083678539));
#2434=CARTESIAN_POINT('Origin',(14.,5.00000007450581,0.));
#2435=CARTESIAN_POINT('',(14.,10.0411845928616,3.69454395331375));
#2436=CARTESIAN_POINT('Origin',(14.,9.85310060264028,9.44146699200351));
#2437=CARTESIAN_POINT('',(14.,8.74149655717437,3.6520080588622));
#2438=CARTESIAN_POINT('',(14.,7.08800583125096,3.59789299042787));
#2439=CARTESIAN_POINT('',(14.,5.83724342702313,3.91139668731039));
#2440=CARTESIAN_POINT('Origin',(14.,8.3489734471473,15.6455865743879));
#2441=CARTESIAN_POINT('Origin',(14.,5.00000007450581,0.));
#2442=CARTESIAN_POINT('Origin',(-14.8,5.00000007450581,0.));
#2443=CARTESIAN_POINT('',(-14.8,-6.86586023668314,-16.099732121111));
#2444=CARTESIAN_POINT('Origin',(-14.8,-5.08598121431007,-13.6847723562875));
#2445=CARTESIAN_POINT('',(-14.8,12.7320077980345,-18.4449468068807));
#2446=CARTESIAN_POINT('Origin',(-14.8,4.99999977639047,-5.40256319681021E-7));
#2447=CARTESIAN_POINT('',(-14.8,12.7320077980345,-9.76237765232062));
#2448=CARTESIAN_POINT('',(-14.8,25.000000372529,0.));
#2449=CARTESIAN_POINT('',(-14.8,15.0000002235174,0.));
#2450=CARTESIAN_POINT('',(-14.8,23.9705631111708,6.33385743389033));
#2451=CARTESIAN_POINT('Origin',(-14.8,5.00000007450581,0.));
#2452=CARTESIAN_POINT('Origin',(-14.8,21.5992424842397,5.54212517206996));
#2453=CARTESIAN_POINT('Origin',(0.,5.00000007450581,0.));
#2454=CARTESIAN_POINT('',(0.,25.000000372529,0.));
#2455=CARTESIAN_POINT('',(0.,23.9705631111708,6.33385743389033));
#2456=CARTESIAN_POINT('Origin',(0.,21.5992424842397,5.54212517206996));
#2457=CARTESIAN_POINT('Origin',(0.,-5.08598121431007,-13.6847723562875));
#2458=CARTESIAN_POINT('',(0.,-6.86586023668314,-16.099732121111));
#2459=CARTESIAN_POINT('Origin',(0.,4.99999977639047,-5.40256319681021E-7));
#2460=CARTESIAN_POINT('',(0.,12.7320077980345,-18.4449468068807));
#2461=CARTESIAN_POINT('Origin',(0.,12.7320077980345,-19.5247553046412));
#2462=CARTESIAN_POINT('Origin',(0.,5.00000007450581,0.));
#2463=CARTESIAN_POINT('',(0.,-12.3491038129584,-9.95030684064084));
#2464=CARTESIAN_POINT('Origin',(0.,-9.74673826861703,-8.45776083678539));
#2465=CARTESIAN_POINT('',(0.,-7.81837543955741,-10.7558941661423));
#2466=CARTESIAN_POINT('Origin',(0.,0.155109565627118,-4.06534583909441));
#2467=CARTESIAN_POINT('',(0.,0.155109565627118,-4.06534583909441));
#2468=CARTESIAN_POINT('Origin',(0.,-1.7732532634325,-1.76721250973748));
#2469=CARTESIAN_POINT('',(0.,1.12956957096653,-1.00983572629901));
#2470=CARTESIAN_POINT('Origin',(0.,5.00000007450581,0.));
#2471=CARTESIAN_POINT('',(0.,5.83724342702313,3.91139668731039));
#2472=CARTESIAN_POINT('Origin',(0.,8.3489734471473,15.6455865743879));
#2473=CARTESIAN_POINT('',(0.,8.74149655717437,3.6520080588622));
#2474=CARTESIAN_POINT('Origin',(0.,10.0411845928616,3.69454395331375));
#2475=CARTESIAN_POINT('',(0.,10.0411845928616,3.69454395331375));
#2476=CARTESIAN_POINT('Origin',(0.,9.85310060264028,9.44146699200351));
#2477=CARTESIAN_POINT('Origin',(0.,25.000000372529,0.));
#2478=CARTESIAN_POINT('',(0.,0.,0.));
#2479=UNCERTAINTY_MEASURE_WITH_UNIT(LENGTH_MEASURE(0.01),#2485,
'DISTANCE_ACCURACY_VALUE',
'Maximum model space distance between geometric entities at asserted c
onnectivities');
#2480=UNCERTAINTY_MEASURE_WITH_UNIT(LENGTH_MEASURE(0.01),#2485,
'DISTANCE_ACCURACY_VALUE',
'Maximum model space distance between geometric entities at asserted c
onnectivities');
#2481=UNCERTAINTY_MEASURE_WITH_UNIT(LENGTH_MEASURE(0.01),#2485,
'DISTANCE_ACCURACY_VALUE',
'Maximum model space distance between geometric entities at asserted c
onnectivities');
#2482=(
GEOMETRIC_REPRESENTATION_CONTEXT(3)
GLOBAL_UNCERTAINTY_ASSIGNED_CONTEXT((#2479))
GLOBAL_UNIT_ASSIGNED_CONTEXT((#2485,#2487,#2488))
REPRESENTATION_CONTEXT('','3D')
);
#2483=(
GEOMETRIC_REPRESENTATION_CONTEXT(3)
GLOBAL_UNCERTAINTY_ASSIGNED_CONTEXT((#2480))
GLOBAL_UNIT_ASSIGNED_CONTEXT((#2485,#2487,#2488))
REPRESENTATION_CONTEXT('','3D')
);
#2484=(
GEOMETRIC_REPRESENTATION_CONTEXT(3)
GLOBAL_UNCERTAINTY_ASSIGNED_CONTEXT((#2481))
GLOBAL_UNIT_ASSIGNED_CONTEXT((#2485,#2487,#2488))
REPRESENTATION_CONTEXT('','3D')
);
#2485=(
LENGTH_UNIT()
NAMED_UNIT(*)
SI_UNIT(.MILLI.,.METRE.)
);
#2486=(
LENGTH_UNIT()
NAMED_UNIT(*)
SI_UNIT($,.METRE.)
);
#2487=(
NAMED_UNIT(*)
PLANE_ANGLE_UNIT()
SI_UNIT($,.RADIAN.)
);
#2488=(
NAMED_UNIT(*)
SI_UNIT($,.STERADIAN.)
SOLID_ANGLE_UNIT()
);
#2489=SHAPE_DEFINITION_REPRESENTATION(#2491,#2494);
#2490=SHAPE_DEFINITION_REPRESENTATION(#2492,#2495);
#2491=PRODUCT_DEFINITION_SHAPE('',$,#2497);
#2492=PRODUCT_DEFINITION_SHAPE('',$,#2498);
#2493=PRODUCT_DEFINITION_SHAPE($,$,#14);
#2494=SHAPE_REPRESENTATION('',(#1353,#1509),#2482);
#2495=SHAPE_REPRESENTATION('',(#1354),#2483);
#2496=PRODUCT_DEFINITION_CONTEXT('part definition',#2504,'design');
#2497=PRODUCT_DEFINITION('version-4','version-4 v38',#2499,#2496);
#2498=PRODUCT_DEFINITION('schaufel','schaufel',#2500,#2496);
#2499=PRODUCT_DEFINITION_FORMATION('',$,#2506);
#2500=PRODUCT_DEFINITION_FORMATION('',$,#2507);
#2501=PRODUCT_RELATED_PRODUCT_CATEGORY('version-4 v38','version-4 v38',
(#2506));
#2502=PRODUCT_RELATED_PRODUCT_CATEGORY('schaufel','schaufel',(#2507));
#2503=APPLICATION_PROTOCOL_DEFINITION('international standard',
'automotive_design',2009,#2504);
#2504=APPLICATION_CONTEXT(
'Core Data for Automotive Mechanical Design Process');
#2505=PRODUCT_CONTEXT('part definition',#2504,'mechanical');
#2506=PRODUCT('version-4','version-4 v38',$,(#2505));
#2507=PRODUCT('schaufel','schaufel',$,(#2505));
#2508=PRESENTATION_STYLE_ASSIGNMENT((#2511));
#2509=PRESENTATION_STYLE_ASSIGNMENT((#2512));
#2510=PRESENTATION_STYLE_ASSIGNMENT((#2513));
#2511=SURFACE_STYLE_USAGE(.BOTH.,#2514);
#2512=SURFACE_STYLE_USAGE(.BOTH.,#2515);
#2513=SURFACE_STYLE_USAGE(.BOTH.,#2516);
#2514=SURFACE_SIDE_STYLE('',(#2517));
#2515=SURFACE_SIDE_STYLE('',(#2518));
#2516=SURFACE_SIDE_STYLE('',(#2519));
#2517=SURFACE_STYLE_FILL_AREA(#2520);
#2518=SURFACE_STYLE_FILL_AREA(#2521);
#2519=SURFACE_STYLE_FILL_AREA(#2522);
#2520=FILL_AREA_STYLE('Stahl - satiniert',(#2523));
#2521=FILL_AREA_STYLE('PEEK',(#2524));
#2522=FILL_AREA_STYLE('Kunststoff - matt (Rot)',(#2525));
#2523=FILL_AREA_STYLE_COLOUR('Stahl - satiniert',#2526);
#2524=FILL_AREA_STYLE_COLOUR('PEEK',#2527);
#2525=FILL_AREA_STYLE_COLOUR('Kunststoff - matt (Rot)',#2528);
#2526=COLOUR_RGB('Stahl - satiniert',0.627450980392157,0.627450980392157,
0.627450980392157);
#2527=COLOUR_RGB('PEEK',0.6,0.509803921568627,0.368627450980392);
#2528=COLOUR_RGB('Kunststoff - matt (Rot)',0.768627450980392,0.207843137254902,
0.152941176470588);
ENDSEC;
END-ISO-10303-21;
