ISO-10303-21;
HEADER;
/* Generated by software containing ST-Developer
 * from STEP Tools, Inc. (www.steptools.com) 
 */

FILE_DESCRIPTION(
/* description */ (''),
/* implementation_level */ '2;1');

FILE_NAME(
/* name */ 'trichter-2026-06-10.step',
/* time_stamp */ '2026-06-10T03:16:23+02:00',
/* author */ (''),
/* organization */ (''),
/* preprocessor_version */ 'ST-DEVELOPER v20.1',
/* originating_system */ 'Autodesk Translation Framework v15.8.0.0',
/* authorisation */ '');

FILE_SCHEMA (('AUTOMOTIVE_DESIGN { 1 0 10303 214 3 1 1 }'));
ENDSEC;

DATA;
#10=MECHANICAL_DESIGN_GEOMETRIC_PRESENTATION_REPRESENTATION('',(#17),#3339);
#11=ITEM_DEFINED_TRANSFORMATION($,$,#1397,#1499);
#12=(
REPRESENTATION_RELATIONSHIP($,$,#3350,#3349)
REPRESENTATION_RELATIONSHIP_WITH_TRANSFORMATION(#11)
SHAPE_REPRESENTATION_RELATIONSHIP()
);
#13=CONTEXT_DEPENDENT_SHAPE_REPRESENTATION(#12,#3348);
#14=NEXT_ASSEMBLY_USAGE_OCCURRENCE('trichter:1','trichter:1',
'trichter:1',#3352,#3353,'trichter:1');
#15=SHAPE_REPRESENTATION_RELATIONSHIP('SRR','None',#3350,#16);
#16=ADVANCED_BREP_SHAPE_REPRESENTATION('',(#18),#3338);
#17=STYLED_ITEM('',(#3365),#18);
#18=MANIFOLD_SOLID_BREP('trichter',#1383);
#19=TOROIDAL_SURFACE('',#1405,44.,6.);
#20=TOROIDAL_SURFACE('',#1411,44.,6.);
#21=TOROIDAL_SURFACE('',#1415,44.,6.);
#22=TOROIDAL_SURFACE('',#1419,44.,6.);
#23=LINE('',#2012,#135);
#24=LINE('',#2412,#136);
#25=LINE('',#2415,#137);
#26=LINE('',#2461,#138);
#27=LINE('',#2463,#139);
#28=LINE('',#2466,#140);
#29=LINE('',#2496,#141);
#30=LINE('',#2497,#142);
#31=LINE('',#2527,#143);
#32=LINE('',#2568,#144);
#33=LINE('',#2646,#145);
#34=LINE('',#2724,#146);
#35=LINE('',#2889,#147);
#36=LINE('',#2891,#148);
#37=LINE('',#2893,#149);
#38=LINE('',#2895,#150);
#39=LINE('',#2897,#151);
#40=LINE('',#2899,#152);
#41=LINE('',#2901,#153);
#42=LINE('',#2903,#154);
#43=LINE('',#2904,#155);
#44=LINE('',#2908,#156);
#45=LINE('',#2910,#157);
#46=LINE('',#2912,#158);
#47=LINE('',#2913,#159);
#48=LINE('',#2916,#160);
#49=LINE('',#2918,#161);
#50=LINE('',#2920,#162);
#51=LINE('',#2921,#163);
#52=LINE('',#2923,#164);
#53=LINE('',#2925,#165);
#54=LINE('',#2934,#166);
#55=LINE('',#2936,#167);
#56=LINE('',#2938,#168);
#57=LINE('',#2939,#169);
#58=LINE('',#2942,#170);
#59=LINE('',#2944,#171);
#60=LINE('',#2945,#172);
#61=LINE('',#2972,#173);
#62=LINE('',#3011,#174);
#63=LINE('',#3052,#175);
#64=LINE('',#3057,#176);
#65=LINE('',#3058,#177);
#66=LINE('',#3087,#178);
#67=LINE('',#3130,#179);
#68=LINE('',#3133,#180);
#69=LINE('',#3170,#181);
#70=LINE('',#3171,#182);
#71=LINE('',#3175,#183);
#72=LINE('',#3179,#184);
#73=LINE('',#3182,#185);
#74=LINE('',#3183,#186);
#75=LINE('',#3186,#187);
#76=LINE('',#3187,#188);
#77=LINE('',#3189,#189);
#78=LINE('',#3191,#190);
#79=LINE('',#3193,#191);
#80=LINE('',#3196,#192);
#81=LINE('',#3197,#193);
#82=LINE('',#3199,#194);
#83=LINE('',#3202,#195);
#84=LINE('',#3206,#196);
#85=LINE('',#3210,#197);
#86=LINE('',#3215,#198);
#87=LINE('',#3217,#199);
#88=LINE('',#3220,#200);
#89=LINE('',#3222,#201);
#90=LINE('',#3225,#202);
#91=LINE('',#3228,#203);
#92=LINE('',#3234,#204);
#93=LINE('',#3237,#205);
#94=LINE('',#3240,#206);
#95=LINE('',#3242,#207);
#96=LINE('',#3243,#208);
#97=LINE('',#3246,#209);
#98=LINE('',#3248,#210);
#99=LINE('',#3249,#211);
#100=LINE('',#3251,#212);
#101=LINE('',#3252,#213);
#102=LINE('',#3256,#214);
#103=LINE('',#3258,#215);
#104=LINE('',#3260,#216);
#105=LINE('',#3262,#217);
#106=LINE('',#3264,#218);
#107=LINE('',#3272,#219);
#108=LINE('',#3273,#220);
#109=LINE('',#3276,#221);
#110=LINE('',#3279,#222);
#111=LINE('',#3282,#223);
#112=LINE('',#3283,#224);
#113=LINE('',#3286,#225);
#114=LINE('',#3287,#226);
#115=LINE('',#3290,#227);
#116=LINE('',#3291,#228);
#117=LINE('',#3294,#229);
#118=LINE('',#3296,#230);
#119=LINE('',#3298,#231);
#120=LINE('',#3300,#232);
#121=LINE('',#3302,#233);
#122=LINE('',#3303,#234);
#123=LINE('',#3306,#235);
#124=LINE('',#3307,#236);
#125=LINE('',#3310,#237);
#126=LINE('',#3311,#238);
#127=LINE('',#3314,#239);
#128=LINE('',#3315,#240);
#129=LINE('',#3318,#241);
#130=LINE('',#3323,#242);
#131=LINE('',#3324,#243);
#132=LINE('',#3327,#244);
#133=LINE('',#3329,#245);
#134=LINE('',#3331,#246);
#135=VECTOR('',#1512,51.8);
#136=VECTOR('',#1515,10.);
#137=VECTOR('',#1518,10.);
#138=VECTOR('',#1519,37.4566409486231);
#139=VECTOR('',#1520,10.);
#140=VECTOR('',#1523,25.6823366674599);
#141=VECTOR('',#1524,35.6610897326149);
#142=VECTOR('',#1525,10.);
#143=VECTOR('',#1564,50.);
#144=VECTOR('',#1567,1.55);
#145=VECTOR('',#1570,1.55);
#146=VECTOR('',#1573,1.55);
#147=VECTOR('',#1576,10.);
#148=VECTOR('',#1577,10.);
#149=VECTOR('',#1578,10.);
#150=VECTOR('',#1579,10.);
#151=VECTOR('',#1580,10.);
#152=VECTOR('',#1581,10.);
#153=VECTOR('',#1582,10.);
#154=VECTOR('',#1583,10.);
#155=VECTOR('',#1584,10.);
#156=VECTOR('',#1587,10.);
#157=VECTOR('',#1588,10.);
#158=VECTOR('',#1589,10.);
#159=VECTOR('',#1590,10.);
#160=VECTOR('',#1593,10.);
#161=VECTOR('',#1594,10.);
#162=VECTOR('',#1595,10.);
#163=VECTOR('',#1596,10.);
#164=VECTOR('',#1599,10.);
#165=VECTOR('',#1600,10.);
#166=VECTOR('',#1609,10.);
#167=VECTOR('',#1610,10.);
#168=VECTOR('',#1611,10.);
#169=VECTOR('',#1612,10.);
#170=VECTOR('',#1615,10.);
#171=VECTOR('',#1616,10.);
#172=VECTOR('',#1617,10.);
#173=VECTOR('',#1620,25.6823366674598);
#174=VECTOR('',#1623,10.);
#175=VECTOR('',#1626,10.);
#176=VECTOR('',#1627,37.0733087877121);
#177=VECTOR('',#1628,26.0607975962008);
#178=VECTOR('',#1629,37.0733087877122);
#179=VECTOR('',#1630,10.);
#180=VECTOR('',#1633,26.0678667235778);
#181=VECTOR('',#1646,10.);
#182=VECTOR('',#1647,10.);
#183=VECTOR('',#1652,10.);
#184=VECTOR('',#1657,10.);
#185=VECTOR('',#1660,10.);
#186=VECTOR('',#1661,10.);
#187=VECTOR('',#1664,10.);
#188=VECTOR('',#1665,10.);
#189=VECTOR('',#1668,10.);
#190=VECTOR('',#1671,10.);
#191=VECTOR('',#1674,10.);
#192=VECTOR('',#1677,10.);
#193=VECTOR('',#1678,10.);
#194=VECTOR('',#1681,10.);
#195=VECTOR('',#1684,10.);
#196=VECTOR('',#1689,10.);
#197=VECTOR('',#1692,10.);
#198=VECTOR('',#1699,10.);
#199=VECTOR('',#1702,10.);
#200=VECTOR('',#1705,10.);
#201=VECTOR('',#1708,10.);
#202=VECTOR('',#1711,10.);
#203=VECTOR('',#1716,10.);
#204=VECTOR('',#1721,10.);
#205=VECTOR('',#1724,10.);
#206=VECTOR('',#1727,10.);
#207=VECTOR('',#1728,10.);
#208=VECTOR('',#1729,10.);
#209=VECTOR('',#1732,10.);
#210=VECTOR('',#1733,10.);
#211=VECTOR('',#1734,10.);
#212=VECTOR('',#1737,10.);
#213=VECTOR('',#1738,10.);
#214=VECTOR('',#1741,10.);
#215=VECTOR('',#1742,10.);
#216=VECTOR('',#1743,10.);
#217=VECTOR('',#1744,10.);
#218=VECTOR('',#1745,10.);
#219=VECTOR('',#1752,10.);
#220=VECTOR('',#1753,10.);
#221=VECTOR('',#1756,10.);
#222=VECTOR('',#1759,10.);
#223=VECTOR('',#1762,10.);
#224=VECTOR('',#1763,10.);
#225=VECTOR('',#1766,10.);
#226=VECTOR('',#1767,10.);
#227=VECTOR('',#1770,10.);
#228=VECTOR('',#1771,10.);
#229=VECTOR('',#1774,10.);
#230=VECTOR('',#1775,10.);
#231=VECTOR('',#1776,10.);
#232=VECTOR('',#1777,10.);
#233=VECTOR('',#1778,10.);
#234=VECTOR('',#1779,10.);
#235=VECTOR('',#1782,10.);
#236=VECTOR('',#1783,10.);
#237=VECTOR('',#1786,10.);
#238=VECTOR('',#1787,10.);
#239=VECTOR('',#1790,10.);
#240=VECTOR('',#1791,10.);
#241=VECTOR('',#1794,10.);
#242=VECTOR('',#1803,10.);
#243=VECTOR('',#1804,10.);
#244=VECTOR('',#1809,10.);
#245=VECTOR('',#1812,10.);
#246=VECTOR('',#1815,10.);
#247=CYLINDRICAL_SURFACE('',#1400,51.8);
#248=CYLINDRICAL_SURFACE('',#1402,47.0000007003546);
#249=CYLINDRICAL_SURFACE('',#1423,50.);
#250=CYLINDRICAL_SURFACE('',#1424,1.35);
#251=CYLINDRICAL_SURFACE('',#1425,1.35);
#252=CYLINDRICAL_SURFACE('',#1426,1.35);
#253=CYLINDRICAL_SURFACE('',#1441,30.2999992772937);
#254=CYLINDRICAL_SURFACE('',#1444,28.2999992772937);
#255=CYLINDRICAL_SURFACE('',#1446,20.6);
#256=CYLINDRICAL_SURFACE('',#1448,28.2999992772938);
#257=CYLINDRICAL_SURFACE('',#1454,30.2999992772938);
#258=CYLINDRICAL_SURFACE('',#1457,6.21473487083886);
#259=CYLINDRICAL_SURFACE('',#1459,22.6);
#260=CYLINDRICAL_SURFACE('',#1462,30.2999992772937);
#261=CYLINDRICAL_SURFACE('',#1467,6.21473483858785);
#262=CYLINDRICAL_SURFACE('',#1470,15.2999996647239);
#263=CYLINDRICAL_SURFACE('',#1480,5.11473487083886);
#264=CYLINDRICAL_SURFACE('',#1489,5.11473483858785);
#265=CYLINDRICAL_SURFACE('',#1491,21.5);
#266=FACE_BOUND('',#427,.T.);
#267=FACE_BOUND('',#459,.T.);
#268=FACE_BOUND('',#472,.T.);
#269=FACE_BOUND('',#473,.T.);
#270=FACE_BOUND('',#474,.T.);
#271=FACE_BOUND('',#485,.T.);
#272=FACE_BOUND('',#496,.T.);
#273=FACE_BOUND('',#497,.T.);
#274=FACE_BOUND('',#498,.T.);
#275=FACE_BOUND('',#501,.T.);
#276=CIRCLE('',#1399,50.);
#277=CIRCLE('',#1401,51.8);
#278=CIRCLE('',#1403,47.0000007003546);
#279=CIRCLE('',#1404,28.2999992772938);
#280=CIRCLE('',#1406,5.99999999999999);
#281=CIRCLE('',#1407,49.0000007301569);
#282=CIRCLE('',#1408,49.0000007301569);
#283=CIRCLE('',#1409,6.00000000000001);
#284=CIRCLE('',#1410,50.);
#285=CIRCLE('',#1412,5.99999999999999);
#286=CIRCLE('',#1413,49.0000007301569);
#287=CIRCLE('',#1414,50.);
#288=CIRCLE('',#1416,6.);
#289=CIRCLE('',#1417,50.);
#290=CIRCLE('',#1418,49.0000007301569);
#291=CIRCLE('',#1420,49.0000007301569);
#292=CIRCLE('',#1421,50.);
#293=CIRCLE('',#1422,50.);
#294=CIRCLE('',#1431,30.2999992772937);
#295=CIRCLE('',#1432,22.6);
#296=CIRCLE('',#1433,6.21473487083886);
#297=CIRCLE('',#1436,20.6);
#298=CIRCLE('',#1437,28.2999992772937);
#299=CIRCLE('',#1438,30.2999992772938);
#300=CIRCLE('',#1439,30.2999992772937);
#301=CIRCLE('',#1440,22.6);
#302=CIRCLE('',#1442,30.2999992772937);
#303=CIRCLE('',#1445,28.2999992772937);
#304=CIRCLE('',#1447,20.6);
#305=CIRCLE('',#1449,28.2999992772938);
#306=CIRCLE('',#1458,6.21473487083886);
#307=CIRCLE('',#1460,22.6);
#308=CIRCLE('',#1461,22.6);
#309=CIRCLE('',#1463,30.2999992772937);
#310=CIRCLE('',#1466,6.21473483858785);
#311=CIRCLE('',#1468,6.21473483858785);
#312=CIRCLE('',#1471,15.2999996647239);
#313=CIRCLE('',#1472,15.2999996647239);
#314=CIRCLE('',#1477,5.11473487083886);
#315=CIRCLE('',#1478,21.5);
#316=CIRCLE('',#1479,5.11473483858785);
#317=CIRCLE('',#1481,5.11473487083886);
#318=CIRCLE('',#1490,5.11473483858785);
#319=CIRCLE('',#1492,21.5);
#320=PLANE('',#1398);
#321=PLANE('',#1427);
#322=PLANE('',#1428);
#323=PLANE('',#1429);
#324=PLANE('',#1430);
#325=PLANE('',#1434);
#326=PLANE('',#1435);
#327=PLANE('',#1443);
#328=PLANE('',#1450);
#329=PLANE('',#1451);
#330=PLANE('',#1452);
#331=PLANE('',#1453);
#332=PLANE('',#1455);
#333=PLANE('',#1456);
#334=PLANE('',#1464);
#335=PLANE('',#1465);
#336=PLANE('',#1469);
#337=PLANE('',#1473);
#338=PLANE('',#1474);
#339=PLANE('',#1475);
#340=PLANE('',#1476);
#341=PLANE('',#1482);
#342=PLANE('',#1483);
#343=PLANE('',#1484);
#344=PLANE('',#1485);
#345=PLANE('',#1486);
#346=PLANE('',#1487);
#347=PLANE('',#1488);
#348=PLANE('',#1493);
#349=PLANE('',#1494);
#350=PLANE('',#1495);
#351=PLANE('',#1496);
#352=PLANE('',#1497);
#353=PLANE('',#1498);
#354=FACE_OUTER_BOUND('',#425,.T.);
#355=FACE_OUTER_BOUND('',#426,.T.);
#356=FACE_OUTER_BOUND('',#428,.T.);
#357=FACE_OUTER_BOUND('',#429,.T.);
#358=FACE_OUTER_BOUND('',#430,.T.);
#359=FACE_OUTER_BOUND('',#431,.T.);
#360=FACE_OUTER_BOUND('',#432,.T.);
#361=FACE_OUTER_BOUND('',#433,.T.);
#362=FACE_OUTER_BOUND('',#434,.T.);
#363=FACE_OUTER_BOUND('',#435,.T.);
#364=FACE_OUTER_BOUND('',#436,.T.);
#365=FACE_OUTER_BOUND('',#437,.T.);
#366=FACE_OUTER_BOUND('',#438,.T.);
#367=FACE_OUTER_BOUND('',#439,.T.);
#368=FACE_OUTER_BOUND('',#440,.T.);
#369=FACE_OUTER_BOUND('',#441,.T.);
#370=FACE_OUTER_BOUND('',#442,.T.);
#371=FACE_OUTER_BOUND('',#443,.T.);
#372=FACE_OUTER_BOUND('',#444,.T.);
#373=FACE_OUTER_BOUND('',#445,.T.);
#374=FACE_OUTER_BOUND('',#446,.T.);
#375=FACE_OUTER_BOUND('',#447,.T.);
#376=FACE_OUTER_BOUND('',#448,.T.);
#377=FACE_OUTER_BOUND('',#449,.T.);
#378=FACE_OUTER_BOUND('',#450,.T.);
#379=FACE_OUTER_BOUND('',#451,.T.);
#380=FACE_OUTER_BOUND('',#452,.T.);
#381=FACE_OUTER_BOUND('',#453,.T.);
#382=FACE_OUTER_BOUND('',#454,.T.);
#383=FACE_OUTER_BOUND('',#455,.T.);
#384=FACE_OUTER_BOUND('',#456,.T.);
#385=FACE_OUTER_BOUND('',#457,.T.);
#386=FACE_OUTER_BOUND('',#458,.T.);
#387=FACE_OUTER_BOUND('',#460,.T.);
#388=FACE_OUTER_BOUND('',#461,.T.);
#389=FACE_OUTER_BOUND('',#462,.T.);
#390=FACE_OUTER_BOUND('',#463,.T.);
#391=FACE_OUTER_BOUND('',#464,.T.);
#392=FACE_OUTER_BOUND('',#465,.T.);
#393=FACE_OUTER_BOUND('',#466,.T.);
#394=FACE_OUTER_BOUND('',#467,.T.);
#395=FACE_OUTER_BOUND('',#468,.T.);
#396=FACE_OUTER_BOUND('',#469,.T.);
#397=FACE_OUTER_BOUND('',#470,.T.);
#398=FACE_OUTER_BOUND('',#471,.T.);
#399=FACE_OUTER_BOUND('',#475,.T.);
#400=FACE_OUTER_BOUND('',#476,.T.);
#401=FACE_OUTER_BOUND('',#477,.T.);
#402=FACE_OUTER_BOUND('',#478,.T.);
#403=FACE_OUTER_BOUND('',#479,.T.);
#404=FACE_OUTER_BOUND('',#480,.T.);
#405=FACE_OUTER_BOUND('',#481,.T.);
#406=FACE_OUTER_BOUND('',#482,.T.);
#407=FACE_OUTER_BOUND('',#483,.T.);
#408=FACE_OUTER_BOUND('',#484,.T.);
#409=FACE_OUTER_BOUND('',#486,.T.);
#410=FACE_OUTER_BOUND('',#487,.T.);
#411=FACE_OUTER_BOUND('',#488,.T.);
#412=FACE_OUTER_BOUND('',#489,.T.);
#413=FACE_OUTER_BOUND('',#490,.T.);
#414=FACE_OUTER_BOUND('',#491,.T.);
#415=FACE_OUTER_BOUND('',#492,.T.);
#416=FACE_OUTER_BOUND('',#493,.T.);
#417=FACE_OUTER_BOUND('',#494,.T.);
#418=FACE_OUTER_BOUND('',#495,.T.);
#419=FACE_OUTER_BOUND('',#499,.T.);
#420=FACE_OUTER_BOUND('',#500,.T.);
#421=FACE_OUTER_BOUND('',#502,.T.);
#422=FACE_OUTER_BOUND('',#503,.T.);
#423=FACE_OUTER_BOUND('',#504,.T.);
#424=FACE_OUTER_BOUND('',#505,.T.);
#425=EDGE_LOOP('',(#892,#893,#894,#895));
#426=EDGE_LOOP('',(#896));
#427=EDGE_LOOP('',(#897));
#428=EDGE_LOOP('',(#898,#899,#900,#901));
#429=EDGE_LOOP('',(#902,#903,#904,#905,#906,#907,#908));
#430=EDGE_LOOP('',(#909,#910,#911,#912,#913,#914));
#431=EDGE_LOOP('',(#915,#916,#917,#918,#919,#920,#921));
#432=EDGE_LOOP('',(#922,#923,#924,#925,#926,#927,#928,#929));
#433=EDGE_LOOP('',(#930,#931,#932,#933,#934,#935));
#434=EDGE_LOOP('',(#936,#937,#938,#939,#940,#941,#942));
#435=EDGE_LOOP('',(#943,#944,#945,#946));
#436=EDGE_LOOP('',(#947,#948,#949,#950,#951));
#437=EDGE_LOOP('',(#952,#953,#954,#955));
#438=EDGE_LOOP('',(#956,#957,#958,#959));
#439=EDGE_LOOP('',(#960,#961,#962,#963,#964));
#440=EDGE_LOOP('',(#965,#966,#967,#968,#969,#970,#971,#972));
#441=EDGE_LOOP('',(#973,#974,#975,#976,#977,#978));
#442=EDGE_LOOP('',(#979,#980,#981,#982,#983,#984));
#443=EDGE_LOOP('',(#985,#986,#987,#988,#989,#990));
#444=EDGE_LOOP('',(#991,#992,#993,#994,#995,#996));
#445=EDGE_LOOP('',(#997,#998,#999,#1000,#1001,#1002,#1003,#1004,#1005,#1006));
#446=EDGE_LOOP('',(#1007,#1008,#1009,#1010));
#447=EDGE_LOOP('',(#1011,#1012,#1013,#1014,#1015));
#448=EDGE_LOOP('',(#1016,#1017,#1018,#1019,#1020,#1021,#1022));
#449=EDGE_LOOP('',(#1023,#1024,#1025,#1026));
#450=EDGE_LOOP('',(#1027,#1028,#1029,#1030));
#451=EDGE_LOOP('',(#1031,#1032,#1033,#1034,#1035,#1036,#1037,#1038));
#452=EDGE_LOOP('',(#1039,#1040,#1041,#1042,#1043,#1044,#1045));
#453=EDGE_LOOP('',(#1046,#1047,#1048,#1049,#1050,#1051,#1052,#1053));
#454=EDGE_LOOP('',(#1054,#1055,#1056,#1057));
#455=EDGE_LOOP('',(#1058,#1059,#1060,#1061,#1062,#1063,#1064));
#456=EDGE_LOOP('',(#1065,#1066,#1067,#1068));
#457=EDGE_LOOP('',(#1069,#1070,#1071,#1072,#1073,#1074,#1075,#1076));
#458=EDGE_LOOP('',(#1077));
#459=EDGE_LOOP('',(#1078,#1079));
#460=EDGE_LOOP('',(#1080,#1081,#1082,#1083));
#461=EDGE_LOOP('',(#1084,#1085,#1086,#1087));
#462=EDGE_LOOP('',(#1088,#1089,#1090,#1091));
#463=EDGE_LOOP('',(#1092,#1093,#1094,#1095));
#464=EDGE_LOOP('',(#1096,#1097,#1098,#1099));
#465=EDGE_LOOP('',(#1100,#1101,#1102,#1103));
#466=EDGE_LOOP('',(#1104,#1105,#1106,#1107,#1108,#1109));
#467=EDGE_LOOP('',(#1110,#1111,#1112,#1113));
#468=EDGE_LOOP('',(#1114,#1115,#1116,#1117,#1118));
#469=EDGE_LOOP('',(#1119,#1120,#1121,#1122));
#470=EDGE_LOOP('',(#1123,#1124,#1125,#1126));
#471=EDGE_LOOP('',(#1127,#1128,#1129,#1130,#1131,#1132,#1133,#1134));
#472=EDGE_LOOP('',(#1135,#1136));
#473=EDGE_LOOP('',(#1137,#1138));
#474=EDGE_LOOP('',(#1139,#1140));
#475=EDGE_LOOP('',(#1141,#1142,#1143,#1144));
#476=EDGE_LOOP('',(#1145,#1146,#1147,#1148,#1149,#1150));
#477=EDGE_LOOP('',(#1151,#1152,#1153,#1154,#1155,#1156,#1157));
#478=EDGE_LOOP('',(#1158,#1159,#1160,#1161));
#479=EDGE_LOOP('',(#1162,#1163,#1164,#1165,#1166));
#480=EDGE_LOOP('',(#1167,#1168,#1169,#1170));
#481=EDGE_LOOP('',(#1171,#1172,#1173,#1174));
#482=EDGE_LOOP('',(#1175,#1176,#1177,#1178));
#483=EDGE_LOOP('',(#1179,#1180,#1181,#1182));
#484=EDGE_LOOP('',(#1183,#1184,#1185,#1186,#1187,#1188,#1189,#1190,#1191,
#1192));
#485=EDGE_LOOP('',(#1193,#1194,#1195,#1196));
#486=EDGE_LOOP('',(#1197,#1198,#1199,#1200));
#487=EDGE_LOOP('',(#1201,#1202,#1203,#1204));
#488=EDGE_LOOP('',(#1205,#1206,#1207,#1208));
#489=EDGE_LOOP('',(#1209,#1210,#1211,#1212));
#490=EDGE_LOOP('',(#1213,#1214,#1215,#1216,#1217,#1218,#1219,#1220));
#491=EDGE_LOOP('',(#1221,#1222,#1223,#1224));
#492=EDGE_LOOP('',(#1225,#1226,#1227,#1228));
#493=EDGE_LOOP('',(#1229,#1230,#1231,#1232));
#494=EDGE_LOOP('',(#1233,#1234,#1235,#1236));
#495=EDGE_LOOP('',(#1237,#1238,#1239,#1240));
#496=EDGE_LOOP('',(#1241,#1242));
#497=EDGE_LOOP('',(#1243,#1244));
#498=EDGE_LOOP('',(#1245,#1246));
#499=EDGE_LOOP('',(#1247,#1248,#1249,#1250));
#500=EDGE_LOOP('',(#1251,#1252,#1253,#1254,#1255,#1256));
#501=EDGE_LOOP('',(#1257,#1258,#1259,#1260));
#502=EDGE_LOOP('',(#1261,#1262,#1263,#1264));
#503=EDGE_LOOP('',(#1265,#1266,#1267,#1268));
#504=EDGE_LOOP('',(#1269,#1270,#1271,#1272,#1273));
#505=EDGE_LOOP('',(#1274,#1275,#1276,#1277,#1278,#1279,#1280,#1281,#1282,
#1283,#1284,#1285,#1286,#1287,#1288,#1289,#1290,#1291,#1292,#1293,#1294,
#1295,#1296,#1297));
#506=B_SPLINE_CURVE_WITH_KNOTS('',3,(#1956,#1957,#1958,#1959,#1960,#1961),
 .UNSPECIFIED.,.F.,.F.,(4,1,1,4),(0.,0.285714285714286,0.571428571428571,
1.),.UNSPECIFIED.);
#507=B_SPLINE_CURVE_WITH_KNOTS('',3,(#1962,#1963,#1964,#1965,#1966,#1967,
#1968,#1969,#1970,#1971,#1972,#1973,#1974,#1975,#1976,#1977,#1978,#1979,
#1980,#1981,#1982,#1983),.UNSPECIFIED.,.T.,.F.,(4,1,1,1,1,1,1,1,1,1,1,1,
1,1,1,1,1,1,1,4),(0.,2.28892756142999,4.57785512285999,6.10380683047998,
7.62975853809998,9.15571024571998,10.68166195334,12.20761366096,13.73356536858,
15.2595170762,16.78546878382,18.31142049144,19.8373721990599,21.3633239066799,
22.8892756142999,24.4152273219199,25.9411790295399,27.4671307371599,29.7560582985899,
32.0449858600199),.UNSPECIFIED.);
#508=B_SPLINE_CURVE_WITH_KNOTS('',3,(#1984,#1985,#1986,#1987,#1988,#1989,
#1990,#1991,#1992,#1993,#1994,#1995,#1996,#1997,#1998,#1999,#2000,#2001,
#2002,#2003,#2004,#2005),.UNSPECIFIED.,.T.,.F.,(4,1,1,1,1,1,1,1,1,1,1,1,
1,1,1,1,1,1,1,4),(-32.0449858600199,-29.7560582985899,-27.4671307371599,
-25.9411790295399,-24.4152273219199,-22.8892756142999,-21.3633239066799,
-19.8373721990599,-18.31142049144,-16.78546878382,-15.2595170762,-13.73356536858,
-12.20761366096,-10.68166195334,-9.15571024571998,-7.62975853809998,-6.10380683047998,
-4.57785512285999,-2.28892756142999,0.),.UNSPECIFIED.);
#509=B_SPLINE_CURVE_WITH_KNOTS('',3,(#2071,#2072,#2073,#2074,#2075,#2076,
#2077,#2078,#2079,#2080),.UNSPECIFIED.,.F.,.F.,(4,1,1,1,1,1,1,4),(2.99984332046906,
4.25530103831348,4.88309374673891,5.51088645516434,6.7664718720152,8.02205728886606,
8.64984999729149,9.27301918531146),.UNSPECIFIED.);
#510=B_SPLINE_CURVE_WITH_KNOTS('',3,(#2082,#2083,#2084,#2085),
 .UNSPECIFIED.,.F.,.F.,(4,4),(0.,0.0042635272061911),.UNSPECIFIED.);
#511=B_SPLINE_CURVE_WITH_KNOTS('',3,(#2087,#2088,#2089,#2090,#2091,#2092,
#2093),.UNSPECIFIED.,.F.,.F.,(4,3,4),(0.,0.0419563039638206,0.0445890099166092),
 .UNSPECIFIED.);
#512=B_SPLINE_CURVE_WITH_KNOTS('',3,(#2095,#2096,#2097,#2098),
 .UNSPECIFIED.,.F.,.F.,(4,4),(0.0679760234844662,0.0726738941007624),
 .UNSPECIFIED.);
#513=B_SPLINE_CURVE_WITH_KNOTS('',3,(#2100,#2101,#2102,#2103,#2104,#2105,
#2106,#2107,#2108,#2109,#2110,#2111,#2112,#2113),.UNSPECIFIED.,.F.,.F.,
(4,1,1,1,1,1,1,2,1,1,4),(-9.27763780702466,-8.64984999729149,-8.02205728886606,
-6.7664718720152,-5.51088645516434,-4.88309374673891,-4.25530103831348,
-2.99971562146262,-1.80010944806459,-1.20030636136557,-0.00679920602336356),
 .UNSPECIFIED.);
#514=B_SPLINE_CURVE_WITH_KNOTS('',3,(#2115,#2116,#2117,#2118,#2119,#2120,
#2121,#2122,#2123,#2124,#2125,#2126,#2127,#2128,#2129,#2130,#2131,#2132,
#2133,#2134,#2135,#2136,#2137,#2138,#2139,#2140,#2141,#2142,#2143,#2144,
#2145,#2146,#2147,#2148),.UNSPECIFIED.,.F.,.F.,(4,3,3,3,3,3,3,3,3,3,3,4),
(-0.356127153624029,-0.355060988119251,-0.315018207175311,-0.273858997318155,
-0.232371906479683,-0.190995584525756,-0.175824456227824,-0.13449254008629,
-0.093044704618607,-0.0519671081666708,-0.0118318620783736,0.),
 .UNSPECIFIED.);
#515=B_SPLINE_CURVE_WITH_KNOTS('',3,(#2149,#2150,#2151,#2152,#2153,#2154,
#2155,#2156),.UNSPECIFIED.,.F.,.F.,(4,1,1,2,4),(0.000700187967539456,1.20030636136557,
1.80010944806459,2.99971562146262,2.99984332046906),.UNSPECIFIED.);
#516=B_SPLINE_CURVE_WITH_KNOTS('',3,(#2193,#2194,#2195,#2196,#2197,#2198,
#2199),.UNSPECIFIED.,.F.,.F.,(4,1,1,1,4),(-7.35837391637745,-5.26089469386779,
-3.15653681632068,-1.05217893877356,-0.00669138414249326),.UNSPECIFIED.);
#517=B_SPLINE_CURVE_WITH_KNOTS('',3,(#2201,#2202,#2203,#2204,#2205,#2206,
#2207,#2208,#2209,#2210,#2211,#2212,#2213,#2214,#2215,#2216,#2217,#2218,
#2219,#2220,#2221,#2222,#2223,#2224,#2225,#2226,#2227,#2228,#2229,#2230,
#2231,#2232,#2233,#2234),.UNSPECIFIED.,.F.,.F.,(4,3,3,3,3,3,3,3,3,3,3,4),
(-0.00105859347106897,0.,0.0405303528751955,0.0817975696154889,0.123098871557558,
0.163913800480957,0.170898118961693,0.197428339791117,0.238523235732624,
0.279786476350959,0.320674038356651,0.342836803173657),.UNSPECIFIED.);
#518=B_SPLINE_CURVE_WITH_KNOTS('',3,(#2236,#2237,#2238,#2239),
 .UNSPECIFIED.,.F.,.F.,(4,4),(0.,0.00342540847841233),.UNSPECIFIED.);
#519=B_SPLINE_CURVE_WITH_KNOTS('',3,(#2241,#2242,#2243,#2244,#2245,#2246,
#2247),.UNSPECIFIED.,.F.,.F.,(4,1,1,1,4),(-7.28904638872845E-16,1.05217893877356,
3.15653681632068,5.26089469386779,7.36525257141491),.UNSPECIFIED.);
#520=B_SPLINE_CURVE_WITH_KNOTS('',3,(#2248,#2249,#2250,#2251),
 .UNSPECIFIED.,.F.,.F.,(4,4),(4.82102403760499,4.84967805207852),
 .UNSPECIFIED.);
#521=B_SPLINE_CURVE_WITH_KNOTS('',3,(#2309,#2310,#2311,#2312,#2313,#2314,
#2315,#2316,#2317,#2318,#2319,#2320,#2321,#2322),.UNSPECIFIED.,.F.,.F.,
(4,1,1,2,1,1,1,1,1,1,4),(-8.6999190019683,-8.14269388385972,-7.01581093063644,
-5.88892797741316,-4.710226910449,-3.53152584348485,-2.94217531000277,-2.35282477652069,
-1.17412370955654,-0.584773176074457,0.00457126191728659),.UNSPECIFIED.);
#522=B_SPLINE_CURVE_WITH_KNOTS('',3,(#2324,#2325,#2326,#2327),
 .UNSPECIFIED.,.F.,.F.,(4,4),(0.,0.00407728609976772),.UNSPECIFIED.);
#523=B_SPLINE_CURVE_WITH_KNOTS('',3,(#2329,#2330,#2331,#2332,#2333,#2334,
#2335),.UNSPECIFIED.,.F.,.F.,(4,3,4),(-0.0445885272019925,-0.0026714236311127,
0.),.UNSPECIFIED.);
#524=B_SPLINE_CURVE_WITH_KNOTS('',3,(#2337,#2338,#2339,#2340),
 .UNSPECIFIED.,.F.,.F.,(4,4),(0.0228575951142145,0.027096928996873),
 .UNSPECIFIED.);
#525=B_SPLINE_CURVE_WITH_KNOTS('',3,(#2342,#2343,#2344,#2345,#2346,#2347,
#2348,#2349,#2350,#2351,#2352,#2353),.UNSPECIFIED.,.F.,.F.,(4,1,1,1,1,1,
1,2,4),(-4.0478760138671E-7,0.584773176074457,1.17412370955654,2.35282477652069,
2.94217531000277,3.53152584348485,4.710226910449,5.88892797741316,5.88954869028729),
 .UNSPECIFIED.);
#526=B_SPLINE_CURVE_WITH_KNOTS('',3,(#2354,#2355,#2356,#2357,#2358,#2359),
 .UNSPECIFIED.,.F.,.F.,(4,1,1,4),(5.88954869028729,7.01581093063644,8.14269388385972,
8.70613536047136),.UNSPECIFIED.);
#527=B_SPLINE_CURVE_WITH_KNOTS('',3,(#2382,#2383,#2384,#2385,#2386),
 .UNSPECIFIED.,.F.,.F.,(4,1,4),(-2.4776730146725E-16,0.608477898354845,
1.21695635319658),.UNSPECIFIED.);
#528=B_SPLINE_CURVE_WITH_KNOTS('',3,(#2387,#2388,#2389,#2390),
 .UNSPECIFIED.,.F.,.F.,(4,4),(1.21695635319658,1.2171465562706),
 .UNSPECIFIED.);
#529=B_SPLINE_CURVE_WITH_KNOTS('',3,(#2392,#2393,#2394,#2395),
 .UNSPECIFIED.,.F.,.F.,(4,4),(-1.21489919029068,-1.21471549800881),
 .UNSPECIFIED.);
#530=B_SPLINE_CURVE_WITH_KNOTS('',3,(#2397,#2398,#2399,#2400,#2401),
 .UNSPECIFIED.,.F.,.F.,(4,1,4),(-1.21471549852779,-0.608477898354845,-0.00224085466855291),
 .UNSPECIFIED.);
#531=B_SPLINE_CURVE_WITH_KNOTS('',3,(#2402,#2403,#2404,#2405),
 .UNSPECIFIED.,.F.,.F.,(4,4),(0.00205677260214811,0.00224085518777478),
 .UNSPECIFIED.);
#532=B_SPLINE_CURVE_WITH_KNOTS('',3,(#2406,#2407,#2408,#2409),
 .UNSPECIFIED.,.F.,.F.,(4,4),(1.12228362300927E-15,0.000190759560924557),
 .UNSPECIFIED.);
#533=B_SPLINE_CURVE_WITH_KNOTS('',3,(#2531,#2532,#2533,#2534,#2535,#2536,
#2537,#2538,#2539,#2540,#2541,#2542,#2543,#2544,#2545,#2546,#2547,#2548),
 .UNSPECIFIED.,.F.,.F.,(4,2,2,2,2,2,2,2,4),(0.,0.0508670722386624,0.101734144477325,
0.152601189954697,0.20346823543207,0.254335280909038,0.305202326386005,
0.356069398624626,0.406936470863248),.UNSPECIFIED.);
#534=B_SPLINE_CURVE_WITH_KNOTS('',3,(#2549,#2550,#2551,#2552,#2553,#2554,
#2555,#2556,#2557,#2558,#2559,#2560,#2561,#2562,#2563,#2564,#2565,#2566),
 .UNSPECIFIED.,.F.,.F.,(4,2,2,2,2,2,2,2,4),(0.406936470863248,0.457803543101869,
0.508670615340491,0.559537660817458,0.610404706294426,0.661271751771798,
0.712138797249171,0.763005869487833,0.813872941726496),.UNSPECIFIED.);
#535=B_SPLINE_CURVE_WITH_KNOTS('',3,(#2570,#2571,#2572,#2573,#2574,#2575,
#2576,#2577,#2578,#2579,#2580,#2581,#2582,#2583,#2584,#2585,#2586,#2587),
 .UNSPECIFIED.,.F.,.F.,(4,2,2,2,2,2,2,2,4),(0.,0.0508657041181454,0.101731408236291,
0.152597090443396,0.203462772650501,0.254328454857239,0.305194137063978,
0.356059841182086,0.406925545300195),.UNSPECIFIED.);
#536=B_SPLINE_CURVE_WITH_KNOTS('',3,(#2588,#2589,#2590,#2591,#2592,#2593,
#2594,#2595,#2596,#2597,#2598,#2599,#2600,#2601,#2602,#2603,#2604,#2605),
 .UNSPECIFIED.,.F.,.F.,(4,2,2,2,2,2,2,2,4),(0.406925545300195,0.457791249418304,
0.508656953536412,0.55952263574315,0.610388317949889,0.661254000156994,
0.712119682364099,0.762985386482244,0.81385109060039),.UNSPECIFIED.);
#537=B_SPLINE_CURVE_WITH_KNOTS('',3,(#2609,#2610,#2611,#2612,#2613,#2614,
#2615,#2616,#2617,#2618,#2619,#2620,#2621,#2622,#2623,#2624,#2625,#2626),
 .UNSPECIFIED.,.F.,.F.,(4,2,2,2,2,2,2,2,4),(0.,0.0508670722386419,0.101734144477284,
0.152601189954454,0.203468235431624,0.254335280908794,0.305202326385964,
0.356069398624606,0.406936470863248),.UNSPECIFIED.);
#538=B_SPLINE_CURVE_WITH_KNOTS('',3,(#2627,#2628,#2629,#2630,#2631,#2632,
#2633,#2634,#2635,#2636,#2637,#2638,#2639,#2640,#2641,#2642,#2643,#2644),
 .UNSPECIFIED.,.F.,.F.,(4,2,2,2,2,2,2,2,4),(0.406936470863248,0.457803543101889,
0.508670615340531,0.559537660817701,0.610404706294871,0.661271751772041,
0.712138797249211,0.763005869487853,0.813872941726495),.UNSPECIFIED.);
#539=B_SPLINE_CURVE_WITH_KNOTS('',3,(#2648,#2649,#2650,#2651,#2652,#2653,
#2654,#2655,#2656,#2657,#2658,#2659,#2660,#2661,#2662,#2663,#2664,#2665),
 .UNSPECIFIED.,.F.,.F.,(4,2,2,2,2,2,2,2,4),(0.,0.050865704118127,0.101731408236254,
0.152597090443176,0.203462772650097,0.254328454857019,0.30519413706394,
0.356059841182068,0.406925545300195),.UNSPECIFIED.);
#540=B_SPLINE_CURVE_WITH_KNOTS('',3,(#2666,#2667,#2668,#2669,#2670,#2671,
#2672,#2673,#2674,#2675,#2676,#2677,#2678,#2679,#2680,#2681,#2682,#2683),
 .UNSPECIFIED.,.F.,.F.,(4,2,2,2,2,2,2,2,4),(0.406925545300195,0.457791249418322,
0.508656953536449,0.55952263574337,0.610388317950292,0.661254000157213,
0.712119682364135,0.762985386482262,0.813851090600389),.UNSPECIFIED.);
#541=B_SPLINE_CURVE_WITH_KNOTS('',3,(#2687,#2688,#2689,#2690,#2691,#2692,
#2693,#2694,#2695,#2696,#2697,#2698,#2699,#2700,#2701,#2702,#2703,#2704),
 .UNSPECIFIED.,.F.,.F.,(4,2,2,2,2,2,2,2,4),(0.,0.0508670722386214,0.101734144477243,
0.15260118995421,0.203468235431177,0.25433528090855,0.305202326385923,0.356069398624585,
0.406936470863247),.UNSPECIFIED.);
#542=B_SPLINE_CURVE_WITH_KNOTS('',3,(#2705,#2706,#2707,#2708,#2709,#2710,
#2711,#2712,#2713,#2714,#2715,#2716,#2717,#2718,#2719,#2720,#2721,#2722),
 .UNSPECIFIED.,.F.,.F.,(4,2,2,2,2,2,2,2,4),(0.406936470863247,0.457803543101909,
0.508670615340572,0.559537660817944,0.610404706295317,0.661271751772284,
0.712138797249251,0.763005869487873,0.813872941726494),.UNSPECIFIED.);
#543=B_SPLINE_CURVE_WITH_KNOTS('',3,(#2726,#2727,#2728,#2729,#2730,#2731,
#2732,#2733,#2734,#2735,#2736,#2737,#2738,#2739,#2740,#2741,#2742,#2743),
 .UNSPECIFIED.,.F.,.F.,(4,2,2,2,2,2,2,2,4),(0.,0.0508657041181086,0.101731408236217,
0.152597090442955,0.203462772649694,0.254328454856799,0.305194137063904,
0.356059841182049,0.406925545300195),.UNSPECIFIED.);
#544=B_SPLINE_CURVE_WITH_KNOTS('',3,(#2744,#2745,#2746,#2747,#2748,#2749,
#2750,#2751,#2752,#2753,#2754,#2755,#2756,#2757,#2758,#2759,#2760,#2761),
 .UNSPECIFIED.,.F.,.F.,(4,2,2,2,2,2,2,2,4),(0.406925545300195,0.45779124941834,
0.508656953536486,0.559522635743591,0.610388317950696,0.661254000157434,
0.712119682364173,0.762985386482281,0.813851090600389),.UNSPECIFIED.);
#545=B_SPLINE_CURVE_WITH_KNOTS('',3,(#2799,#2800,#2801,#2802,#2803,#2804,
#2805,#2806,#2807,#2808,#2809,#2810,#2811),.UNSPECIFIED.,.F.,.F.,(4,3,3,
3,4),(-0.239740153533555,-0.18518542920825,-0.1087782335949,-0.0342451270654701,
0.),.UNSPECIFIED.);
#546=B_SPLINE_CURVE_WITH_KNOTS('',3,(#2813,#2814,#2815,#2816,#2817,#2818,
#2819),.UNSPECIFIED.,.F.,.F.,(4,1,1,1,4),(-5.22368358832624,-3.73120256309018,
-2.2387215378541,-0.746240512618034,9.69527823025857E-16),.UNSPECIFIED.);
#547=B_SPLINE_CURVE_WITH_KNOTS('',3,(#2821,#2822,#2823,#2824,#2825,#2826,
#2827,#2828,#2829,#2830,#2831,#2832,#2833),.UNSPECIFIED.,.F.,.F.,(4,3,3,
3,4),(-0.540316466734292,-0.47300183322897,-0.386747126434083,-0.319757848055446,
-0.300492419639195),.UNSPECIFIED.);
#548=B_SPLINE_CURVE_WITH_KNOTS('',3,(#2835,#2836,#2837,#2838,#2839,#2840,
#2841,#2842,#2843,#2844,#2845,#2846,#2847,#2848,#2849,#2850,#2851,#2852,
#2853,#2854,#2855,#2856),.UNSPECIFIED.,.F.,.F.,(4,3,3,3,3,3,3,4),(0.234681921144983,
0.285726334076459,0.289472626571148,0.340651342001503,0.367332030037275,
0.418239559898157,0.469271930035397,0.504053936536551),.UNSPECIFIED.);
#549=B_SPLINE_CURVE_WITH_KNOTS('',3,(#2858,#2859,#2860,#2861,#2862,#2863,
#2864),.UNSPECIFIED.,.F.,.F.,(4,1,1,1,4),(0.100277875467242,0.746240512618034,
2.2387215378541,3.73120256309018,5.12340443470618),.UNSPECIFIED.);
#550=B_SPLINE_CURVE_WITH_KNOTS('',3,(#2865,#2866,#2867,#2868,#2869,#2870,
#2871,#2872,#2873,#2874,#2875,#2876,#2877,#2878,#2879,#2880,#2881,#2882,
#2883,#2884,#2885,#2886),.UNSPECIFIED.,.F.,.F.,(4,3,3,3,3,3,3,4),(0.,0.0505864988675779,
0.101830606145862,0.153002650743716,0.203485987418349,0.215068155338471,
0.229026157189383,0.269822908265567),.UNSPECIFIED.);
#551=B_SPLINE_CURVE_WITH_KNOTS('',3,(#3053,#3054,#3055,#3056),
 .UNSPECIFIED.,.F.,.F.,(4,4),(1.29668635850449,1.35741624049205),
 .UNSPECIFIED.);
#552=B_SPLINE_CURVE_WITH_KNOTS('',3,(#3134,#3135,#3136,#3137),
 .UNSPECIFIED.,.F.,.F.,(4,4),(1.36163475208021,1.42236463406777),
 .UNSPECIFIED.);
#553=VERTEX_POINT('',#1954);
#554=VERTEX_POINT('',#1955);
#555=VERTEX_POINT('',#2007);
#556=VERTEX_POINT('',#2010);
#557=VERTEX_POINT('',#2069);
#558=VERTEX_POINT('',#2070);
#559=VERTEX_POINT('',#2081);
#560=VERTEX_POINT('',#2086);
#561=VERTEX_POINT('',#2094);
#562=VERTEX_POINT('',#2099);
#563=VERTEX_POINT('',#2114);
#564=VERTEX_POINT('',#2192);
#565=VERTEX_POINT('',#2200);
#566=VERTEX_POINT('',#2235);
#567=VERTEX_POINT('',#2240);
#568=VERTEX_POINT('',#2308);
#569=VERTEX_POINT('',#2323);
#570=VERTEX_POINT('',#2328);
#571=VERTEX_POINT('',#2336);
#572=VERTEX_POINT('',#2341);
#573=VERTEX_POINT('',#2380);
#574=VERTEX_POINT('',#2381);
#575=VERTEX_POINT('',#2391);
#576=VERTEX_POINT('',#2396);
#577=VERTEX_POINT('',#2411);
#578=VERTEX_POINT('',#2413);
#579=VERTEX_POINT('',#2460);
#580=VERTEX_POINT('',#2462);
#581=VERTEX_POINT('',#2464);
#582=VERTEX_POINT('',#2495);
#583=VERTEX_POINT('',#2499);
#584=VERTEX_POINT('',#2500);
#585=VERTEX_POINT('',#2502);
#586=VERTEX_POINT('',#2504);
#587=VERTEX_POINT('',#2506);
#588=VERTEX_POINT('',#2510);
#589=VERTEX_POINT('',#2511);
#590=VERTEX_POINT('',#2516);
#591=VERTEX_POINT('',#2517);
#592=VERTEX_POINT('',#2523);
#593=VERTEX_POINT('',#2529);
#594=VERTEX_POINT('',#2530);
#595=VERTEX_POINT('',#2567);
#596=VERTEX_POINT('',#2569);
#597=VERTEX_POINT('',#2607);
#598=VERTEX_POINT('',#2608);
#599=VERTEX_POINT('',#2645);
#600=VERTEX_POINT('',#2647);
#601=VERTEX_POINT('',#2685);
#602=VERTEX_POINT('',#2686);
#603=VERTEX_POINT('',#2723);
#604=VERTEX_POINT('',#2725);
#605=VERTEX_POINT('',#2797);
#606=VERTEX_POINT('',#2798);
#607=VERTEX_POINT('',#2812);
#608=VERTEX_POINT('',#2820);
#609=VERTEX_POINT('',#2834);
#610=VERTEX_POINT('',#2857);
#611=VERTEX_POINT('',#2888);
#612=VERTEX_POINT('',#2890);
#613=VERTEX_POINT('',#2892);
#614=VERTEX_POINT('',#2894);
#615=VERTEX_POINT('',#2896);
#616=VERTEX_POINT('',#2898);
#617=VERTEX_POINT('',#2900);
#618=VERTEX_POINT('',#2902);
#619=VERTEX_POINT('',#2906);
#620=VERTEX_POINT('',#2907);
#621=VERTEX_POINT('',#2909);
#622=VERTEX_POINT('',#2911);
#623=VERTEX_POINT('',#2915);
#624=VERTEX_POINT('',#2917);
#625=VERTEX_POINT('',#2919);
#626=VERTEX_POINT('',#2924);
#627=VERTEX_POINT('',#2926);
#628=VERTEX_POINT('',#2928);
#629=VERTEX_POINT('',#2932);
#630=VERTEX_POINT('',#2933);
#631=VERTEX_POINT('',#2935);
#632=VERTEX_POINT('',#2937);
#633=VERTEX_POINT('',#2941);
#634=VERTEX_POINT('',#2943);
#635=VERTEX_POINT('',#2970);
#636=VERTEX_POINT('',#3009);
#637=VERTEX_POINT('',#3048);
#638=VERTEX_POINT('',#3049);
#639=VERTEX_POINT('',#3051);
#640=VERTEX_POINT('',#3128);
#641=VERTEX_POINT('',#3129);
#642=VERTEX_POINT('',#3131);
#643=VERTEX_POINT('',#3167);
#644=VERTEX_POINT('',#3168);
#645=VERTEX_POINT('',#3173);
#646=VERTEX_POINT('',#3177);
#647=VERTEX_POINT('',#3181);
#648=VERTEX_POINT('',#3185);
#649=VERTEX_POINT('',#3195);
#650=VERTEX_POINT('',#3201);
#651=VERTEX_POINT('',#3205);
#652=VERTEX_POINT('',#3207);
#653=VERTEX_POINT('',#3209);
#654=VERTEX_POINT('',#3213);
#655=VERTEX_POINT('',#3219);
#656=VERTEX_POINT('',#3224);
#657=VERTEX_POINT('',#3230);
#658=VERTEX_POINT('',#3231);
#659=VERTEX_POINT('',#3233);
#660=VERTEX_POINT('',#3235);
#661=VERTEX_POINT('',#3239);
#662=VERTEX_POINT('',#3241);
#663=VERTEX_POINT('',#3245);
#664=VERTEX_POINT('',#3247);
#665=VERTEX_POINT('',#3254);
#666=VERTEX_POINT('',#3255);
#667=VERTEX_POINT('',#3257);
#668=VERTEX_POINT('',#3259);
#669=VERTEX_POINT('',#3261);
#670=VERTEX_POINT('',#3263);
#671=VERTEX_POINT('',#3265);
#672=VERTEX_POINT('',#3267);
#673=VERTEX_POINT('',#3269);
#674=VERTEX_POINT('',#3271);
#675=VERTEX_POINT('',#3275);
#676=VERTEX_POINT('',#3277);
#677=VERTEX_POINT('',#3281);
#678=VERTEX_POINT('',#3285);
#679=VERTEX_POINT('',#3289);
#680=VERTEX_POINT('',#3293);
#681=VERTEX_POINT('',#3295);
#682=VERTEX_POINT('',#3297);
#683=VERTEX_POINT('',#3299);
#684=VERTEX_POINT('',#3301);
#685=VERTEX_POINT('',#3305);
#686=VERTEX_POINT('',#3309);
#687=VERTEX_POINT('',#3313);
#688=VERTEX_POINT('',#3317);
#689=EDGE_CURVE('',#553,#554,#506,.T.);
#690=EDGE_CURVE('',#554,#554,#507,.T.);
#691=EDGE_CURVE('',#553,#553,#508,.T.);
#692=EDGE_CURVE('',#555,#555,#276,.T.);
#693=EDGE_CURVE('',#556,#556,#277,.T.);
#694=EDGE_CURVE('',#556,#553,#23,.T.);
#695=EDGE_CURVE('',#557,#558,#509,.T.);
#696=EDGE_CURVE('',#558,#559,#510,.T.);
#697=EDGE_CURVE('',#559,#560,#511,.T.);
#698=EDGE_CURVE('',#560,#561,#512,.T.);
#699=EDGE_CURVE('',#561,#562,#513,.T.);
#700=EDGE_CURVE('',#562,#563,#514,.T.);
#701=EDGE_CURVE('',#563,#557,#515,.T.);
#702=EDGE_CURVE('',#562,#564,#516,.T.);
#703=EDGE_CURVE('',#564,#565,#517,.T.);
#704=EDGE_CURVE('',#566,#565,#518,.T.);
#705=EDGE_CURVE('',#566,#567,#519,.T.);
#706=EDGE_CURVE('',#563,#567,#520,.T.);
#707=EDGE_CURVE('',#564,#568,#521,.T.);
#708=EDGE_CURVE('',#568,#569,#522,.T.);
#709=EDGE_CURVE('',#570,#569,#523,.T.);
#710=EDGE_CURVE('',#570,#571,#524,.T.);
#711=EDGE_CURVE('',#571,#572,#525,.T.);
#712=EDGE_CURVE('',#572,#565,#526,.T.);
#713=EDGE_CURVE('',#573,#574,#527,.T.);
#714=EDGE_CURVE('',#574,#570,#528,.T.);
#715=EDGE_CURVE('',#569,#575,#529,.T.);
#716=EDGE_CURVE('',#575,#576,#530,.T.);
#717=EDGE_CURVE('',#560,#576,#531,.T.);
#718=EDGE_CURVE('',#573,#559,#532,.T.);
#719=EDGE_CURVE('',#561,#577,#24,.T.);
#720=EDGE_CURVE('',#578,#577,#278,.T.);
#721=EDGE_CURVE('',#568,#578,#25,.T.);
#722=EDGE_CURVE('',#579,#567,#26,.T.);
#723=EDGE_CURVE('',#579,#580,#27,.T.);
#724=EDGE_CURVE('',#580,#581,#279,.T.);
#725=EDGE_CURVE('',#581,#558,#28,.T.);
#726=EDGE_CURVE('',#582,#566,#29,.T.);
#727=EDGE_CURVE('',#582,#579,#30,.T.);
#728=EDGE_CURVE('',#583,#584,#280,.T.);
#729=EDGE_CURVE('',#584,#585,#281,.T.);
#730=EDGE_CURVE('',#585,#586,#282,.T.);
#731=EDGE_CURVE('',#586,#587,#283,.T.);
#732=EDGE_CURVE('',#587,#583,#284,.T.);
#733=EDGE_CURVE('',#588,#589,#285,.T.);
#734=EDGE_CURVE('',#589,#584,#286,.T.);
#735=EDGE_CURVE('',#583,#588,#287,.T.);
#736=EDGE_CURVE('',#590,#591,#288,.T.);
#737=EDGE_CURVE('',#591,#587,#289,.T.);
#738=EDGE_CURVE('',#586,#590,#290,.T.);
#739=EDGE_CURVE('',#590,#589,#291,.T.);
#740=EDGE_CURVE('',#588,#592,#292,.T.);
#741=EDGE_CURVE('',#592,#591,#293,.T.);
#742=EDGE_CURVE('',#555,#592,#31,.T.);
#743=EDGE_CURVE('',#593,#594,#533,.T.);
#744=EDGE_CURVE('',#594,#593,#534,.T.);
#745=EDGE_CURVE('',#594,#595,#32,.T.);
#746=EDGE_CURVE('',#596,#595,#535,.T.);
#747=EDGE_CURVE('',#595,#596,#536,.T.);
#748=EDGE_CURVE('',#597,#598,#537,.T.);
#749=EDGE_CURVE('',#598,#597,#538,.T.);
#750=EDGE_CURVE('',#598,#599,#33,.T.);
#751=EDGE_CURVE('',#600,#599,#539,.T.);
#752=EDGE_CURVE('',#599,#600,#540,.T.);
#753=EDGE_CURVE('',#601,#602,#541,.T.);
#754=EDGE_CURVE('',#602,#601,#542,.T.);
#755=EDGE_CURVE('',#602,#603,#34,.T.);
#756=EDGE_CURVE('',#604,#603,#543,.T.);
#757=EDGE_CURVE('',#603,#604,#544,.T.);
#758=EDGE_CURVE('',#605,#606,#545,.F.);
#759=EDGE_CURVE('',#605,#607,#546,.T.);
#760=EDGE_CURVE('',#607,#608,#547,.T.);
#761=EDGE_CURVE('',#608,#609,#548,.T.);
#762=EDGE_CURVE('',#609,#610,#549,.T.);
#763=EDGE_CURVE('',#606,#610,#550,.F.);
#764=EDGE_CURVE('',#611,#609,#35,.T.);
#765=EDGE_CURVE('',#612,#611,#36,.T.);
#766=EDGE_CURVE('',#613,#612,#37,.T.);
#767=EDGE_CURVE('',#613,#614,#38,.T.);
#768=EDGE_CURVE('',#615,#614,#39,.T.);
#769=EDGE_CURVE('',#616,#615,#40,.T.);
#770=EDGE_CURVE('',#617,#616,#41,.T.);
#771=EDGE_CURVE('',#617,#618,#42,.T.);
#772=EDGE_CURVE('',#618,#610,#43,.T.);
#773=EDGE_CURVE('',#619,#620,#44,.T.);
#774=EDGE_CURVE('',#619,#621,#45,.T.);
#775=EDGE_CURVE('',#621,#622,#46,.T.);
#776=EDGE_CURVE('',#622,#620,#47,.T.);
#777=EDGE_CURVE('',#620,#623,#48,.T.);
#778=EDGE_CURVE('',#624,#623,#49,.T.);
#779=EDGE_CURVE('',#625,#624,#50,.T.);
#780=EDGE_CURVE('',#625,#619,#51,.T.);
#781=EDGE_CURVE('',#611,#622,#52,.T.);
#782=EDGE_CURVE('',#611,#626,#53,.T.);
#783=EDGE_CURVE('',#627,#626,#294,.T.);
#784=EDGE_CURVE('',#628,#627,#295,.T.);
#785=EDGE_CURVE('',#623,#628,#296,.T.);
#786=EDGE_CURVE('',#629,#630,#54,.T.);
#787=EDGE_CURVE('',#629,#631,#55,.T.);
#788=EDGE_CURVE('',#631,#632,#56,.T.);
#789=EDGE_CURVE('',#632,#630,#57,.T.);
#790=EDGE_CURVE('',#633,#632,#58,.T.);
#791=EDGE_CURVE('',#634,#633,#59,.T.);
#792=EDGE_CURVE('',#634,#630,#60,.T.);
#793=EDGE_CURVE('',#581,#635,#297,.T.);
#794=EDGE_CURVE('',#635,#571,#61,.T.);
#795=EDGE_CURVE('',#635,#636,#298,.T.);
#796=EDGE_CURVE('',#636,#582,#62,.T.);
#797=EDGE_CURVE('',#637,#638,#299,.T.);
#798=EDGE_CURVE('',#638,#639,#63,.T.);
#799=EDGE_CURVE('',#608,#639,#551,.T.);
#800=EDGE_CURVE('',#607,#586,#64,.T.);
#801=EDGE_CURVE('',#637,#584,#65,.T.);
#802=EDGE_CURVE('',#605,#590,#66,.T.);
#803=EDGE_CURVE('',#640,#641,#67,.T.);
#804=EDGE_CURVE('',#641,#642,#300,.T.);
#805=EDGE_CURVE('',#642,#589,#68,.T.);
#806=EDGE_CURVE('',#606,#640,#552,.F.);
#807=EDGE_CURVE('',#642,#637,#301,.T.);
#808=EDGE_CURVE('',#577,#578,#302,.T.);
#809=EDGE_CURVE('',#643,#644,#303,.T.);
#810=EDGE_CURVE('',#643,#636,#69,.T.);
#811=EDGE_CURVE('',#644,#635,#70,.T.);
#812=EDGE_CURVE('',#644,#645,#304,.T.);
#813=EDGE_CURVE('',#645,#581,#71,.T.);
#814=EDGE_CURVE('',#645,#646,#305,.T.);
#815=EDGE_CURVE('',#646,#580,#72,.T.);
#816=EDGE_CURVE('',#646,#647,#73,.T.);
#817=EDGE_CURVE('',#647,#579,#74,.T.);
#818=EDGE_CURVE('',#647,#648,#75,.T.);
#819=EDGE_CURVE('',#648,#582,#76,.T.);
#820=EDGE_CURVE('',#648,#643,#77,.T.);
#821=EDGE_CURVE('',#626,#638,#78,.T.);
#822=EDGE_CURVE('',#627,#637,#79,.T.);
#823=EDGE_CURVE('',#621,#649,#80,.T.);
#824=EDGE_CURVE('',#612,#649,#81,.T.);
#825=EDGE_CURVE('',#649,#625,#82,.T.);
#826=EDGE_CURVE('',#650,#628,#83,.T.);
#827=EDGE_CURVE('',#624,#650,#306,.T.);
#828=EDGE_CURVE('',#642,#651,#84,.T.);
#829=EDGE_CURVE('',#651,#652,#307,.T.);
#830=EDGE_CURVE('',#653,#652,#85,.T.);
#831=EDGE_CURVE('',#650,#653,#308,.T.);
#832=EDGE_CURVE('',#654,#651,#309,.T.);
#833=EDGE_CURVE('',#654,#641,#86,.T.);
#834=EDGE_CURVE('',#618,#654,#87,.T.);
#835=EDGE_CURVE('',#655,#629,#88,.T.);
#836=EDGE_CURVE('',#652,#655,#310,.T.);
#837=EDGE_CURVE('',#631,#618,#89,.T.);
#838=EDGE_CURVE('',#656,#655,#90,.T.);
#839=EDGE_CURVE('',#653,#656,#311,.T.);
#840=EDGE_CURVE('',#656,#634,#91,.T.);
#841=EDGE_CURVE('',#657,#658,#312,.T.);
#842=EDGE_CURVE('',#658,#659,#92,.T.);
#843=EDGE_CURVE('',#660,#659,#313,.T.);
#844=EDGE_CURVE('',#657,#660,#93,.T.);
#845=EDGE_CURVE('',#661,#657,#94,.T.);
#846=EDGE_CURVE('',#662,#660,#95,.T.);
#847=EDGE_CURVE('',#661,#662,#96,.T.);
#848=EDGE_CURVE('',#663,#661,#97,.T.);
#849=EDGE_CURVE('',#664,#662,#98,.T.);
#850=EDGE_CURVE('',#663,#664,#99,.T.);
#851=EDGE_CURVE('',#658,#663,#100,.T.);
#852=EDGE_CURVE('',#659,#664,#101,.T.);
#853=EDGE_CURVE('',#665,#666,#102,.T.);
#854=EDGE_CURVE('',#667,#665,#103,.T.);
#855=EDGE_CURVE('',#668,#667,#104,.T.);
#856=EDGE_CURVE('',#669,#668,#105,.T.);
#857=EDGE_CURVE('',#670,#669,#106,.T.);
#858=EDGE_CURVE('',#671,#670,#314,.T.);
#859=EDGE_CURVE('',#672,#671,#315,.T.);
#860=EDGE_CURVE('',#673,#672,#316,.T.);
#861=EDGE_CURVE('',#674,#673,#107,.T.);
#862=EDGE_CURVE('',#666,#674,#108,.T.);
#863=EDGE_CURVE('',#675,#670,#109,.T.);
#864=EDGE_CURVE('',#676,#675,#317,.T.);
#865=EDGE_CURVE('',#676,#671,#110,.T.);
#866=EDGE_CURVE('',#677,#669,#111,.T.);
#867=EDGE_CURVE('',#675,#677,#112,.T.);
#868=EDGE_CURVE('',#678,#668,#113,.T.);
#869=EDGE_CURVE('',#677,#678,#114,.T.);
#870=EDGE_CURVE('',#679,#667,#115,.F.);
#871=EDGE_CURVE('',#678,#679,#116,.T.);
#872=EDGE_CURVE('',#680,#665,#117,.T.);
#873=EDGE_CURVE('',#681,#680,#118,.T.);
#874=EDGE_CURVE('',#681,#682,#119,.T.);
#875=EDGE_CURVE('',#683,#682,#120,.F.);
#876=EDGE_CURVE('',#684,#683,#121,.F.);
#877=EDGE_CURVE('',#679,#684,#122,.T.);
#878=EDGE_CURVE('',#685,#666,#123,.T.);
#879=EDGE_CURVE('',#680,#685,#124,.T.);
#880=EDGE_CURVE('',#686,#674,#125,.T.);
#881=EDGE_CURVE('',#685,#686,#126,.T.);
#882=EDGE_CURVE('',#687,#673,#127,.T.);
#883=EDGE_CURVE('',#686,#687,#128,.T.);
#884=EDGE_CURVE('',#688,#672,#129,.T.);
#885=EDGE_CURVE('',#687,#688,#318,.T.);
#886=EDGE_CURVE('',#688,#676,#319,.T.);
#887=EDGE_CURVE('',#615,#682,#130,.T.);
#888=EDGE_CURVE('',#683,#614,#131,.T.);
#889=EDGE_CURVE('',#684,#613,#132,.T.);
#890=EDGE_CURVE('',#616,#681,#133,.T.);
#891=EDGE_CURVE('',#633,#617,#134,.T.);
#892=ORIENTED_EDGE('',*,*,#689,.T.);
#893=ORIENTED_EDGE('',*,*,#690,.T.);
#894=ORIENTED_EDGE('',*,*,#689,.F.);
#895=ORIENTED_EDGE('',*,*,#691,.T.);
#896=ORIENTED_EDGE('',*,*,#690,.F.);
#897=ORIENTED_EDGE('',*,*,#692,.F.);
#898=ORIENTED_EDGE('',*,*,#693,.F.);
#899=ORIENTED_EDGE('',*,*,#694,.T.);
#900=ORIENTED_EDGE('',*,*,#691,.F.);
#901=ORIENTED_EDGE('',*,*,#694,.F.);
#902=ORIENTED_EDGE('',*,*,#695,.T.);
#903=ORIENTED_EDGE('',*,*,#696,.T.);
#904=ORIENTED_EDGE('',*,*,#697,.T.);
#905=ORIENTED_EDGE('',*,*,#698,.T.);
#906=ORIENTED_EDGE('',*,*,#699,.T.);
#907=ORIENTED_EDGE('',*,*,#700,.T.);
#908=ORIENTED_EDGE('',*,*,#701,.T.);
#909=ORIENTED_EDGE('',*,*,#702,.T.);
#910=ORIENTED_EDGE('',*,*,#703,.T.);
#911=ORIENTED_EDGE('',*,*,#704,.F.);
#912=ORIENTED_EDGE('',*,*,#705,.T.);
#913=ORIENTED_EDGE('',*,*,#706,.F.);
#914=ORIENTED_EDGE('',*,*,#700,.F.);
#915=ORIENTED_EDGE('',*,*,#707,.T.);
#916=ORIENTED_EDGE('',*,*,#708,.T.);
#917=ORIENTED_EDGE('',*,*,#709,.F.);
#918=ORIENTED_EDGE('',*,*,#710,.T.);
#919=ORIENTED_EDGE('',*,*,#711,.T.);
#920=ORIENTED_EDGE('',*,*,#712,.T.);
#921=ORIENTED_EDGE('',*,*,#703,.F.);
#922=ORIENTED_EDGE('',*,*,#713,.T.);
#923=ORIENTED_EDGE('',*,*,#714,.T.);
#924=ORIENTED_EDGE('',*,*,#709,.T.);
#925=ORIENTED_EDGE('',*,*,#715,.T.);
#926=ORIENTED_EDGE('',*,*,#716,.T.);
#927=ORIENTED_EDGE('',*,*,#717,.F.);
#928=ORIENTED_EDGE('',*,*,#697,.F.);
#929=ORIENTED_EDGE('',*,*,#718,.F.);
#930=ORIENTED_EDGE('',*,*,#707,.F.);
#931=ORIENTED_EDGE('',*,*,#702,.F.);
#932=ORIENTED_EDGE('',*,*,#699,.F.);
#933=ORIENTED_EDGE('',*,*,#719,.T.);
#934=ORIENTED_EDGE('',*,*,#720,.F.);
#935=ORIENTED_EDGE('',*,*,#721,.F.);
#936=ORIENTED_EDGE('',*,*,#695,.F.);
#937=ORIENTED_EDGE('',*,*,#701,.F.);
#938=ORIENTED_EDGE('',*,*,#706,.T.);
#939=ORIENTED_EDGE('',*,*,#722,.F.);
#940=ORIENTED_EDGE('',*,*,#723,.T.);
#941=ORIENTED_EDGE('',*,*,#724,.T.);
#942=ORIENTED_EDGE('',*,*,#725,.T.);
#943=ORIENTED_EDGE('',*,*,#705,.F.);
#944=ORIENTED_EDGE('',*,*,#726,.F.);
#945=ORIENTED_EDGE('',*,*,#727,.T.);
#946=ORIENTED_EDGE('',*,*,#722,.T.);
#947=ORIENTED_EDGE('',*,*,#728,.T.);
#948=ORIENTED_EDGE('',*,*,#729,.T.);
#949=ORIENTED_EDGE('',*,*,#730,.T.);
#950=ORIENTED_EDGE('',*,*,#731,.T.);
#951=ORIENTED_EDGE('',*,*,#732,.T.);
#952=ORIENTED_EDGE('',*,*,#733,.T.);
#953=ORIENTED_EDGE('',*,*,#734,.T.);
#954=ORIENTED_EDGE('',*,*,#728,.F.);
#955=ORIENTED_EDGE('',*,*,#735,.T.);
#956=ORIENTED_EDGE('',*,*,#736,.T.);
#957=ORIENTED_EDGE('',*,*,#737,.T.);
#958=ORIENTED_EDGE('',*,*,#731,.F.);
#959=ORIENTED_EDGE('',*,*,#738,.T.);
#960=ORIENTED_EDGE('',*,*,#736,.F.);
#961=ORIENTED_EDGE('',*,*,#739,.T.);
#962=ORIENTED_EDGE('',*,*,#733,.F.);
#963=ORIENTED_EDGE('',*,*,#740,.T.);
#964=ORIENTED_EDGE('',*,*,#741,.T.);
#965=ORIENTED_EDGE('',*,*,#692,.T.);
#966=ORIENTED_EDGE('',*,*,#742,.T.);
#967=ORIENTED_EDGE('',*,*,#740,.F.);
#968=ORIENTED_EDGE('',*,*,#735,.F.);
#969=ORIENTED_EDGE('',*,*,#732,.F.);
#970=ORIENTED_EDGE('',*,*,#737,.F.);
#971=ORIENTED_EDGE('',*,*,#741,.F.);
#972=ORIENTED_EDGE('',*,*,#742,.F.);
#973=ORIENTED_EDGE('',*,*,#743,.F.);
#974=ORIENTED_EDGE('',*,*,#744,.F.);
#975=ORIENTED_EDGE('',*,*,#745,.T.);
#976=ORIENTED_EDGE('',*,*,#746,.F.);
#977=ORIENTED_EDGE('',*,*,#747,.F.);
#978=ORIENTED_EDGE('',*,*,#745,.F.);
#979=ORIENTED_EDGE('',*,*,#748,.F.);
#980=ORIENTED_EDGE('',*,*,#749,.F.);
#981=ORIENTED_EDGE('',*,*,#750,.T.);
#982=ORIENTED_EDGE('',*,*,#751,.F.);
#983=ORIENTED_EDGE('',*,*,#752,.F.);
#984=ORIENTED_EDGE('',*,*,#750,.F.);
#985=ORIENTED_EDGE('',*,*,#753,.F.);
#986=ORIENTED_EDGE('',*,*,#754,.F.);
#987=ORIENTED_EDGE('',*,*,#755,.T.);
#988=ORIENTED_EDGE('',*,*,#756,.F.);
#989=ORIENTED_EDGE('',*,*,#757,.F.);
#990=ORIENTED_EDGE('',*,*,#755,.F.);
#991=ORIENTED_EDGE('',*,*,#758,.F.);
#992=ORIENTED_EDGE('',*,*,#759,.T.);
#993=ORIENTED_EDGE('',*,*,#760,.T.);
#994=ORIENTED_EDGE('',*,*,#761,.T.);
#995=ORIENTED_EDGE('',*,*,#762,.T.);
#996=ORIENTED_EDGE('',*,*,#763,.F.);
#997=ORIENTED_EDGE('',*,*,#762,.F.);
#998=ORIENTED_EDGE('',*,*,#764,.F.);
#999=ORIENTED_EDGE('',*,*,#765,.F.);
#1000=ORIENTED_EDGE('',*,*,#766,.F.);
#1001=ORIENTED_EDGE('',*,*,#767,.T.);
#1002=ORIENTED_EDGE('',*,*,#768,.F.);
#1003=ORIENTED_EDGE('',*,*,#769,.F.);
#1004=ORIENTED_EDGE('',*,*,#770,.F.);
#1005=ORIENTED_EDGE('',*,*,#771,.T.);
#1006=ORIENTED_EDGE('',*,*,#772,.T.);
#1007=ORIENTED_EDGE('',*,*,#773,.F.);
#1008=ORIENTED_EDGE('',*,*,#774,.T.);
#1009=ORIENTED_EDGE('',*,*,#775,.T.);
#1010=ORIENTED_EDGE('',*,*,#776,.T.);
#1011=ORIENTED_EDGE('',*,*,#773,.T.);
#1012=ORIENTED_EDGE('',*,*,#777,.T.);
#1013=ORIENTED_EDGE('',*,*,#778,.F.);
#1014=ORIENTED_EDGE('',*,*,#779,.F.);
#1015=ORIENTED_EDGE('',*,*,#780,.T.);
#1016=ORIENTED_EDGE('',*,*,#776,.F.);
#1017=ORIENTED_EDGE('',*,*,#781,.F.);
#1018=ORIENTED_EDGE('',*,*,#782,.T.);
#1019=ORIENTED_EDGE('',*,*,#783,.F.);
#1020=ORIENTED_EDGE('',*,*,#784,.F.);
#1021=ORIENTED_EDGE('',*,*,#785,.F.);
#1022=ORIENTED_EDGE('',*,*,#777,.F.);
#1023=ORIENTED_EDGE('',*,*,#786,.F.);
#1024=ORIENTED_EDGE('',*,*,#787,.T.);
#1025=ORIENTED_EDGE('',*,*,#788,.T.);
#1026=ORIENTED_EDGE('',*,*,#789,.T.);
#1027=ORIENTED_EDGE('',*,*,#789,.F.);
#1028=ORIENTED_EDGE('',*,*,#790,.F.);
#1029=ORIENTED_EDGE('',*,*,#791,.F.);
#1030=ORIENTED_EDGE('',*,*,#792,.T.);
#1031=ORIENTED_EDGE('',*,*,#713,.F.);
#1032=ORIENTED_EDGE('',*,*,#718,.T.);
#1033=ORIENTED_EDGE('',*,*,#696,.F.);
#1034=ORIENTED_EDGE('',*,*,#725,.F.);
#1035=ORIENTED_EDGE('',*,*,#793,.T.);
#1036=ORIENTED_EDGE('',*,*,#794,.T.);
#1037=ORIENTED_EDGE('',*,*,#710,.F.);
#1038=ORIENTED_EDGE('',*,*,#714,.F.);
#1039=ORIENTED_EDGE('',*,*,#712,.F.);
#1040=ORIENTED_EDGE('',*,*,#711,.F.);
#1041=ORIENTED_EDGE('',*,*,#794,.F.);
#1042=ORIENTED_EDGE('',*,*,#795,.T.);
#1043=ORIENTED_EDGE('',*,*,#796,.T.);
#1044=ORIENTED_EDGE('',*,*,#726,.T.);
#1045=ORIENTED_EDGE('',*,*,#704,.T.);
#1046=ORIENTED_EDGE('',*,*,#797,.T.);
#1047=ORIENTED_EDGE('',*,*,#798,.T.);
#1048=ORIENTED_EDGE('',*,*,#799,.F.);
#1049=ORIENTED_EDGE('',*,*,#760,.F.);
#1050=ORIENTED_EDGE('',*,*,#800,.T.);
#1051=ORIENTED_EDGE('',*,*,#730,.F.);
#1052=ORIENTED_EDGE('',*,*,#729,.F.);
#1053=ORIENTED_EDGE('',*,*,#801,.F.);
#1054=ORIENTED_EDGE('',*,*,#759,.F.);
#1055=ORIENTED_EDGE('',*,*,#802,.T.);
#1056=ORIENTED_EDGE('',*,*,#738,.F.);
#1057=ORIENTED_EDGE('',*,*,#800,.F.);
#1058=ORIENTED_EDGE('',*,*,#803,.T.);
#1059=ORIENTED_EDGE('',*,*,#804,.T.);
#1060=ORIENTED_EDGE('',*,*,#805,.T.);
#1061=ORIENTED_EDGE('',*,*,#739,.F.);
#1062=ORIENTED_EDGE('',*,*,#802,.F.);
#1063=ORIENTED_EDGE('',*,*,#758,.T.);
#1064=ORIENTED_EDGE('',*,*,#806,.T.);
#1065=ORIENTED_EDGE('',*,*,#807,.T.);
#1066=ORIENTED_EDGE('',*,*,#801,.T.);
#1067=ORIENTED_EDGE('',*,*,#734,.F.);
#1068=ORIENTED_EDGE('',*,*,#805,.F.);
#1069=ORIENTED_EDGE('',*,*,#716,.F.);
#1070=ORIENTED_EDGE('',*,*,#715,.F.);
#1071=ORIENTED_EDGE('',*,*,#708,.F.);
#1072=ORIENTED_EDGE('',*,*,#721,.T.);
#1073=ORIENTED_EDGE('',*,*,#808,.F.);
#1074=ORIENTED_EDGE('',*,*,#719,.F.);
#1075=ORIENTED_EDGE('',*,*,#698,.F.);
#1076=ORIENTED_EDGE('',*,*,#717,.T.);
#1077=ORIENTED_EDGE('',*,*,#693,.T.);
#1078=ORIENTED_EDGE('',*,*,#720,.T.);
#1079=ORIENTED_EDGE('',*,*,#808,.T.);
#1080=ORIENTED_EDGE('',*,*,#809,.F.);
#1081=ORIENTED_EDGE('',*,*,#810,.T.);
#1082=ORIENTED_EDGE('',*,*,#795,.F.);
#1083=ORIENTED_EDGE('',*,*,#811,.F.);
#1084=ORIENTED_EDGE('',*,*,#812,.F.);
#1085=ORIENTED_EDGE('',*,*,#811,.T.);
#1086=ORIENTED_EDGE('',*,*,#793,.F.);
#1087=ORIENTED_EDGE('',*,*,#813,.F.);
#1088=ORIENTED_EDGE('',*,*,#814,.F.);
#1089=ORIENTED_EDGE('',*,*,#813,.T.);
#1090=ORIENTED_EDGE('',*,*,#724,.F.);
#1091=ORIENTED_EDGE('',*,*,#815,.F.);
#1092=ORIENTED_EDGE('',*,*,#816,.F.);
#1093=ORIENTED_EDGE('',*,*,#815,.T.);
#1094=ORIENTED_EDGE('',*,*,#723,.F.);
#1095=ORIENTED_EDGE('',*,*,#817,.F.);
#1096=ORIENTED_EDGE('',*,*,#818,.F.);
#1097=ORIENTED_EDGE('',*,*,#817,.T.);
#1098=ORIENTED_EDGE('',*,*,#727,.F.);
#1099=ORIENTED_EDGE('',*,*,#819,.F.);
#1100=ORIENTED_EDGE('',*,*,#820,.F.);
#1101=ORIENTED_EDGE('',*,*,#819,.T.);
#1102=ORIENTED_EDGE('',*,*,#796,.F.);
#1103=ORIENTED_EDGE('',*,*,#810,.F.);
#1104=ORIENTED_EDGE('',*,*,#782,.F.);
#1105=ORIENTED_EDGE('',*,*,#764,.T.);
#1106=ORIENTED_EDGE('',*,*,#761,.F.);
#1107=ORIENTED_EDGE('',*,*,#799,.T.);
#1108=ORIENTED_EDGE('',*,*,#798,.F.);
#1109=ORIENTED_EDGE('',*,*,#821,.F.);
#1110=ORIENTED_EDGE('',*,*,#783,.T.);
#1111=ORIENTED_EDGE('',*,*,#821,.T.);
#1112=ORIENTED_EDGE('',*,*,#797,.F.);
#1113=ORIENTED_EDGE('',*,*,#822,.F.);
#1114=ORIENTED_EDGE('',*,*,#781,.T.);
#1115=ORIENTED_EDGE('',*,*,#775,.F.);
#1116=ORIENTED_EDGE('',*,*,#823,.T.);
#1117=ORIENTED_EDGE('',*,*,#824,.F.);
#1118=ORIENTED_EDGE('',*,*,#765,.T.);
#1119=ORIENTED_EDGE('',*,*,#774,.F.);
#1120=ORIENTED_EDGE('',*,*,#780,.F.);
#1121=ORIENTED_EDGE('',*,*,#825,.F.);
#1122=ORIENTED_EDGE('',*,*,#823,.F.);
#1123=ORIENTED_EDGE('',*,*,#785,.T.);
#1124=ORIENTED_EDGE('',*,*,#826,.F.);
#1125=ORIENTED_EDGE('',*,*,#827,.F.);
#1126=ORIENTED_EDGE('',*,*,#778,.T.);
#1127=ORIENTED_EDGE('',*,*,#784,.T.);
#1128=ORIENTED_EDGE('',*,*,#822,.T.);
#1129=ORIENTED_EDGE('',*,*,#807,.F.);
#1130=ORIENTED_EDGE('',*,*,#828,.T.);
#1131=ORIENTED_EDGE('',*,*,#829,.T.);
#1132=ORIENTED_EDGE('',*,*,#830,.F.);
#1133=ORIENTED_EDGE('',*,*,#831,.F.);
#1134=ORIENTED_EDGE('',*,*,#826,.T.);
#1135=ORIENTED_EDGE('',*,*,#746,.T.);
#1136=ORIENTED_EDGE('',*,*,#747,.T.);
#1137=ORIENTED_EDGE('',*,*,#751,.T.);
#1138=ORIENTED_EDGE('',*,*,#752,.T.);
#1139=ORIENTED_EDGE('',*,*,#756,.T.);
#1140=ORIENTED_EDGE('',*,*,#757,.T.);
#1141=ORIENTED_EDGE('',*,*,#832,.T.);
#1142=ORIENTED_EDGE('',*,*,#828,.F.);
#1143=ORIENTED_EDGE('',*,*,#804,.F.);
#1144=ORIENTED_EDGE('',*,*,#833,.F.);
#1145=ORIENTED_EDGE('',*,*,#834,.T.);
#1146=ORIENTED_EDGE('',*,*,#833,.T.);
#1147=ORIENTED_EDGE('',*,*,#803,.F.);
#1148=ORIENTED_EDGE('',*,*,#806,.F.);
#1149=ORIENTED_EDGE('',*,*,#763,.T.);
#1150=ORIENTED_EDGE('',*,*,#772,.F.);
#1151=ORIENTED_EDGE('',*,*,#787,.F.);
#1152=ORIENTED_EDGE('',*,*,#835,.F.);
#1153=ORIENTED_EDGE('',*,*,#836,.F.);
#1154=ORIENTED_EDGE('',*,*,#829,.F.);
#1155=ORIENTED_EDGE('',*,*,#832,.F.);
#1156=ORIENTED_EDGE('',*,*,#834,.F.);
#1157=ORIENTED_EDGE('',*,*,#837,.F.);
#1158=ORIENTED_EDGE('',*,*,#836,.T.);
#1159=ORIENTED_EDGE('',*,*,#838,.F.);
#1160=ORIENTED_EDGE('',*,*,#839,.F.);
#1161=ORIENTED_EDGE('',*,*,#830,.T.);
#1162=ORIENTED_EDGE('',*,*,#786,.T.);
#1163=ORIENTED_EDGE('',*,*,#792,.F.);
#1164=ORIENTED_EDGE('',*,*,#840,.F.);
#1165=ORIENTED_EDGE('',*,*,#838,.T.);
#1166=ORIENTED_EDGE('',*,*,#835,.T.);
#1167=ORIENTED_EDGE('',*,*,#841,.T.);
#1168=ORIENTED_EDGE('',*,*,#842,.T.);
#1169=ORIENTED_EDGE('',*,*,#843,.F.);
#1170=ORIENTED_EDGE('',*,*,#844,.F.);
#1171=ORIENTED_EDGE('',*,*,#845,.T.);
#1172=ORIENTED_EDGE('',*,*,#844,.T.);
#1173=ORIENTED_EDGE('',*,*,#846,.F.);
#1174=ORIENTED_EDGE('',*,*,#847,.F.);
#1175=ORIENTED_EDGE('',*,*,#848,.T.);
#1176=ORIENTED_EDGE('',*,*,#847,.T.);
#1177=ORIENTED_EDGE('',*,*,#849,.F.);
#1178=ORIENTED_EDGE('',*,*,#850,.F.);
#1179=ORIENTED_EDGE('',*,*,#851,.T.);
#1180=ORIENTED_EDGE('',*,*,#850,.T.);
#1181=ORIENTED_EDGE('',*,*,#852,.F.);
#1182=ORIENTED_EDGE('',*,*,#842,.F.);
#1183=ORIENTED_EDGE('',*,*,#853,.F.);
#1184=ORIENTED_EDGE('',*,*,#854,.F.);
#1185=ORIENTED_EDGE('',*,*,#855,.F.);
#1186=ORIENTED_EDGE('',*,*,#856,.F.);
#1187=ORIENTED_EDGE('',*,*,#857,.F.);
#1188=ORIENTED_EDGE('',*,*,#858,.F.);
#1189=ORIENTED_EDGE('',*,*,#859,.F.);
#1190=ORIENTED_EDGE('',*,*,#860,.F.);
#1191=ORIENTED_EDGE('',*,*,#861,.F.);
#1192=ORIENTED_EDGE('',*,*,#862,.F.);
#1193=ORIENTED_EDGE('',*,*,#851,.F.);
#1194=ORIENTED_EDGE('',*,*,#841,.F.);
#1195=ORIENTED_EDGE('',*,*,#845,.F.);
#1196=ORIENTED_EDGE('',*,*,#848,.F.);
#1197=ORIENTED_EDGE('',*,*,#858,.T.);
#1198=ORIENTED_EDGE('',*,*,#863,.F.);
#1199=ORIENTED_EDGE('',*,*,#864,.F.);
#1200=ORIENTED_EDGE('',*,*,#865,.T.);
#1201=ORIENTED_EDGE('',*,*,#857,.T.);
#1202=ORIENTED_EDGE('',*,*,#866,.F.);
#1203=ORIENTED_EDGE('',*,*,#867,.F.);
#1204=ORIENTED_EDGE('',*,*,#863,.T.);
#1205=ORIENTED_EDGE('',*,*,#856,.T.);
#1206=ORIENTED_EDGE('',*,*,#868,.F.);
#1207=ORIENTED_EDGE('',*,*,#869,.F.);
#1208=ORIENTED_EDGE('',*,*,#866,.T.);
#1209=ORIENTED_EDGE('',*,*,#855,.T.);
#1210=ORIENTED_EDGE('',*,*,#870,.F.);
#1211=ORIENTED_EDGE('',*,*,#871,.F.);
#1212=ORIENTED_EDGE('',*,*,#868,.T.);
#1213=ORIENTED_EDGE('',*,*,#854,.T.);
#1214=ORIENTED_EDGE('',*,*,#872,.F.);
#1215=ORIENTED_EDGE('',*,*,#873,.F.);
#1216=ORIENTED_EDGE('',*,*,#874,.T.);
#1217=ORIENTED_EDGE('',*,*,#875,.F.);
#1218=ORIENTED_EDGE('',*,*,#876,.F.);
#1219=ORIENTED_EDGE('',*,*,#877,.F.);
#1220=ORIENTED_EDGE('',*,*,#870,.T.);
#1221=ORIENTED_EDGE('',*,*,#853,.T.);
#1222=ORIENTED_EDGE('',*,*,#878,.F.);
#1223=ORIENTED_EDGE('',*,*,#879,.F.);
#1224=ORIENTED_EDGE('',*,*,#872,.T.);
#1225=ORIENTED_EDGE('',*,*,#862,.T.);
#1226=ORIENTED_EDGE('',*,*,#880,.F.);
#1227=ORIENTED_EDGE('',*,*,#881,.F.);
#1228=ORIENTED_EDGE('',*,*,#878,.T.);
#1229=ORIENTED_EDGE('',*,*,#861,.T.);
#1230=ORIENTED_EDGE('',*,*,#882,.F.);
#1231=ORIENTED_EDGE('',*,*,#883,.F.);
#1232=ORIENTED_EDGE('',*,*,#880,.T.);
#1233=ORIENTED_EDGE('',*,*,#860,.T.);
#1234=ORIENTED_EDGE('',*,*,#884,.F.);
#1235=ORIENTED_EDGE('',*,*,#885,.F.);
#1236=ORIENTED_EDGE('',*,*,#882,.T.);
#1237=ORIENTED_EDGE('',*,*,#859,.T.);
#1238=ORIENTED_EDGE('',*,*,#865,.F.);
#1239=ORIENTED_EDGE('',*,*,#886,.F.);
#1240=ORIENTED_EDGE('',*,*,#884,.T.);
#1241=ORIENTED_EDGE('',*,*,#743,.T.);
#1242=ORIENTED_EDGE('',*,*,#744,.T.);
#1243=ORIENTED_EDGE('',*,*,#748,.T.);
#1244=ORIENTED_EDGE('',*,*,#749,.T.);
#1245=ORIENTED_EDGE('',*,*,#753,.T.);
#1246=ORIENTED_EDGE('',*,*,#754,.T.);
#1247=ORIENTED_EDGE('',*,*,#887,.F.);
#1248=ORIENTED_EDGE('',*,*,#768,.T.);
#1249=ORIENTED_EDGE('',*,*,#888,.F.);
#1250=ORIENTED_EDGE('',*,*,#875,.T.);
#1251=ORIENTED_EDGE('',*,*,#809,.T.);
#1252=ORIENTED_EDGE('',*,*,#812,.T.);
#1253=ORIENTED_EDGE('',*,*,#814,.T.);
#1254=ORIENTED_EDGE('',*,*,#816,.T.);
#1255=ORIENTED_EDGE('',*,*,#818,.T.);
#1256=ORIENTED_EDGE('',*,*,#820,.T.);
#1257=ORIENTED_EDGE('',*,*,#852,.T.);
#1258=ORIENTED_EDGE('',*,*,#849,.T.);
#1259=ORIENTED_EDGE('',*,*,#846,.T.);
#1260=ORIENTED_EDGE('',*,*,#843,.T.);
#1261=ORIENTED_EDGE('',*,*,#888,.T.);
#1262=ORIENTED_EDGE('',*,*,#767,.F.);
#1263=ORIENTED_EDGE('',*,*,#889,.F.);
#1264=ORIENTED_EDGE('',*,*,#876,.T.);
#1265=ORIENTED_EDGE('',*,*,#887,.T.);
#1266=ORIENTED_EDGE('',*,*,#874,.F.);
#1267=ORIENTED_EDGE('',*,*,#890,.F.);
#1268=ORIENTED_EDGE('',*,*,#769,.T.);
#1269=ORIENTED_EDGE('',*,*,#837,.T.);
#1270=ORIENTED_EDGE('',*,*,#771,.F.);
#1271=ORIENTED_EDGE('',*,*,#891,.F.);
#1272=ORIENTED_EDGE('',*,*,#790,.T.);
#1273=ORIENTED_EDGE('',*,*,#788,.F.);
#1274=ORIENTED_EDGE('',*,*,#824,.T.);
#1275=ORIENTED_EDGE('',*,*,#825,.T.);
#1276=ORIENTED_EDGE('',*,*,#779,.T.);
#1277=ORIENTED_EDGE('',*,*,#827,.T.);
#1278=ORIENTED_EDGE('',*,*,#831,.T.);
#1279=ORIENTED_EDGE('',*,*,#839,.T.);
#1280=ORIENTED_EDGE('',*,*,#840,.T.);
#1281=ORIENTED_EDGE('',*,*,#791,.T.);
#1282=ORIENTED_EDGE('',*,*,#891,.T.);
#1283=ORIENTED_EDGE('',*,*,#770,.T.);
#1284=ORIENTED_EDGE('',*,*,#890,.T.);
#1285=ORIENTED_EDGE('',*,*,#873,.T.);
#1286=ORIENTED_EDGE('',*,*,#879,.T.);
#1287=ORIENTED_EDGE('',*,*,#881,.T.);
#1288=ORIENTED_EDGE('',*,*,#883,.T.);
#1289=ORIENTED_EDGE('',*,*,#885,.T.);
#1290=ORIENTED_EDGE('',*,*,#886,.T.);
#1291=ORIENTED_EDGE('',*,*,#864,.T.);
#1292=ORIENTED_EDGE('',*,*,#867,.T.);
#1293=ORIENTED_EDGE('',*,*,#869,.T.);
#1294=ORIENTED_EDGE('',*,*,#871,.T.);
#1295=ORIENTED_EDGE('',*,*,#877,.T.);
#1296=ORIENTED_EDGE('',*,*,#889,.T.);
#1297=ORIENTED_EDGE('',*,*,#766,.T.);
#1298=B_SPLINE_SURFACE_WITH_KNOTS('',3,3,((#1822,#1823,#1824,#1825,#1826,
#1827,#1828,#1829,#1830,#1831,#1832,#1833,#1834,#1835,#1836,#1837,#1838,
#1839,#1840,#1841,#1842,#1843),(#1844,#1845,#1846,#1847,#1848,#1849,#1850,
#1851,#1852,#1853,#1854,#1855,#1856,#1857,#1858,#1859,#1860,#1861,#1862,
#1863,#1864,#1865),(#1866,#1867,#1868,#1869,#1870,#1871,#1872,#1873,#1874,
#1875,#1876,#1877,#1878,#1879,#1880,#1881,#1882,#1883,#1884,#1885,#1886,
#1887),(#1888,#1889,#1890,#1891,#1892,#1893,#1894,#1895,#1896,#1897,#1898,
#1899,#1900,#1901,#1902,#1903,#1904,#1905,#1906,#1907,#1908,#1909),(#1910,
#1911,#1912,#1913,#1914,#1915,#1916,#1917,#1918,#1919,#1920,#1921,#1922,
#1923,#1924,#1925,#1926,#1927,#1928,#1929,#1930,#1931),(#1932,#1933,#1934,
#1935,#1936,#1937,#1938,#1939,#1940,#1941,#1942,#1943,#1944,#1945,#1946,
#1947,#1948,#1949,#1950,#1951,#1952,#1953)),.UNSPECIFIED.,.F.,.T.,.F.,(4,
1,1,4),(4,1,1,1,1,1,1,1,1,1,1,1,1,1,1,1,1,1,1,4),(0.,0.285714285714286,
0.571428571428571,1.),(0.,2.28892756142999,4.57785512285999,6.10380683047998,
7.62975853809998,9.15571024571998,10.68166195334,12.20761366096,13.73356536858,
15.2595170762,16.78546878382,18.31142049144,19.8373721990599,21.3633239066799,
22.8892756142999,24.4152273219199,25.9411790295399,27.4671307371599,29.7560582985899,
32.0449858600199),.UNSPECIFIED.);
#1299=B_SPLINE_SURFACE_WITH_KNOTS('',3,3,((#2013,#2014,#2015,#2016,#2017,
#2018,#2019,#2020,#2021,#2022,#2023,#2024,#2025,#2026),(#2027,#2028,#2029,
#2030,#2031,#2032,#2033,#2034,#2035,#2036,#2037,#2038,#2039,#2040),(#2041,
#2042,#2043,#2044,#2045,#2046,#2047,#2048,#2049,#2050,#2051,#2052,#2053,
#2054),(#2055,#2056,#2057,#2058,#2059,#2060,#2061,#2062,#2063,#2064,#2065,
#2066,#2067,#2068)),.UNSPECIFIED.,.F.,.F.,.F.,(4,4),(4,1,1,2,1,1,1,1,1,
1,4),(0.,1.),(0.000700187967539456,1.20030636136557,1.80010944806459,2.99971562146262,
4.25530103831348,4.88309374673891,5.51088645516434,6.7664718720152,8.02205728886606,
8.64984999729149,9.27764270571692),.UNSPECIFIED.);
#1300=B_SPLINE_SURFACE_WITH_KNOTS('',3,3,((#2157,#2158,#2159,#2160,#2161,
#2162,#2163),(#2164,#2165,#2166,#2167,#2168,#2169,#2170),(#2171,#2172,#2173,
#2174,#2175,#2176,#2177),(#2178,#2179,#2180,#2181,#2182,#2183,#2184),(#2185,
#2186,#2187,#2188,#2189,#2190,#2191)),.UNSPECIFIED.,.F.,.F.,.F.,(4,1,4),
(4,1,1,1,4),(0.,0.571428571428571,1.),(-7.28904638872845E-16,1.05217893877356,
3.15653681632068,5.26089469386779,7.36525257141491),.UNSPECIFIED.);
#1301=B_SPLINE_SURFACE_WITH_KNOTS('',3,3,((#2252,#2253,#2254,#2255,#2256,
#2257,#2258,#2259,#2260,#2261,#2262,#2263,#2264,#2265),(#2266,#2267,#2268,
#2269,#2270,#2271,#2272,#2273,#2274,#2275,#2276,#2277,#2278,#2279),(#2280,
#2281,#2282,#2283,#2284,#2285,#2286,#2287,#2288,#2289,#2290,#2291,#2292,
#2293),(#2294,#2295,#2296,#2297,#2298,#2299,#2300,#2301,#2302,#2303,#2304,
#2305,#2306,#2307)),.UNSPECIFIED.,.F.,.F.,.F.,(4,4),(4,1,1,1,1,1,1,2,1,
1,4),(0.,1.),(-0.00457735740762046,0.584773176074457,1.17412370955654,2.35282477652069,
2.94217531000277,3.53152584348485,4.710226910449,5.88892797741316,7.01581093063644,
8.14269388385972,8.70613536047136),.UNSPECIFIED.);
#1302=B_SPLINE_SURFACE_WITH_KNOTS('',3,3,((#2360,#2361,#2362,#2363,#2364),
(#2365,#2366,#2367,#2368,#2369),(#2370,#2371,#2372,#2373,#2374),(#2375,
#2376,#2377,#2378,#2379)),.UNSPECIFIED.,.F.,.F.,.F.,(4,4),(4,1,4),(0.,1.),
(-0.000190759560924514,0.608477898354845,1.21714655627061),
 .UNSPECIFIED.);
#1303=B_SPLINE_SURFACE_WITH_KNOTS('',3,3,((#2416,#2417,#2418,#2419),(#2420,
#2421,#2422,#2423),(#2424,#2425,#2426,#2427),(#2428,#2429,#2430,#2431),
(#2432,#2433,#2434,#2435),(#2436,#2437,#2438,#2439),(#2440,#2441,#2442,
#2443),(#2444,#2445,#2446,#2447),(#2448,#2449,#2450,#2451),(#2452,#2453,
#2454,#2455),(#2456,#2457,#2458,#2459)),.UNSPECIFIED.,.F.,.F.,.F.,(4,1,
2,1,1,1,1,4),(4,4),(0.,0.128150691285155,0.320376728212887,0.45630138257031,
0.592226036927732,0.728150691285155,0.864075345642578,1.),(0.,0.989557290184277),
 .UNSPECIFIED.);
#1304=B_SPLINE_SURFACE_WITH_KNOTS('',3,3,((#2467,#2468,#2469,#2470),(#2471,
#2472,#2473,#2474),(#2475,#2476,#2477,#2478),(#2479,#2480,#2481,#2482),
(#2483,#2484,#2485,#2486),(#2487,#2488,#2489,#2490),(#2491,#2492,#2493,
#2494)),.UNSPECIFIED.,.F.,.F.,.F.,(4,1,1,1,4),(4,4),(0.,0.285714285714286,
0.571428571428571,0.857142857142857,1.),(0.,0.947139569625826),
 .UNSPECIFIED.);
#1305=B_SPLINE_SURFACE_WITH_KNOTS('',3,3,((#2762,#2763,#2764,#2765,#2766,
#2767,#2768),(#2769,#2770,#2771,#2772,#2773,#2774,#2775),(#2776,#2777,#2778,
#2779,#2780,#2781,#2782),(#2783,#2784,#2785,#2786,#2787,#2788,#2789),(#2790,
#2791,#2792,#2793,#2794,#2795,#2796)),.UNSPECIFIED.,.F.,.F.,.F.,(4,1,4),
(4,1,1,1,4),(0.,0.571428571428571,1.),(-9.69527823025857E-16,0.746240512618034,
2.2387215378541,3.73120256309018,5.22368358832624),.UNSPECIFIED.);
#1306=B_SPLINE_SURFACE_WITH_KNOTS('',3,3,((#2946,#2947,#2948,#2949),(#2950,
#2951,#2952,#2953),(#2954,#2955,#2956,#2957),(#2958,#2959,#2960,#2961),
(#2962,#2963,#2964,#2965),(#2966,#2967,#2968,#2969)),.UNSPECIFIED.,.F.,
 .F.,.F.,(4,1,1,4),(4,4),(-0.000155972220513902,0.428548951824043,0.714352234520414,
1.00015551721678),(0.,0.996763145882625),.UNSPECIFIED.);
#1307=B_SPLINE_SURFACE_WITH_KNOTS('',3,3,((#2973,#2974,#2975,#2976),(#2977,
#2978,#2979,#2980),(#2981,#2982,#2983,#2984),(#2985,#2986,#2987,#2988),
(#2989,#2990,#2991,#2992),(#2993,#2994,#2995,#2996),(#2997,#2998,#2999,
#3000),(#3001,#3002,#3003,#3004),(#3005,#3006,#3007,#3008)),
 .UNSPECIFIED.,.F.,.F.,.F.,(4,1,1,2,1,4),(4,4),(0.,0.135924654357422,0.407773963072267,
0.679623271787112,0.871849308714845,1.),(0.,0.989560907959435),
 .UNSPECIFIED.);
#1308=B_SPLINE_SURFACE_WITH_KNOTS('',3,3,((#3012,#3013,#3014,#3015),(#3016,
#3017,#3018,#3019),(#3020,#3021,#3022,#3023),(#3024,#3025,#3026,#3027),
(#3028,#3029,#3030,#3031),(#3032,#3033,#3034,#3035),(#3036,#3037,#3038,
#3039),(#3040,#3041,#3042,#3043),(#3044,#3045,#3046,#3047)),
 .UNSPECIFIED.,.F.,.F.,.F.,(4,1,1,2,1,4),(4,4),(0.,0.135073289187585,0.405219867562755,
0.675366445937924,0.876092750255802,1.00991028646772),(-9.93668986719632E-18,
1.),.UNSPECIFIED.);
#1309=B_SPLINE_SURFACE_WITH_KNOTS('',3,3,((#3059,#3060,#3061,#3062),(#3063,
#3064,#3065,#3066),(#3067,#3068,#3069,#3070),(#3071,#3072,#3073,#3074),
(#3075,#3076,#3077,#3078),(#3079,#3080,#3081,#3082),(#3083,#3084,#3085,
#3086)),.UNSPECIFIED.,.F.,.F.,.F.,(4,1,1,1,4),(4,4),(0.,0.285714285714286,
0.571428571428571,0.857142857142857,1.),(0.0705499107573599,1.),
 .UNSPECIFIED.);
#1310=B_SPLINE_SURFACE_WITH_KNOTS('',3,3,((#3088,#3089,#3090,#3091),(#3092,
#3093,#3094,#3095),(#3096,#3097,#3098,#3099),(#3100,#3101,#3102,#3103),
(#3104,#3105,#3106,#3107),(#3108,#3109,#3110,#3111),(#3112,#3113,#3114,
#3115),(#3116,#3117,#3118,#3119),(#3120,#3121,#3122,#3123),(#3124,#3125,
#3126,#3127)),.UNSPECIFIED.,.F.,.F.,.F.,(4,1,2,1,1,1,4),(4,4),(-0.00991028646757026,
0.190816017850218,0.324633554062077,0.594780132437246,0.729853421624831,
0.864926710812415,1.),(-7.52908664699319E-18,1.),.UNSPECIFIED.);
#1311=B_SPLINE_SURFACE_WITH_KNOTS('',3,3,((#3138,#3139,#3140,#3141),(#3142,
#3143,#3144,#3145),(#3146,#3147,#3148,#3149),(#3150,#3151,#3152,#3153),
(#3154,#3155,#3156,#3157),(#3158,#3159,#3160,#3161)),.UNSPECIFIED.,.F.,
 .F.,.F.,(4,1,1,4),(4,4),(0.,0.285714285714286,0.571428571428571,1.),(0.,
1.),.UNSPECIFIED.);
#1312=ADVANCED_FACE('',(#354),#1298,.T.);
#1313=ADVANCED_FACE('',(#355,#266),#320,.F.);
#1314=ADVANCED_FACE('',(#356),#247,.T.);
#1315=ADVANCED_FACE('',(#357),#1299,.T.);
#1316=ADVANCED_FACE('',(#358),#1300,.T.);
#1317=ADVANCED_FACE('',(#359),#1301,.T.);
#1318=ADVANCED_FACE('',(#360),#1302,.T.);
#1319=ADVANCED_FACE('',(#361),#248,.F.);
#1320=ADVANCED_FACE('',(#362),#1303,.T.);
#1321=ADVANCED_FACE('',(#363),#1304,.T.);
#1322=ADVANCED_FACE('',(#364),#19,.T.);
#1323=ADVANCED_FACE('',(#365),#20,.T.);
#1324=ADVANCED_FACE('',(#366),#21,.T.);
#1325=ADVANCED_FACE('',(#367),#22,.T.);
#1326=ADVANCED_FACE('',(#368),#249,.T.);
#1327=ADVANCED_FACE('',(#369),#250,.F.);
#1328=ADVANCED_FACE('',(#370),#251,.F.);
#1329=ADVANCED_FACE('',(#371),#252,.F.);
#1330=ADVANCED_FACE('',(#372),#1305,.T.);
#1331=ADVANCED_FACE('',(#373),#321,.T.);
#1332=ADVANCED_FACE('',(#374),#322,.T.);
#1333=ADVANCED_FACE('',(#375),#323,.T.);
#1334=ADVANCED_FACE('',(#376),#324,.F.);
#1335=ADVANCED_FACE('',(#377),#325,.T.);
#1336=ADVANCED_FACE('',(#378),#326,.T.);
#1337=ADVANCED_FACE('',(#379),#1306,.T.);
#1338=ADVANCED_FACE('',(#380),#1307,.T.);
#1339=ADVANCED_FACE('',(#381),#1308,.T.);
#1340=ADVANCED_FACE('',(#382),#1309,.T.);
#1341=ADVANCED_FACE('',(#383),#1310,.T.);
#1342=ADVANCED_FACE('',(#384),#1311,.T.);
#1343=ADVANCED_FACE('',(#385),#253,.F.);
#1344=ADVANCED_FACE('',(#386,#267),#327,.T.);
#1345=ADVANCED_FACE('',(#387),#254,.F.);
#1346=ADVANCED_FACE('',(#388),#255,.F.);
#1347=ADVANCED_FACE('',(#389),#256,.F.);
#1348=ADVANCED_FACE('',(#390),#328,.T.);
#1349=ADVANCED_FACE('',(#391),#329,.T.);
#1350=ADVANCED_FACE('',(#392),#330,.T.);
#1351=ADVANCED_FACE('',(#393),#331,.T.);
#1352=ADVANCED_FACE('',(#394),#257,.T.);
#1353=ADVANCED_FACE('',(#395),#332,.T.);
#1354=ADVANCED_FACE('',(#396),#333,.T.);
#1355=ADVANCED_FACE('',(#397),#258,.T.);
#1356=ADVANCED_FACE('',(#398,#268,#269,#270),#259,.T.);
#1357=ADVANCED_FACE('',(#399),#260,.T.);
#1358=ADVANCED_FACE('',(#400),#334,.T.);
#1359=ADVANCED_FACE('',(#401),#335,.F.);
#1360=ADVANCED_FACE('',(#402),#261,.T.);
#1361=ADVANCED_FACE('',(#403),#336,.T.);
#1362=ADVANCED_FACE('',(#404),#262,.F.);
#1363=ADVANCED_FACE('',(#405),#337,.T.);
#1364=ADVANCED_FACE('',(#406),#338,.T.);
#1365=ADVANCED_FACE('',(#407),#339,.T.);
#1366=ADVANCED_FACE('',(#408,#271),#340,.F.);
#1367=ADVANCED_FACE('',(#409),#263,.F.);
#1368=ADVANCED_FACE('',(#410),#341,.T.);
#1369=ADVANCED_FACE('',(#411),#342,.T.);
#1370=ADVANCED_FACE('',(#412),#343,.T.);
#1371=ADVANCED_FACE('',(#413),#344,.T.);
#1372=ADVANCED_FACE('',(#414),#345,.T.);
#1373=ADVANCED_FACE('',(#415),#346,.T.);
#1374=ADVANCED_FACE('',(#416),#347,.T.);
#1375=ADVANCED_FACE('',(#417),#264,.F.);
#1376=ADVANCED_FACE('',(#418,#272,#273,#274),#265,.F.);
#1377=ADVANCED_FACE('',(#419),#348,.T.);
#1378=ADVANCED_FACE('',(#420,#275),#349,.T.);
#1379=ADVANCED_FACE('',(#421),#350,.T.);
#1380=ADVANCED_FACE('',(#422),#351,.T.);
#1381=ADVANCED_FACE('',(#423),#352,.T.);
#1382=ADVANCED_FACE('',(#424),#353,.F.);
#1383=CLOSED_SHELL('',(#1312,#1313,#1314,#1315,#1316,#1317,#1318,#1319,
#1320,#1321,#1322,#1323,#1324,#1325,#1326,#1327,#1328,#1329,#1330,#1331,
#1332,#1333,#1334,#1335,#1336,#1337,#1338,#1339,#1340,#1341,#1342,#1343,
#1344,#1345,#1346,#1347,#1348,#1349,#1350,#1351,#1352,#1353,#1354,#1355,
#1356,#1357,#1358,#1359,#1360,#1361,#1362,#1363,#1364,#1365,#1366,#1367,
#1368,#1369,#1370,#1371,#1372,#1373,#1374,#1375,#1376,#1377,#1378,#1379,
#1380,#1381,#1382));
#1384=DERIVED_UNIT_ELEMENT(#1386,1.);
#1385=DERIVED_UNIT_ELEMENT(#3341,-3.);
#1386=(
MASS_UNIT()
NAMED_UNIT(*)
SI_UNIT(.KILO.,.GRAM.)
);
#1387=DERIVED_UNIT((#1384,#1385));
#1388=MEASURE_REPRESENTATION_ITEM('density measure',
POSITIVE_RATIO_MEASURE(1060.),#1387);
#1389=PROPERTY_DEFINITION_REPRESENTATION(#1394,#1391);
#1390=PROPERTY_DEFINITION_REPRESENTATION(#1395,#1392);
#1391=REPRESENTATION('material name',(#1393),#3338);
#1392=REPRESENTATION('density',(#1388),#3338);
#1393=DESCRIPTIVE_REPRESENTATION_ITEM('ABS-Kunststoff','ABS-Kunststoff');
#1394=PROPERTY_DEFINITION('material property','material name',#3353);
#1395=PROPERTY_DEFINITION('material property','density of part',#3353);
#1396=AXIS2_PLACEMENT_3D('',#1820,#1500,#1501);
#1397=AXIS2_PLACEMENT_3D('',#1821,#1502,#1503);
#1398=AXIS2_PLACEMENT_3D('',#2006,#1504,#1505);
#1399=AXIS2_PLACEMENT_3D('',#2008,#1506,#1507);
#1400=AXIS2_PLACEMENT_3D('',#2009,#1508,#1509);
#1401=AXIS2_PLACEMENT_3D('',#2011,#1510,#1511);
#1402=AXIS2_PLACEMENT_3D('',#2410,#1513,#1514);
#1403=AXIS2_PLACEMENT_3D('',#2414,#1516,#1517);
#1404=AXIS2_PLACEMENT_3D('',#2465,#1521,#1522);
#1405=AXIS2_PLACEMENT_3D('',#2498,#1526,#1527);
#1406=AXIS2_PLACEMENT_3D('',#2501,#1528,#1529);
#1407=AXIS2_PLACEMENT_3D('',#2503,#1530,#1531);
#1408=AXIS2_PLACEMENT_3D('',#2505,#1532,#1533);
#1409=AXIS2_PLACEMENT_3D('',#2507,#1534,#1535);
#1410=AXIS2_PLACEMENT_3D('',#2508,#1536,#1537);
#1411=AXIS2_PLACEMENT_3D('',#2509,#1538,#1539);
#1412=AXIS2_PLACEMENT_3D('',#2512,#1540,#1541);
#1413=AXIS2_PLACEMENT_3D('',#2513,#1542,#1543);
#1414=AXIS2_PLACEMENT_3D('',#2514,#1544,#1545);
#1415=AXIS2_PLACEMENT_3D('',#2515,#1546,#1547);
#1416=AXIS2_PLACEMENT_3D('',#2518,#1548,#1549);
#1417=AXIS2_PLACEMENT_3D('',#2519,#1550,#1551);
#1418=AXIS2_PLACEMENT_3D('',#2520,#1552,#1553);
#1419=AXIS2_PLACEMENT_3D('',#2521,#1554,#1555);
#1420=AXIS2_PLACEMENT_3D('',#2522,#1556,#1557);
#1421=AXIS2_PLACEMENT_3D('',#2524,#1558,#1559);
#1422=AXIS2_PLACEMENT_3D('',#2525,#1560,#1561);
#1423=AXIS2_PLACEMENT_3D('',#2526,#1562,#1563);
#1424=AXIS2_PLACEMENT_3D('',#2528,#1565,#1566);
#1425=AXIS2_PLACEMENT_3D('',#2606,#1568,#1569);
#1426=AXIS2_PLACEMENT_3D('',#2684,#1571,#1572);
#1427=AXIS2_PLACEMENT_3D('',#2887,#1574,#1575);
#1428=AXIS2_PLACEMENT_3D('',#2905,#1585,#1586);
#1429=AXIS2_PLACEMENT_3D('',#2914,#1591,#1592);
#1430=AXIS2_PLACEMENT_3D('',#2922,#1597,#1598);
#1431=AXIS2_PLACEMENT_3D('',#2927,#1601,#1602);
#1432=AXIS2_PLACEMENT_3D('',#2929,#1603,#1604);
#1433=AXIS2_PLACEMENT_3D('',#2930,#1605,#1606);
#1434=AXIS2_PLACEMENT_3D('',#2931,#1607,#1608);
#1435=AXIS2_PLACEMENT_3D('',#2940,#1613,#1614);
#1436=AXIS2_PLACEMENT_3D('',#2971,#1618,#1619);
#1437=AXIS2_PLACEMENT_3D('',#3010,#1621,#1622);
#1438=AXIS2_PLACEMENT_3D('',#3050,#1624,#1625);
#1439=AXIS2_PLACEMENT_3D('',#3132,#1631,#1632);
#1440=AXIS2_PLACEMENT_3D('',#3162,#1634,#1635);
#1441=AXIS2_PLACEMENT_3D('',#3163,#1636,#1637);
#1442=AXIS2_PLACEMENT_3D('',#3164,#1638,#1639);
#1443=AXIS2_PLACEMENT_3D('',#3165,#1640,#1641);
#1444=AXIS2_PLACEMENT_3D('',#3166,#1642,#1643);
#1445=AXIS2_PLACEMENT_3D('',#3169,#1644,#1645);
#1446=AXIS2_PLACEMENT_3D('',#3172,#1648,#1649);
#1447=AXIS2_PLACEMENT_3D('',#3174,#1650,#1651);
#1448=AXIS2_PLACEMENT_3D('',#3176,#1653,#1654);
#1449=AXIS2_PLACEMENT_3D('',#3178,#1655,#1656);
#1450=AXIS2_PLACEMENT_3D('',#3180,#1658,#1659);
#1451=AXIS2_PLACEMENT_3D('',#3184,#1662,#1663);
#1452=AXIS2_PLACEMENT_3D('',#3188,#1666,#1667);
#1453=AXIS2_PLACEMENT_3D('',#3190,#1669,#1670);
#1454=AXIS2_PLACEMENT_3D('',#3192,#1672,#1673);
#1455=AXIS2_PLACEMENT_3D('',#3194,#1675,#1676);
#1456=AXIS2_PLACEMENT_3D('',#3198,#1679,#1680);
#1457=AXIS2_PLACEMENT_3D('',#3200,#1682,#1683);
#1458=AXIS2_PLACEMENT_3D('',#3203,#1685,#1686);
#1459=AXIS2_PLACEMENT_3D('',#3204,#1687,#1688);
#1460=AXIS2_PLACEMENT_3D('',#3208,#1690,#1691);
#1461=AXIS2_PLACEMENT_3D('',#3211,#1693,#1694);
#1462=AXIS2_PLACEMENT_3D('',#3212,#1695,#1696);
#1463=AXIS2_PLACEMENT_3D('',#3214,#1697,#1698);
#1464=AXIS2_PLACEMENT_3D('',#3216,#1700,#1701);
#1465=AXIS2_PLACEMENT_3D('',#3218,#1703,#1704);
#1466=AXIS2_PLACEMENT_3D('',#3221,#1706,#1707);
#1467=AXIS2_PLACEMENT_3D('',#3223,#1709,#1710);
#1468=AXIS2_PLACEMENT_3D('',#3226,#1712,#1713);
#1469=AXIS2_PLACEMENT_3D('',#3227,#1714,#1715);
#1470=AXIS2_PLACEMENT_3D('',#3229,#1717,#1718);
#1471=AXIS2_PLACEMENT_3D('',#3232,#1719,#1720);
#1472=AXIS2_PLACEMENT_3D('',#3236,#1722,#1723);
#1473=AXIS2_PLACEMENT_3D('',#3238,#1725,#1726);
#1474=AXIS2_PLACEMENT_3D('',#3244,#1730,#1731);
#1475=AXIS2_PLACEMENT_3D('',#3250,#1735,#1736);
#1476=AXIS2_PLACEMENT_3D('',#3253,#1739,#1740);
#1477=AXIS2_PLACEMENT_3D('',#3266,#1746,#1747);
#1478=AXIS2_PLACEMENT_3D('',#3268,#1748,#1749);
#1479=AXIS2_PLACEMENT_3D('',#3270,#1750,#1751);
#1480=AXIS2_PLACEMENT_3D('',#3274,#1754,#1755);
#1481=AXIS2_PLACEMENT_3D('',#3278,#1757,#1758);
#1482=AXIS2_PLACEMENT_3D('',#3280,#1760,#1761);
#1483=AXIS2_PLACEMENT_3D('',#3284,#1764,#1765);
#1484=AXIS2_PLACEMENT_3D('',#3288,#1768,#1769);
#1485=AXIS2_PLACEMENT_3D('',#3292,#1772,#1773);
#1486=AXIS2_PLACEMENT_3D('',#3304,#1780,#1781);
#1487=AXIS2_PLACEMENT_3D('',#3308,#1784,#1785);
#1488=AXIS2_PLACEMENT_3D('',#3312,#1788,#1789);
#1489=AXIS2_PLACEMENT_3D('',#3316,#1792,#1793);
#1490=AXIS2_PLACEMENT_3D('',#3319,#1795,#1796);
#1491=AXIS2_PLACEMENT_3D('',#3320,#1797,#1798);
#1492=AXIS2_PLACEMENT_3D('',#3321,#1799,#1800);
#1493=AXIS2_PLACEMENT_3D('',#3322,#1801,#1802);
#1494=AXIS2_PLACEMENT_3D('',#3325,#1805,#1806);
#1495=AXIS2_PLACEMENT_3D('',#3326,#1807,#1808);
#1496=AXIS2_PLACEMENT_3D('',#3328,#1810,#1811);
#1497=AXIS2_PLACEMENT_3D('',#3330,#1813,#1814);
#1498=AXIS2_PLACEMENT_3D('',#3332,#1816,#1817);
#1499=AXIS2_PLACEMENT_3D('',#3333,#1818,#1819);
#1500=DIRECTION('axis',(0.,0.,1.));
#1501=DIRECTION('refdir',(1.,0.,0.));
#1502=DIRECTION('axis',(0.,0.,1.));
#1503=DIRECTION('refdir',(1.,0.,0.));
#1504=DIRECTION('center_axis',(0.,1.,0.));
#1505=DIRECTION('ref_axis',(1.,0.,0.));
#1506=DIRECTION('center_axis',(0.,-1.,0.));
#1507=DIRECTION('ref_axis',(1.,0.,0.));
#1508=DIRECTION('center_axis',(0.,1.,0.));
#1509=DIRECTION('ref_axis',(1.,0.,0.));
#1510=DIRECTION('center_axis',(0.,1.,0.));
#1511=DIRECTION('ref_axis',(1.,0.,0.));
#1512=DIRECTION('',(0.,-1.,0.));
#1513=DIRECTION('center_axis',(0.,1.,0.));
#1514=DIRECTION('ref_axis',(7.04419501764363E-15,0.,-1.));
#1515=DIRECTION('',(0.,1.,0.));
#1516=DIRECTION('center_axis',(0.,-1.,0.));
#1517=DIRECTION('ref_axis',(-1.,0.,0.));
#1518=DIRECTION('',(0.,1.,0.));
#1519=DIRECTION('',(0.257276379251325,0.667438386541146,-0.69880960557986));
#1520=DIRECTION('',(0.223028466911475,0.,0.974811932091066));
#1521=DIRECTION('center_axis',(0.,-1.,0.));
#1522=DIRECTION('ref_axis',(0.411433193369172,0.,0.911439919793974));
#1523=DIRECTION('',(-0.178784015571823,0.973431674995351,0.143063097588997));
#1524=DIRECTION('',(-0.390256064748634,0.701044196558457,-0.596856128726696));
#1525=DIRECTION('',(1.,0.,4.72316652440853E-17));
#1526=DIRECTION('center_axis',(0.,1.,0.));
#1527=DIRECTION('ref_axis',(0.983973247128239,0.,-0.178316148836583));
#1528=DIRECTION('center_axis',(0.913057431938531,-1.60398620933093E-15,
-0.407831001741916));
#1529=DIRECTION('ref_axis',(0.407831001741916,0.,0.913057431938531));
#1530=DIRECTION('center_axis',(0.,1.,0.));
#1531=DIRECTION('ref_axis',(-1.,0.,0.));
#1532=DIRECTION('center_axis',(0.,1.,0.));
#1533=DIRECTION('ref_axis',(-1.,0.,0.));
#1534=DIRECTION('center_axis',(0.712234606400216,1.53424767849045E-15,0.701941497167627));
#1535=DIRECTION('ref_axis',(0.584951333060926,-0.552770614933701,-0.593528925340681));
#1536=DIRECTION('center_axis',(0.,-1.,0.));
#1537=DIRECTION('ref_axis',(-0.999999991957441,0.,0.000126827120765351));
#1538=DIRECTION('center_axis',(0.,1.,0.));
#1539=DIRECTION('ref_axis',(-0.407831001741916,0.,-0.913057431938531));
#1540=DIRECTION('center_axis',(0.912826692790869,4.88169715883329E-16,0.408347191650052));
#1541=DIRECTION('ref_axis',(-0.408347191650052,0.,0.912826692790869));
#1542=DIRECTION('center_axis',(0.,1.,0.));
#1543=DIRECTION('ref_axis',(-1.,0.,0.));
#1544=DIRECTION('center_axis',(0.,-1.,0.));
#1545=DIRECTION('ref_axis',(-0.407831001741916,0.,-0.913057431938531));
#1546=DIRECTION('center_axis',(0.,1.,0.));
#1547=DIRECTION('ref_axis',(-0.701941497167627,0.,0.712234606400216));
#1548=DIRECTION('center_axis',(0.712234606400216,-4.18431185042853E-16,
-0.701941497167626));
#1549=DIRECTION('ref_axis',(-0.584951333060927,-0.552770614933699,-0.593528925340682));
#1550=DIRECTION('center_axis',(0.,-1.,0.));
#1551=DIRECTION('ref_axis',(-0.701941497167627,0.,0.712234606400216));
#1552=DIRECTION('center_axis',(0.,1.,0.));
#1553=DIRECTION('ref_axis',(-1.,0.,0.));
#1554=DIRECTION('center_axis',(0.,1.,0.));
#1555=DIRECTION('ref_axis',(0.408347191650053,0.,-0.912826692790869));
#1556=DIRECTION('center_axis',(0.,1.,0.));
#1557=DIRECTION('ref_axis',(-1.,0.,0.));
#1558=DIRECTION('center_axis',(0.,-1.,0.));
#1559=DIRECTION('ref_axis',(0.408347191650053,0.,-0.912826692790869));
#1560=DIRECTION('center_axis',(0.,-1.,0.));
#1561=DIRECTION('ref_axis',(0.408347191650053,0.,-0.912826692790869));
#1562=DIRECTION('center_axis',(0.,1.,0.));
#1563=DIRECTION('ref_axis',(1.,0.,0.));
#1564=DIRECTION('',(0.,-1.,0.));
#1565=DIRECTION('center_axis',(-0.737277336810125,0.,0.67559020761566));
#1566=DIRECTION('ref_axis',(-0.67559020761566,0.,-0.737277336810125));
#1567=DIRECTION('',(-0.737277336810125,0.,0.67559020761566));
#1568=DIRECTION('center_axis',(0.,0.,1.));
#1569=DIRECTION('ref_axis',(-1.,0.,0.));
#1570=DIRECTION('',(0.,0.,1.));
#1571=DIRECTION('center_axis',(0.737277336810124,0.,0.67559020761566));
#1572=DIRECTION('ref_axis',(-0.67559020761566,0.,0.737277336810124));
#1573=DIRECTION('',(0.737277336810124,0.,0.67559020761566));
#1574=DIRECTION('center_axis',(0.,0.,-1.));
#1575=DIRECTION('ref_axis',(1.,0.,0.));
#1576=DIRECTION('',(0.,1.,0.));
#1577=DIRECTION('',(0.,1.,0.));
#1578=DIRECTION('',(1.,0.,0.));
#1579=DIRECTION('',(0.,1.,0.));
#1580=DIRECTION('',(1.,0.,0.));
#1581=DIRECTION('',(0.,1.,0.));
#1582=DIRECTION('',(1.,0.,0.));
#1583=DIRECTION('',(0.,1.,0.));
#1584=DIRECTION('',(0.,1.,0.));
#1585=DIRECTION('center_axis',(0.,-0.707106781186548,0.707106781186547));
#1586=DIRECTION('ref_axis',(1.,0.,0.));
#1587=DIRECTION('',(0.0570612402153169,0.705954678030074,0.705954678030074));
#1588=DIRECTION('',(1.,0.,0.));
#1589=DIRECTION('',(0.,0.707106781186547,0.707106781186548));
#1590=DIRECTION('',(-1.,0.,0.));
#1591=DIRECTION('center_axis',(0.996749298367635,0.,-0.0805657259858561));
#1592=DIRECTION('ref_axis',(0.0805657259858561,0.,0.996749298367635));
#1593=DIRECTION('',(0.0805657259858561,0.,0.996749298367635));
#1594=DIRECTION('',(0.,1.,0.));
#1595=DIRECTION('',(0.0805657259858561,0.,0.996749298367635));
#1596=DIRECTION('',(0.,1.,0.));
#1597=DIRECTION('center_axis',(0.,1.,0.));
#1598=DIRECTION('ref_axis',(-1.,0.,0.));
#1599=DIRECTION('',(0.,0.,1.));
#1600=DIRECTION('',(0.223028466911473,0.,0.974811932091066));
#1601=DIRECTION('center_axis',(0.,1.,0.));
#1602=DIRECTION('ref_axis',(-0.974811932091066,0.,-0.223028466911473));
#1603=DIRECTION('center_axis',(0.,-1.,0.));
#1604=DIRECTION('ref_axis',(-0.844014085275962,0.,0.536321008217823));
#1605=DIRECTION('center_axis',(0.,-1.,0.));
#1606=DIRECTION('ref_axis',(0.850505923188743,0.,0.525965469038475));
#1607=DIRECTION('center_axis',(0.,-0.707106781186548,0.707106781186547));
#1608=DIRECTION('ref_axis',(1.,0.,0.));
#1609=DIRECTION('',(0.0570612405560893,-0.705954678016302,-0.705954678016302));
#1610=DIRECTION('',(-1.,0.,0.));
#1611=DIRECTION('',(0.,-0.707106781186547,-0.707106781186548));
#1612=DIRECTION('',(1.,0.,0.));
#1613=DIRECTION('center_axis',(0.,0.,1.));
#1614=DIRECTION('ref_axis',(-1.,0.,0.));
#1615=DIRECTION('',(0.,1.,0.));
#1616=DIRECTION('',(-1.,0.,0.));
#1617=DIRECTION('',(0.,1.,0.));
#1618=DIRECTION('center_axis',(0.,-1.,0.));
#1619=DIRECTION('ref_axis',(-0.565221314320501,0.,0.824939310396714));
#1620=DIRECTION('',(0.178784015571801,0.973431674995356,0.143063097588995));
#1621=DIRECTION('center_axis',(0.,-1.,0.));
#1622=DIRECTION('ref_axis',(-0.974811932091066,0.,-0.223028466911473));
#1623=DIRECTION('',(0.223028466911473,0.,-0.974811932091066));
#1624=DIRECTION('center_axis',(0.,1.,0.));
#1625=DIRECTION('ref_axis',(0.416720549440287,0.,0.909034643825077));
#1626=DIRECTION('',(-0.223028466911473,0.,-0.974811932091066));
#1627=DIRECTION('',(0.250723072142457,0.674339594104052,-0.694553131818603));
#1628=DIRECTION('',(0.282304753302441,0.959295275124063,0.00752338936231032));
#1629=DIRECTION('',(-0.250723072142457,0.674339594104052,-0.694553131818603));
#1630=DIRECTION('',(-0.223028466911473,0.,0.974811932091066));
#1631=DIRECTION('center_axis',(0.,1.,0.));
#1632=DIRECTION('ref_axis',(-0.974811932091066,0.,-0.223028466911473));
#1633=DIRECTION('',(-0.283198484188135,0.959035131838697,0.0070876267307968));
#1634=DIRECTION('center_axis',(0.,1.,0.));
#1635=DIRECTION('ref_axis',(-0.558700546321881,0.,0.829369459010658));
#1636=DIRECTION('center_axis',(0.,1.,0.));
#1637=DIRECTION('ref_axis',(-0.974811932091066,0.,-0.223028466911473));
#1638=DIRECTION('center_axis',(0.,-1.,0.));
#1639=DIRECTION('ref_axis',(-0.974811932091066,0.,-0.223028466911473));
#1640=DIRECTION('center_axis',(0.,1.,0.));
#1641=DIRECTION('ref_axis',(-1.,0.,0.));
#1642=DIRECTION('center_axis',(0.,1.,0.));
#1643=DIRECTION('ref_axis',(-0.974811932091066,0.,-0.223028466911473));
#1644=DIRECTION('center_axis',(0.,1.,0.));
#1645=DIRECTION('ref_axis',(-0.974811932091066,0.,-0.223028466911473));
#1646=DIRECTION('',(0.,1.,0.));
#1647=DIRECTION('',(0.,1.,0.));
#1648=DIRECTION('center_axis',(0.,1.,0.));
#1649=DIRECTION('ref_axis',(-0.565221314320501,0.,0.824939310396714));
#1650=DIRECTION('center_axis',(0.,1.,0.));
#1651=DIRECTION('ref_axis',(-0.565221314320501,0.,0.824939310396714));
#1652=DIRECTION('',(0.,1.,0.));
#1653=DIRECTION('center_axis',(0.,1.,0.));
#1654=DIRECTION('ref_axis',(0.411433193369172,0.,0.911439919793974));
#1655=DIRECTION('center_axis',(0.,1.,0.));
#1656=DIRECTION('ref_axis',(0.411433193369172,0.,0.911439919793974));
#1657=DIRECTION('',(0.,1.,0.));
#1658=DIRECTION('center_axis',(-0.974811932091066,0.,0.223028466911475));
#1659=DIRECTION('ref_axis',(0.223028466911475,0.,0.974811932091066));
#1660=DIRECTION('',(-0.223028466911475,0.,-0.974811932091066));
#1661=DIRECTION('',(0.,1.,0.));
#1662=DIRECTION('center_axis',(-4.72316652440853E-17,0.,1.));
#1663=DIRECTION('ref_axis',(1.,0.,4.72316652440853E-17));
#1664=DIRECTION('',(-1.,0.,-4.72316652440853E-17));
#1665=DIRECTION('',(0.,1.,0.));
#1666=DIRECTION('center_axis',(0.974811932091067,0.,0.223028466911473));
#1667=DIRECTION('ref_axis',(0.223028466911473,0.,-0.974811932091066));
#1668=DIRECTION('',(-0.223028466911473,0.,0.974811932091066));
#1669=DIRECTION('center_axis',(0.974811932091067,0.,-0.223028466911473));
#1670=DIRECTION('ref_axis',(-0.223028466911473,0.,-0.974811932091066));
#1671=DIRECTION('',(0.,1.,0.));
#1672=DIRECTION('center_axis',(0.,1.,0.));
#1673=DIRECTION('ref_axis',(0.896929419442706,0.,0.442173740217767));
#1674=DIRECTION('',(0.,1.,0.));
#1675=DIRECTION('center_axis',(1.,0.,0.));
#1676=DIRECTION('ref_axis',(0.,0.,1.));
#1677=DIRECTION('',(0.,-1.,0.));
#1678=DIRECTION('',(0.,0.,1.));
#1679=DIRECTION('center_axis',(0.,0.,1.));
#1680=DIRECTION('ref_axis',(-1.,0.,0.));
#1681=DIRECTION('',(-1.,0.,0.));
#1682=DIRECTION('center_axis',(0.,-1.,0.));
#1683=DIRECTION('ref_axis',(0.850505923188743,0.,0.525965469038475));
#1684=DIRECTION('',(0.,1.,0.));
#1685=DIRECTION('center_axis',(0.,-1.,0.));
#1686=DIRECTION('ref_axis',(0.850505923188743,0.,0.525965469038475));
#1687=DIRECTION('center_axis',(0.,-1.,0.));
#1688=DIRECTION('ref_axis',(-0.844014085275962,0.,0.536321008217823));
#1689=DIRECTION('',(0.,-1.,0.));
#1690=DIRECTION('center_axis',(0.,-1.,0.));
#1691=DIRECTION('ref_axis',(-0.844014085275962,0.,0.536321008217823));
#1692=DIRECTION('',(0.,1.,0.));
#1693=DIRECTION('center_axis',(0.,-1.,0.));
#1694=DIRECTION('ref_axis',(-0.844014085275962,0.,0.536321008217823));
#1695=DIRECTION('center_axis',(0.,1.,0.));
#1696=DIRECTION('ref_axis',(-0.974811932091066,0.,-0.223028466911473));
#1697=DIRECTION('center_axis',(0.,1.,0.));
#1698=DIRECTION('ref_axis',(-0.974811932091066,0.,-0.223028466911473));
#1699=DIRECTION('',(0.,1.,0.));
#1700=DIRECTION('center_axis',(-0.974811932091066,0.,-0.223028466911473));
#1701=DIRECTION('ref_axis',(-0.223028466911473,0.,0.974811932091066));
#1702=DIRECTION('',(-0.223028466911473,0.,0.974811932091066));
#1703=DIRECTION('center_axis',(0.,1.,0.));
#1704=DIRECTION('ref_axis',(-1.,0.,0.));
#1705=DIRECTION('',(0.0805657264654368,0.,-0.996749298328871));
#1706=DIRECTION('center_axis',(0.,-1.,0.));
#1707=DIRECTION('ref_axis',(-0.996749306020321,0.,-0.0805656313076984));
#1708=DIRECTION('',(0.,0.,-1.));
#1709=DIRECTION('center_axis',(0.,-1.,0.));
#1710=DIRECTION('ref_axis',(-0.996749306020321,0.,-0.0805656313076984));
#1711=DIRECTION('',(0.,1.,0.));
#1712=DIRECTION('center_axis',(0.,-1.,0.));
#1713=DIRECTION('ref_axis',(-0.996749306020321,0.,-0.0805656313076984));
#1714=DIRECTION('center_axis',(-0.996749298328871,0.,-0.0805657264654368));
#1715=DIRECTION('ref_axis',(0.0805657264654368,0.,-0.996749298328871));
#1716=DIRECTION('',(0.0805657264654368,0.,-0.996749298328871));
#1717=DIRECTION('center_axis',(0.,1.,0.));
#1718=DIRECTION('ref_axis',(-1.,0.,0.));
#1719=DIRECTION('center_axis',(0.,-1.,0.));
#1720=DIRECTION('ref_axis',(-1.,0.,0.));
#1721=DIRECTION('',(0.,1.,0.));
#1722=DIRECTION('center_axis',(0.,-1.,0.));
#1723=DIRECTION('ref_axis',(-1.,0.,0.));
#1724=DIRECTION('',(0.,1.,0.));
#1725=DIRECTION('center_axis',(-1.,0.,-1.35191992859088E-8));
#1726=DIRECTION('ref_axis',(-1.35191992859088E-8,0.,1.));
#1727=DIRECTION('',(-1.35191992859088E-8,0.,1.));
#1728=DIRECTION('',(-1.35191992859088E-8,0.,1.));
#1729=DIRECTION('',(0.,1.,0.));
#1730=DIRECTION('center_axis',(0.,0.,1.));
#1731=DIRECTION('ref_axis',(1.,0.,0.));
#1732=DIRECTION('',(1.,0.,0.));
#1733=DIRECTION('',(1.,0.,0.));
#1734=DIRECTION('',(0.,1.,0.));
#1735=DIRECTION('center_axis',(1.,0.,-1.35191991068406E-8));
#1736=DIRECTION('ref_axis',(-1.35191991068406E-8,0.,-1.));
#1737=DIRECTION('',(-1.35191991068406E-8,0.,-1.));
#1738=DIRECTION('',(-1.35191991068406E-8,0.,-1.));
#1739=DIRECTION('center_axis',(0.,1.,0.));
#1740=DIRECTION('ref_axis',(-1.,0.,0.));
#1741=DIRECTION('',(0.,0.,1.));
#1742=DIRECTION('',(-1.,0.,0.));
#1743=DIRECTION('',(0.,0.,-1.));
#1744=DIRECTION('',(1.,0.,0.));
#1745=DIRECTION('',(-0.0805657259858561,0.,-0.996749298367635));
#1746=DIRECTION('center_axis',(0.,1.,0.));
#1747=DIRECTION('ref_axis',(0.85088455911378,0.,0.525352707294583));
#1748=DIRECTION('center_axis',(0.,1.,0.));
#1749=DIRECTION('ref_axis',(-0.844112878848775,0.,0.536165504076525));
#1750=DIRECTION('center_axis',(0.,1.,0.));
#1751=DIRECTION('ref_axis',(-0.996749306208997,0.,-0.0805656289734272));
#1752=DIRECTION('',(-0.0805657264654371,0.,0.996749298328871));
#1753=DIRECTION('',(1.,0.,0.));
#1754=DIRECTION('center_axis',(0.,-1.,0.));
#1755=DIRECTION('ref_axis',(0.85088455911378,0.,0.525352707294583));
#1756=DIRECTION('',(0.,1.,0.));
#1757=DIRECTION('center_axis',(0.,1.,0.));
#1758=DIRECTION('ref_axis',(0.85088455911378,0.,0.525352707294583));
#1759=DIRECTION('',(0.,1.,0.));
#1760=DIRECTION('center_axis',(-0.996749298367635,0.,0.0805657259858561));
#1761=DIRECTION('ref_axis',(-0.0805657259858561,0.,-0.996749298367635));
#1762=DIRECTION('',(0.,1.,0.));
#1763=DIRECTION('',(-0.0805657259858561,0.,-0.996749298367635));
#1764=DIRECTION('center_axis',(0.,0.,-1.));
#1765=DIRECTION('ref_axis',(1.,0.,0.));
#1766=DIRECTION('',(0.,1.,0.));
#1767=DIRECTION('',(1.,0.,0.));
#1768=DIRECTION('center_axis',(-1.,0.,0.));
#1769=DIRECTION('ref_axis',(0.,0.,-1.));
#1770=DIRECTION('',(0.,-1.,0.));
#1771=DIRECTION('',(0.,0.,-1.));
#1772=DIRECTION('center_axis',(0.,0.,1.));
#1773=DIRECTION('ref_axis',(-1.,0.,0.));
#1774=DIRECTION('',(0.,1.,0.));
#1775=DIRECTION('',(-1.,0.,0.));
#1776=DIRECTION('',(0.,1.,0.));
#1777=DIRECTION('',(1.,0.,0.));
#1778=DIRECTION('',(0.,-1.,0.));
#1779=DIRECTION('',(-1.,0.,0.));
#1780=DIRECTION('center_axis',(1.,0.,0.));
#1781=DIRECTION('ref_axis',(0.,0.,1.));
#1782=DIRECTION('',(0.,1.,0.));
#1783=DIRECTION('',(0.,0.,1.));
#1784=DIRECTION('center_axis',(0.,0.,-1.));
#1785=DIRECTION('ref_axis',(1.,0.,0.));
#1786=DIRECTION('',(0.,1.,0.));
#1787=DIRECTION('',(1.,0.,0.));
#1788=DIRECTION('center_axis',(0.996749298328871,0.,0.0805657264654371));
#1789=DIRECTION('ref_axis',(-0.0805657264654371,0.,0.996749298328871));
#1790=DIRECTION('',(0.,1.,0.));
#1791=DIRECTION('',(-0.0805657264654371,0.,0.996749298328871));
#1792=DIRECTION('center_axis',(0.,-1.,0.));
#1793=DIRECTION('ref_axis',(-0.996749306208997,0.,-0.0805656289734272));
#1794=DIRECTION('',(0.,1.,0.));
#1795=DIRECTION('center_axis',(0.,1.,0.));
#1796=DIRECTION('ref_axis',(-0.996749306208997,0.,-0.0805656289734272));
#1797=DIRECTION('center_axis',(0.,-1.,0.));
#1798=DIRECTION('ref_axis',(-0.844112878848775,0.,0.536165504076525));
#1799=DIRECTION('center_axis',(0.,1.,0.));
#1800=DIRECTION('ref_axis',(-0.844112878848775,0.,0.536165504076525));
#1801=DIRECTION('center_axis',(0.,-1.,0.));
#1802=DIRECTION('ref_axis',(0.,0.,-1.));
#1803=DIRECTION('',(0.,0.,1.));
#1804=DIRECTION('',(0.,0.,-1.));
#1805=DIRECTION('center_axis',(0.,1.,0.));
#1806=DIRECTION('ref_axis',(-1.,0.,0.));
#1807=DIRECTION('center_axis',(-1.,0.,0.));
#1808=DIRECTION('ref_axis',(0.,0.,-1.));
#1809=DIRECTION('',(0.,0.,-1.));
#1810=DIRECTION('center_axis',(1.,0.,0.));
#1811=DIRECTION('ref_axis',(0.,0.,1.));
#1812=DIRECTION('',(0.,0.,1.));
#1813=DIRECTION('center_axis',(-1.,0.,0.));
#1814=DIRECTION('ref_axis',(0.,0.,-1.));
#1815=DIRECTION('',(0.,0.,-1.));
#1816=DIRECTION('center_axis',(0.,1.,0.));
#1817=DIRECTION('ref_axis',(-1.,0.,0.));
#1818=DIRECTION('',(0.,0.,1.));
#1819=DIRECTION('',(1.,0.,0.));
#1820=CARTESIAN_POINT('',(0.,0.,0.));
#1821=CARTESIAN_POINT('',(0.,0.,0.));
#1822=CARTESIAN_POINT('Ctrl Pts',(-51.8,66.3656854249492,6.34367041958329E-15));
#1823=CARTESIAN_POINT('Ctrl Pts',(-51.8,66.3656854249492,7.74922760820477));
#1824=CARTESIAN_POINT('Ctrl Pts',(-48.2696783546821,66.3656854249493,23.2456991709855));
#1825=CARTESIAN_POINT('Ctrl Pts',(-35.0492112632658,66.3656854249493,39.8077467211551));
#1826=CARTESIAN_POINT('Ctrl Pts',(-19.2076934487901,66.3656854249492,48.9425200679869));
#1827=CARTESIAN_POINT('Ctrl Pts',(-3.93016024794103,66.3656854249493,52.4330269463863));
#1828=CARTESIAN_POINT('Ctrl Pts',(11.700524469707,66.3656854249491,51.260688246152));
#1829=CARTESIAN_POINT('Ctrl Pts',(26.2892076695865,66.3656854249493,45.5349186394353));
#1830=CARTESIAN_POINT('Ctrl Pts',(38.5436655113602,66.3656854249491,35.7629669320839));
#1831=CARTESIAN_POINT('Ctrl Pts',(47.3719065857986,66.3656854249493,22.8132704467549));
#1832=CARTESIAN_POINT('Ctrl Pts',(51.9923599796193,66.3656854249492,7.83648443307194));
#1833=CARTESIAN_POINT('Ctrl Pts',(51.9915558572904,66.3656854249492,-7.83641354434865));
#1834=CARTESIAN_POINT('Ctrl Pts',(47.3726370795749,66.3656854249493,-22.813500131473));
#1835=CARTESIAN_POINT('Ctrl Pts',(38.5432704229485,66.3656854249492,-35.7628043425285));
#1836=CARTESIAN_POINT('Ctrl Pts',(26.2894376474246,66.3656854249493,-45.5351366385985));
#1837=CARTESIAN_POINT('Ctrl Pts',(11.7003982248473,66.3656854249492,-51.260153555198));
#1838=CARTESIAN_POINT('Ctrl Pts',(-3.9302176557899,66.3656854249493,-52.433770237002));
#1839=CARTESIAN_POINT('Ctrl Pts',(-19.2077256271228,66.3656854249492,-48.942240810606));
#1840=CARTESIAN_POINT('Ctrl Pts',(-35.0491891258792,66.3656854249493,-39.8079229193788));
#1841=CARTESIAN_POINT('Ctrl Pts',(-48.2696916527509,66.3656854249492,-23.2455959773481));
#1842=CARTESIAN_POINT('Ctrl Pts',(-51.8,66.3656854249492,-7.74922760820476));
#1843=CARTESIAN_POINT('Ctrl Pts',(-51.8,66.3656854249492,6.34367041958329E-15));
#1844=CARTESIAN_POINT('Ctrl Pts',(-51.8,66.2894949487588,6.3136538676528E-15));
#1845=CARTESIAN_POINT('Ctrl Pts',(-51.8,66.2894949487588,7.7491983778519));
#1846=CARTESIAN_POINT('Ctrl Pts',(-48.269678130487,66.2894949487587,23.2457158986875));
#1847=CARTESIAN_POINT('Ctrl Pts',(-35.0492068152115,66.2894949487589,39.8077422803593));
#1848=CARTESIAN_POINT('Ctrl Pts',(-19.2076913627284,66.2894949487587,48.9425206281945));
#1849=CARTESIAN_POINT('Ctrl Pts',(-3.93016495380318,66.2894949487589,52.4330254550351));
#1850=CARTESIAN_POINT('Ctrl Pts',(11.7005306071118,66.2894949487587,51.2606842557848));
#1851=CARTESIAN_POINT('Ctrl Pts',(26.2892052200758,66.2894949487588,45.5349191214661));
#1852=CARTESIAN_POINT('Ctrl Pts',(38.5436608971949,66.2894949487588,35.7629672903017));
#1853=CARTESIAN_POINT('Ctrl Pts',(47.3719073170427,66.2894949487588,22.8132711857633));
#1854=CARTESIAN_POINT('Ctrl Pts',(51.9923569551808,66.2894949487587,7.83647938879536));
#1855=CARTESIAN_POINT('Ctrl Pts',(51.9915559599796,66.2894949487587,-7.836412415435));
#1856=CARTESIAN_POINT('Ctrl Pts',(47.3726350637905,66.2894949487587,-22.8134976330565));
#1857=CARTESIAN_POINT('Ctrl Pts',(38.5432685382135,66.2894949487588,-35.7628058335689));
#1858=CARTESIAN_POINT('Ctrl Pts',(26.2894387414498,66.2894949487587,-45.5351327189951));
#1859=CARTESIAN_POINT('Ctrl Pts',(11.7003998538635,66.2894949487588,-51.260153923811));
#1860=CARTESIAN_POINT('Ctrl Pts',(-3.93022188679505,66.2894949487587,-52.4337655944822));
#1861=CARTESIAN_POINT('Ctrl Pts',(-19.2077254143412,66.2894949487589,-48.9422426549655));
#1862=CARTESIAN_POINT('Ctrl Pts',(-35.049182113534,66.2894949487587,-39.8079179363487));
#1863=CARTESIAN_POINT('Ctrl Pts',(-48.269693036657,66.2894949487588,-23.2456130036121));
#1864=CARTESIAN_POINT('Ctrl Pts',(-51.8,66.2894949487588,-7.74919837785188));
#1865=CARTESIAN_POINT('Ctrl Pts',(-51.8,66.2894949487588,6.6314106747668E-15));
#1866=CARTESIAN_POINT('Ctrl Pts',(-51.7686044563511,66.1231824058051,6.23191851243646E-15));
#1867=CARTESIAN_POINT('Ctrl Pts',(-51.7686044563511,66.1231824058051,7.74450596090177));
#1868=CARTESIAN_POINT('Ctrl Pts',(-48.2404223182184,66.1231824058051,23.2316244013758));
#1869=CARTESIAN_POINT('Ctrl Pts',(-35.0279644416,66.123182405805,39.7836157974178));
#1870=CARTESIAN_POINT('Ctrl Pts',(-19.1960500501627,66.1231824058051,48.9128568961791));
#1871=CARTESIAN_POINT('Ctrl Pts',(-3.92778222055218,66.1231824058051,52.4012464597317));
#1872=CARTESIAN_POINT('Ctrl Pts',(11.6934381097653,66.1231824058051,51.2296161748211));
#1873=CARTESIAN_POINT('Ctrl Pts',(26.2732719151661,66.1231824058051,45.5073207195379));
#1874=CARTESIAN_POINT('Ctrl Pts',(38.5203005888763,66.1231824058051,35.7412916043048));
#1875=CARTESIAN_POINT('Ctrl Pts',(47.3431954953235,66.1231824058051,22.799444145383));
#1876=CARTESIAN_POINT('Ctrl Pts',(51.9608452712338,66.123182405805,7.83173050789303));
#1877=CARTESIAN_POINT('Ctrl Pts',(51.9600443007465,66.1231824058051,-7.83166299822046));
#1878=CARTESIAN_POINT('Ctrl Pts',(47.3439232057476,66.1231824058051,-22.7996709324428));
#1879=CARTESIAN_POINT('Ctrl Pts',(38.5199080655359,66.1231824058051,-35.7411300785152));
#1880=CARTESIAN_POINT('Ctrl Pts',(26.273504772887,66.1231824058051,-45.5075348361605));
#1881=CARTESIAN_POINT('Ctrl Pts',(11.6933081000481,66.1231824058051,-51.2290855220085));
#1882=CARTESIAN_POINT('Ctrl Pts',(-3.92783918900462,66.1231824058051,-52.4019866148915));
#1883=CARTESIAN_POINT('Ctrl Pts',(-19.196083805121,66.1231824058051,-48.9125789022155));
#1884=CARTESIAN_POINT('Ctrl Pts',(-35.0279401327262,66.1231824058051,-39.7837914268385));
#1885=CARTESIAN_POINT('Ctrl Pts',(-48.2404369784103,66.1231824058051,-23.2315215246729));
#1886=CARTESIAN_POINT('Ctrl Pts',(-51.7686044563511,66.1231824058051,-7.74450596090177));
#1887=CARTESIAN_POINT('Ctrl Pts',(-51.7686044563511,66.1231824058051,7.37422838025546E-15));
#1888=CARTESIAN_POINT('Ctrl Pts',(-51.5683904714164,65.8656840615888,6.02707570595635E-15));
#1889=CARTESIAN_POINT('Ctrl Pts',(-51.5683904714164,65.8656840615888,7.71455933044103));
#1890=CARTESIAN_POINT('Ctrl Pts',(-48.0538535422106,65.8656840615888,23.1417736756297));
#1891=CARTESIAN_POINT('Ctrl Pts',(-34.8924953020103,65.8656840615888,39.6297542753358));
#1892=CARTESIAN_POINT('Ctrl Pts',(-19.1218100945543,65.8656840615887,48.7236873572359));
#1893=CARTESIAN_POINT('Ctrl Pts',(-3.91259078742534,65.8656840615887,52.1985860045344));
#1894=CARTESIAN_POINT('Ctrl Pts',(11.6482129174839,65.8656840615888,51.0314874095718));
#1895=CARTESIAN_POINT('Ctrl Pts',(26.1716610165902,65.8656840615887,45.3313220334636));
#1896=CARTESIAN_POINT('Ctrl Pts',(38.3713249418428,65.8656840615888,35.6030628512092));
#1897=CARTESIAN_POINT('Ctrl Pts',(47.1600965589722,65.8656840615887,22.7112676479255));
#1898=CARTESIAN_POINT('Ctrl Pts',(51.7598883249247,65.8656840615888,7.80144233262478));
#1899=CARTESIAN_POINT('Ctrl Pts',(51.7590899083981,65.8656840615887,-7.80137440320257));
#1900=CARTESIAN_POINT('Ctrl Pts',(47.160821932672,65.8656840615888,-22.7114941208464));
#1901=CARTESIAN_POINT('Ctrl Pts',(38.3709334619579,65.8656840615888,-35.6029017531308));
#1902=CARTESIAN_POINT('Ctrl Pts',(26.1718923575538,65.8656840615887,-45.3315360873941));
#1903=CARTESIAN_POINT('Ctrl Pts',(11.6480841945396,65.8656840615888,-51.0309580510654));
#1904=CARTESIAN_POINT('Ctrl Pts',(-3.91264761812634,65.8656840615887,-52.1993238451159));
#1905=CARTESIAN_POINT('Ctrl Pts',(-19.1218433932216,65.8656840615888,-48.7234102151072));
#1906=CARTESIAN_POINT('Ctrl Pts',(-34.8924715330547,65.8656840615888,-39.6299293198024));
#1907=CARTESIAN_POINT('Ctrl Pts',(-48.053867866072,65.8656840615887,-23.1416711448834));
#1908=CARTESIAN_POINT('Ctrl Pts',(-51.5683904714164,65.8656840615888,-7.71455933044101));
#1909=CARTESIAN_POINT('Ctrl Pts',(-51.5683904714164,65.8656840615888,9.07830143255229E-15));
#1910=CARTESIAN_POINT('Ctrl Pts',(-51.3486002893365,65.8,5.88769167062336E-15));
#1911=CARTESIAN_POINT('Ctrl Pts',(-51.3486002893365,65.8,7.68151693593792));
#1912=CARTESIAN_POINT('Ctrl Pts',(-47.8490414619056,65.8,23.0432336367556));
#1913=CARTESIAN_POINT('Ctrl Pts',(-34.7437549634103,65.8,39.4608232554454));
#1914=CARTESIAN_POINT('Ctrl Pts',(-19.0402992579071,65.8,48.516024720858));
#1915=CARTESIAN_POINT('Ctrl Pts',(-3.89594098806264,65.8,51.9761015894952));
#1916=CARTESIAN_POINT('Ctrl Pts',(11.5986009795423,65.8,50.813963440119));
#1917=CARTESIAN_POINT('Ctrl Pts',(26.0601009203988,65.8000000000001,45.1381175996773));
#1918=CARTESIAN_POINT('Ctrl Pts',(38.207756525538,65.8,35.4513206471328));
#1919=CARTESIAN_POINT('Ctrl Pts',(46.9590990679024,65.8,22.6144738120237));
#1920=CARTESIAN_POINT('Ctrl Pts',(51.5392651865494,65.8,7.76816375102218));
#1921=CARTESIAN_POINT('Ctrl Pts',(51.5384875136696,65.8,-7.76811782279257));
#1922=CARTESIAN_POINT('Ctrl Pts',(46.9598061170165,65.8,-22.6146813673589));
#1923=CARTESIAN_POINT('Ctrl Pts',(38.2073818495596,65.8,-35.4511665174573));
#1924=CARTESIAN_POINT('Ctrl Pts',(26.0603509251571,65.8,-45.1383063331207));
#1925=CARTESIAN_POINT('Ctrl Pts',(11.5984478050833,65.8,-50.8134605094358));
#1926=CARTESIAN_POINT('Ctrl Pts',(-3.89599494334371,65.8,-51.9768188112987));
#1927=CARTESIAN_POINT('Ctrl Pts',(-19.0403428024598,65.8,-48.5157558808834));
#1928=CARTESIAN_POINT('Ctrl Pts',(-34.7437170761239,65.8,-39.4609945470285));
#1929=CARTESIAN_POINT('Ctrl Pts',(-47.8490646420415,65.8,-23.0431331986075));
#1930=CARTESIAN_POINT('Ctrl Pts',(-51.3486002893365,65.8,-7.68151693593791));
#1931=CARTESIAN_POINT('Ctrl Pts',(-51.3486002893365,65.8,1.01295043146008E-14));
#1932=CARTESIAN_POINT('Ctrl Pts',(-51.2343145750508,65.8,5.8286708793088E-15));
#1933=CARTESIAN_POINT('Ctrl Pts',(-51.2343145750508,65.8,7.66460164078053));
#1934=CARTESIAN_POINT('Ctrl Pts',(-47.7425460474962,65.8,22.9918429313371));
#1935=CARTESIAN_POINT('Ctrl Pts',(-34.666453966594,65.8,39.373023514201));
#1936=CARTESIAN_POINT('Ctrl Pts',(-18.9979345254142,65.8,48.4080399470844));
#1937=CARTESIAN_POINT('Ctrl Pts',(-3.88724066550907,65.8,51.8604285075922));
#1938=CARTESIAN_POINT('Ctrl Pts',(11.5727480960241,65.8,50.7008924119104));
#1939=CARTESIAN_POINT('Ctrl Pts',(26.0021145882709,65.8000000000001,45.037651461818));
#1940=CARTESIAN_POINT('Ctrl Pts',(38.1227467892773,65.8,35.3724150180603));
#1941=CARTESIAN_POINT('Ctrl Pts',(46.8545784563074,65.8,22.564136574416));
#1942=CARTESIAN_POINT('Ctrl Pts',(51.4245738744226,65.8,7.75090557155397));
#1943=CARTESIAN_POINT('Ctrl Pts',(51.4237785335665,65.8,-7.75083545697582));
#1944=CARTESIAN_POINT('Ctrl Pts',(46.8553009726767,65.8,-22.5643637508465));
#1945=CARTESIAN_POINT('Ctrl Pts',(38.1223560154555,65.8,-35.3722542040752));
#1946=CARTESIAN_POINT('Ctrl Pts',(26.0023420546204,65.8,-45.0378670803064));
#1947=CARTESIAN_POINT('Ctrl Pts',(11.57262322983,65.8,-50.7003635600854));
#1948=CARTESIAN_POINT('Ctrl Pts',(-3.88729744643163,65.8,-51.861163681052));
#1949=CARTESIAN_POINT('Ctrl Pts',(-18.9979663523412,65.8,-48.4077637393528));
#1950=CARTESIAN_POINT('Ctrl Pts',(-34.6664320709603,65.8,-39.3731977882399));
#1951=CARTESIAN_POINT('Ctrl Pts',(-47.7425592003425,65.8,-22.9917408646329));
#1952=CARTESIAN_POINT('Ctrl Pts',(-51.2343145750508,65.8,-7.66460164078052));
#1953=CARTESIAN_POINT('Ctrl Pts',(-51.2343145750508,65.8,1.05471187339572E-14));
#1954=CARTESIAN_POINT('',(-51.8,66.3656854249492,6.34367041958329E-15));
#1955=CARTESIAN_POINT('',(-51.2343145750508,65.8,5.8286708793088E-15));
#1956=CARTESIAN_POINT('Ctrl Pts',(-51.8,66.3656854249492,6.34367041958329E-15));
#1957=CARTESIAN_POINT('Ctrl Pts',(-51.8,66.2894949487588,6.3136538676528E-15));
#1958=CARTESIAN_POINT('Ctrl Pts',(-51.7686044563511,66.1231824058051,6.23191851243646E-15));
#1959=CARTESIAN_POINT('Ctrl Pts',(-51.5683904714164,65.8656840615888,6.02707570595635E-15));
#1960=CARTESIAN_POINT('Ctrl Pts',(-51.3486002893365,65.8,5.88769167062336E-15));
#1961=CARTESIAN_POINT('Ctrl Pts',(-51.2343145750508,65.8,5.8286708793088E-15));
#1962=CARTESIAN_POINT('Ctrl Pts',(-51.2343145750508,65.8,5.8286708793088E-15));
#1963=CARTESIAN_POINT('Ctrl Pts',(-51.2343145750508,65.8,7.66460164078053));
#1964=CARTESIAN_POINT('Ctrl Pts',(-47.7425460474962,65.8,22.9918429313371));
#1965=CARTESIAN_POINT('Ctrl Pts',(-34.666453966594,65.8,39.373023514201));
#1966=CARTESIAN_POINT('Ctrl Pts',(-18.9979345254142,65.8,48.4080399470844));
#1967=CARTESIAN_POINT('Ctrl Pts',(-3.88724066550907,65.8,51.8604285075922));
#1968=CARTESIAN_POINT('Ctrl Pts',(11.5727480960241,65.8,50.7008924119104));
#1969=CARTESIAN_POINT('Ctrl Pts',(26.0021145882709,65.8000000000001,45.037651461818));
#1970=CARTESIAN_POINT('Ctrl Pts',(38.1227467892773,65.8,35.3724150180603));
#1971=CARTESIAN_POINT('Ctrl Pts',(46.8545784563074,65.8,22.564136574416));
#1972=CARTESIAN_POINT('Ctrl Pts',(51.4245738744226,65.8,7.75090557155397));
#1973=CARTESIAN_POINT('Ctrl Pts',(51.4237785335665,65.8,-7.75083545697582));
#1974=CARTESIAN_POINT('Ctrl Pts',(46.8553009726767,65.8,-22.5643637508465));
#1975=CARTESIAN_POINT('Ctrl Pts',(38.1223560154555,65.8,-35.3722542040752));
#1976=CARTESIAN_POINT('Ctrl Pts',(26.0023420546204,65.8,-45.0378670803064));
#1977=CARTESIAN_POINT('Ctrl Pts',(11.57262322983,65.8,-50.7003635600854));
#1978=CARTESIAN_POINT('Ctrl Pts',(-3.88729744643163,65.8,-51.861163681052));
#1979=CARTESIAN_POINT('Ctrl Pts',(-18.9979663523412,65.8,-48.4077637393528));
#1980=CARTESIAN_POINT('Ctrl Pts',(-34.6664320709603,65.8,-39.3731977882399));
#1981=CARTESIAN_POINT('Ctrl Pts',(-47.7425592003425,65.8,-22.9917408646329));
#1982=CARTESIAN_POINT('Ctrl Pts',(-51.2343145750508,65.8,-7.66460164078052));
#1983=CARTESIAN_POINT('Ctrl Pts',(-51.2343145750508,65.8,1.05471187339572E-14));
#1984=CARTESIAN_POINT('Ctrl Pts',(-51.8,66.3656854249492,6.34367041958329E-15));
#1985=CARTESIAN_POINT('Ctrl Pts',(-51.8,66.3656854249492,-7.74922760820476));
#1986=CARTESIAN_POINT('Ctrl Pts',(-48.2696916527509,66.3656854249492,-23.2455959773481));
#1987=CARTESIAN_POINT('Ctrl Pts',(-35.0491891258792,66.3656854249493,-39.8079229193788));
#1988=CARTESIAN_POINT('Ctrl Pts',(-19.2077256271228,66.3656854249492,-48.942240810606));
#1989=CARTESIAN_POINT('Ctrl Pts',(-3.9302176557899,66.3656854249493,-52.433770237002));
#1990=CARTESIAN_POINT('Ctrl Pts',(11.7003982248473,66.3656854249492,-51.260153555198));
#1991=CARTESIAN_POINT('Ctrl Pts',(26.2894376474246,66.3656854249493,-45.5351366385985));
#1992=CARTESIAN_POINT('Ctrl Pts',(38.5432704229485,66.3656854249492,-35.7628043425285));
#1993=CARTESIAN_POINT('Ctrl Pts',(47.3726370795749,66.3656854249493,-22.813500131473));
#1994=CARTESIAN_POINT('Ctrl Pts',(51.9915558572904,66.3656854249492,-7.83641354434865));
#1995=CARTESIAN_POINT('Ctrl Pts',(51.9923599796193,66.3656854249492,7.83648443307194));
#1996=CARTESIAN_POINT('Ctrl Pts',(47.3719065857986,66.3656854249493,22.8132704467549));
#1997=CARTESIAN_POINT('Ctrl Pts',(38.5436655113602,66.3656854249491,35.7629669320839));
#1998=CARTESIAN_POINT('Ctrl Pts',(26.2892076695865,66.3656854249493,45.5349186394353));
#1999=CARTESIAN_POINT('Ctrl Pts',(11.700524469707,66.3656854249491,51.260688246152));
#2000=CARTESIAN_POINT('Ctrl Pts',(-3.93016024794103,66.3656854249493,52.4330269463863));
#2001=CARTESIAN_POINT('Ctrl Pts',(-19.2076934487901,66.3656854249492,48.9425200679869));
#2002=CARTESIAN_POINT('Ctrl Pts',(-35.0492112632658,66.3656854249493,39.8077467211551));
#2003=CARTESIAN_POINT('Ctrl Pts',(-48.2696783546821,66.3656854249493,23.2456991709855));
#2004=CARTESIAN_POINT('Ctrl Pts',(-51.8,66.3656854249492,7.74922760820477));
#2005=CARTESIAN_POINT('Ctrl Pts',(-51.8,66.3656854249492,6.34367041958329E-15));
#2006=CARTESIAN_POINT('Origin',(0.,65.8,0.));
#2007=CARTESIAN_POINT('',(-50.,65.8,6.12323399573677E-15));
#2008=CARTESIAN_POINT('Origin',(0.,65.8,0.));
#2009=CARTESIAN_POINT('Origin',(0.,0.,0.));
#2010=CARTESIAN_POINT('',(-51.8,66.5,6.34367041958329E-15));
#2011=CARTESIAN_POINT('Origin',(0.,66.5,0.));
#2012=CARTESIAN_POINT('',(-51.8,0.,6.34367041958329E-15));
#2013=CARTESIAN_POINT('Ctrl Pts',(33.5847594548466,62.3784943568433,-32.8795376821728));
#2014=CARTESIAN_POINT('Ctrl Pts',(36.6783188116307,62.3891909927164,-29.719625646268));
#2015=CARTESIAN_POINT('Ctrl Pts',(40.6818482681381,62.3815972775118,-24.2594931797148));
#2016=CARTESIAN_POINT('Ctrl Pts',(45.2094566233464,62.2944590729023,-14.1349167056102));
#2017=CARTESIAN_POINT('Ctrl Pts',(46.617020689865,62.1904413350117,-7.47539897834709));
#2018=CARTESIAN_POINT('Ctrl Pts',(47.2062434257758,61.9944258341316,1.55531598135862));
#2019=CARTESIAN_POINT('Ctrl Pts',(46.6019149768471,61.8275948337212,8.66280984960036));
#2020=CARTESIAN_POINT('Ctrl Pts',(43.8049049532864,61.597617098576,17.5052076386692));
#2021=CARTESIAN_POINT('Ctrl Pts',(39.6852963484454,61.3660708402157,25.9268364583645));
#2022=CARTESIAN_POINT('Ctrl Pts',(32.3342805170853,61.0974027930521,35.0671944781182));
#2023=CARTESIAN_POINT('Ctrl Pts',(22.5509206755731,60.8979944432598,41.698395993942));
#2024=CARTESIAN_POINT('Ctrl Pts',(13.9008484651119,60.8000576115661,45.0744589518085));
#2025=CARTESIAN_POINT('Ctrl Pts',(9.34014809822156,60.771912305538,46.1206927809736));
#2026=CARTESIAN_POINT('Ctrl Pts',(7.05191423079033,60.7635724600965,46.4679520908218));
#2027=CARTESIAN_POINT('Ctrl Pts',(33.5869734402693,61.1953945177923,-32.8772762097465));
#2028=CARTESIAN_POINT('Ctrl Pts',(36.6785877512228,61.1991188674793,-29.7190839326075));
#2029=CARTESIAN_POINT('Ctrl Pts',(40.6787406115535,61.1943495319906,-24.2642276920697));
#2030=CARTESIAN_POINT('Ctrl Pts',(45.2043854874109,61.1542001812667,-14.148834670205));
#2031=CARTESIAN_POINT('Ctrl Pts',(46.6133864700989,61.1079711716452,-7.49607443157764));
#2032=CARTESIAN_POINT('Ctrl Pts',(47.2066932680539,61.0254059429908,1.52853162461795));
#2033=CARTESIAN_POINT('Ctrl Pts',(46.6068798396913,60.9603438695437,8.64012607892968));
#2034=CARTESIAN_POINT('Ctrl Pts',(43.8122909860639,60.874666750777,17.4865194726547));
#2035=CARTESIAN_POINT('Ctrl Pts',(39.6940108007568,60.7917045352982,25.9142547751227));
#2036=CARTESIAN_POINT('Ctrl Pts',(32.3411916453279,60.6996950940781,35.0617075092015));
#2037=CARTESIAN_POINT('Ctrl Pts',(22.5544972723454,60.6331843672737,41.6967240177998));
#2038=CARTESIAN_POINT('Ctrl Pts',(13.9025821716566,60.6004951834422,45.0739753420785));
#2039=CARTESIAN_POINT('Ctrl Pts',(9.34116001776607,60.5911304907975,46.1205047606445));
#2040=CARTESIAN_POINT('Ctrl Pts',(7.0526045570739,60.5883553343557,46.4678473278287));
#2041=CARTESIAN_POINT('Ctrl Pts',(33.2395422037976,60.0197027892433,-32.5327391918992));
#2042=CARTESIAN_POINT('Ctrl Pts',(36.2923305783539,60.0167000927368,-29.4052379545291));
#2043=CARTESIAN_POINT('Ctrl Pts',(40.2481269096824,60.0147107732766,-24.0158926164723));
#2044=CARTESIAN_POINT('Ctrl Pts',(44.7623785518957,60.0200445806848,-14.029993627667));
#2045=CARTESIAN_POINT('Ctrl Pts',(46.2069498565788,60.0301572499911,-7.45623612283695));
#2046=CARTESIAN_POINT('Ctrl Pts',(46.883310569033,60.058962552483,1.48652249750835));
#2047=CARTESIAN_POINT('Ctrl Pts',(46.3613249389604,60.0945658894273,8.56361904090163));
#2048=CARTESIAN_POINT('Ctrl Pts',(43.6566118147687,60.1522774725939,17.399669413404));
#2049=CARTESIAN_POINT('Ctrl Pts',(39.6146996555092,60.2174553529331,25.8373824383449));
#2050=CARTESIAN_POINT('Ctrl Pts',(32.3182505018234,60.3020002975657,35.016601482054));
#2051=CARTESIAN_POINT('Ctrl Pts',(22.548103814356,60.3683754633412,41.6746622204171));
#2052=CARTESIAN_POINT('Ctrl Pts',(13.9006919214689,60.4009336882383,45.0607926327465));
#2053=CARTESIAN_POINT('Ctrl Pts',(9.34003794339077,60.4103493176455,46.1096183880587));
#2054=CARTESIAN_POINT('Ctrl Pts',(7.05175764438033,60.4131387519879,46.457613081828));
#2055=CARTESIAN_POINT('Ctrl Pts',(32.641315386764,59.1859219259427,-31.9439528193267));
#2056=CARTESIAN_POINT('Ctrl Pts',(35.6305673656418,59.1819758208289,-28.8683971736393));
#2057=CARTESIAN_POINT('Ctrl Pts',(39.513454656094,59.1803192401304,-23.5851543441749));
#2058=CARTESIAN_POINT('Ctrl Pts',(44.0009586427197,59.1931223116535,-13.8089186268144));
#2059=CARTESIAN_POINT('Ctrl Pts',(45.4949271943734,59.2158597007031,-7.36449268390616));
#2060=CARTESIAN_POINT('Ctrl Pts',(46.298390935849,59.2830894796118,1.43854282664984));
#2061=CARTESIAN_POINT('Ctrl Pts',(45.9019685688894,59.3638834525516,8.44571667284669));
#2062=CARTESIAN_POINT('Ctrl Pts',(43.3545393712632,59.5098414028819,17.2543644884107));
#2063=CARTESIAN_POINT('Ctrl Pts',(39.4517461715843,59.6807979762234,25.7012452648858));
#2064=CARTESIAN_POINT('Ctrl Pts',(32.2658632775599,59.9151790827044,34.9329252979808));
#2065=CARTESIAN_POINT('Ctrl Pts',(22.531832330535,60.1073525374776,41.6325367163436));
#2066=CARTESIAN_POINT('Ctrl Pts',(13.8951853900844,60.2030467790412,45.0350080467754));
#2067=CARTESIAN_POINT('Ctrl Pts',(9.33678988078978,60.2308753176347,46.0881122039684));
#2068=CARTESIAN_POINT('Ctrl Pts',(7.04937925902174,60.2391156972411,46.437319033977));
#2069=CARTESIAN_POINT('',(45.8828283788049,59.2481713777579,-3.0615157042496));
#2070=CARTESIAN_POINT('',(7.09991645164187,60.2389327388947,46.4295754133558));
#2071=CARTESIAN_POINT('Ctrl Pts',(45.8876247831599,59.2487186495312,-3.06195751123641));
#2072=CARTESIAN_POINT('Ctrl Pts',(46.2983371715021,59.2831004359186,1.4394930420011));
#2073=CARTESIAN_POINT('Ctrl Pts',(45.901839026059,59.3638908748604,8.44616461352799));
#2074=CARTESIAN_POINT('Ctrl Pts',(43.3545393712632,59.5098414028819,17.2543644884107));
#2075=CARTESIAN_POINT('Ctrl Pts',(39.4517461715843,59.6807979762234,25.7012452648858));
#2076=CARTESIAN_POINT('Ctrl Pts',(32.2658632775599,59.9151790827044,34.9329252979808));
#2077=CARTESIAN_POINT('Ctrl Pts',(22.531832330535,60.1073525374776,41.6325367163436));
#2078=CARTESIAN_POINT('Ctrl Pts',(13.9110870216373,60.2028705886074,45.0287434806957));
#2079=CARTESIAN_POINT('Ctrl Pts',(9.37035795302129,60.230670096664,46.0803475933437));
#2080=CARTESIAN_POINT('Ctrl Pts',(7.09991634980189,60.2389327098879,46.4295747465195));
#2081=CARTESIAN_POINT('',(7.09444574776892,60.2805245174499,46.435156644601));
#2082=CARTESIAN_POINT('Ctrl Pts',(7.0999219183303,60.2389326896229,46.4295738899979));
#2083=CARTESIAN_POINT('Ctrl Pts',(7.09738049509087,60.2527668595615,46.4316072322923));
#2084=CARTESIAN_POINT('Ctrl Pts',(7.09554762471638,60.2666308017349,46.4334691341124));
#2085=CARTESIAN_POINT('Ctrl Pts',(7.09444996333132,60.2805244978899,46.4351552806956));
#2086=CARTESIAN_POINT('',(7.05406810015961,60.7231273462929,46.4674412593235));
#2087=CARTESIAN_POINT('Ctrl Pts',(7.09444996333132,60.2805244978899,46.4351552806956));
#2088=CARTESIAN_POINT('Ctrl Pts',(7.08351486314277,60.4189353886841,46.4519529096738));
#2089=CARTESIAN_POINT('Ctrl Pts',(7.07099532266036,60.557897696541,46.462469616199));
#2090=CARTESIAN_POINT('Ctrl Pts',(7.05676677617974,60.696950271125,46.4667158654568));
#2091=CARTESIAN_POINT('Ctrl Pts',(7.05587395256374,60.7056756474397,46.4669823123227));
#2092=CARTESIAN_POINT('Ctrl Pts',(7.05497439844653,60.714401379963,46.4672240529238));
#2093=CARTESIAN_POINT('Ctrl Pts',(7.05406808249467,60.7231273548908,46.4674410830558));
#2094=CARTESIAN_POINT('',(7.051967796331,60.7635726553259,46.4679439617554));
#2095=CARTESIAN_POINT('Ctrl Pts',(7.05406808249463,60.7231273548908,46.4674410830559));
#2096=CARTESIAN_POINT('Ctrl Pts',(7.05267965624657,60.7364951837629,46.4677735623388));
#2097=CARTESIAN_POINT('Ctrl Pts',(7.05196779632377,60.7499767106579,46.4679439617579));
#2098=CARTESIAN_POINT('Ctrl Pts',(7.05196779633711,60.763572655326,46.4679439617537));
#2099=CARTESIAN_POINT('',(33.6319120199845,62.3786563098335,-32.8313045691662));
#2100=CARTESIAN_POINT('Ctrl Pts',(7.0519677963371,60.763572655326,46.4679439617537));
#2101=CARTESIAN_POINT('Ctrl Pts',(9.34018368555003,60.7719125251572,46.1206846171584));
#2102=CARTESIAN_POINT('Ctrl Pts',(13.900865339329,60.8000578026173,45.0744523659191));
#2103=CARTESIAN_POINT('Ctrl Pts',(22.5509206755731,60.8979944432598,41.698395993942));
#2104=CARTESIAN_POINT('Ctrl Pts',(32.3342805170853,61.0974027930521,35.0671944781182));
#2105=CARTESIAN_POINT('Ctrl Pts',(39.6852963484454,61.3660708402157,25.9268364583645));
#2106=CARTESIAN_POINT('Ctrl Pts',(43.8049049532864,61.597617098576,17.5052076386692));
#2107=CARTESIAN_POINT('Ctrl Pts',(46.6019149768471,61.8275948337212,8.66280984960036));
#2108=CARTESIAN_POINT('Ctrl Pts',(47.2062434257758,61.9944258341316,1.55531598135862));
#2109=CARTESIAN_POINT('Ctrl Pts',(46.617020689865,62.1904413350117,-7.47539897834709));
#2110=CARTESIAN_POINT('Ctrl Pts',(45.2094566233464,62.2944590729023,-14.1349167056102));
#2111=CARTESIAN_POINT('Ctrl Pts',(40.6910559450309,62.3814200668588,-24.238903097372));
#2112=CARTESIAN_POINT('Ctrl Pts',(36.7054435982955,62.3891390021852,-29.6826048306129));
#2113=CARTESIAN_POINT('Ctrl Pts',(33.6319111852025,62.3786562852185,-32.8313037542305));
#2114=CARTESIAN_POINT('',(32.641315386764,59.1859219259427,-31.9439528193267));
#2115=CARTESIAN_POINT('Ctrl Pts',(33.631910940672,62.3786562843844,-32.8313040047413));
#2116=CARTESIAN_POINT('Ctrl Pts',(33.6318666735021,62.3751029483989,-32.8313493623541));
#2117=CARTESIAN_POINT('Ctrl Pts',(33.6318192479457,62.3715496805149,-32.8313916373435));
#2118=CARTESIAN_POINT('Ctrl Pts',(33.6317686667722,62.3679964872857,-32.8314308322676));
#2119=CARTESIAN_POINT('Ctrl Pts',(33.6298689515396,62.2345465327617,-32.832902905555));
#2120=CARTESIAN_POINT('Ctrl Pts',(33.6235251758424,62.1014955749268,-32.8300301940151));
#2121=CARTESIAN_POINT('Ctrl Pts',(33.6129246273473,61.9691875118263,-32.8229852150884));
#2122=CARTESIAN_POINT('Ctrl Pts',(33.6020285259821,61.8331905803801,-32.8157438157838));
#2123=CARTESIAN_POINT('Ctrl Pts',(33.5866349374001,61.6979778725171,-32.8040942101339));
#2124=CARTESIAN_POINT('Ctrl Pts',(33.5669078187172,61.5639203730126,-32.7881855931166));
#2125=CARTESIAN_POINT('Ctrl Pts',(33.5470235505883,61.4287949495939,-32.7721502454605));
#2126=CARTESIAN_POINT('Ctrl Pts',(33.5227362649021,61.2948424719302,-32.7517875922358));
#2127=CARTESIAN_POINT('Ctrl Pts',(33.494176136974,61.162451175016,-32.7272139743103));
#2128=CARTESIAN_POINT('Ctrl Pts',(33.4656922634529,61.0304133576056,-32.7027059669685));
#2129=CARTESIAN_POINT('Ctrl Pts',(33.432958111132,60.8999276651834,-32.6740092312059));
#2130=CARTESIAN_POINT('Ctrl Pts',(33.3960684756336,60.7713984861891,-32.6412060759528));
#2131=CARTESIAN_POINT('Ctrl Pts',(33.3825424451267,60.7242717099927,-32.6291784027952));
#2132=CARTESIAN_POINT('Ctrl Pts',(33.3684574298157,60.6774082113691,-32.6165983528275));
#2133=CARTESIAN_POINT('Ctrl Pts',(33.3538170306192,60.6308288758791,-32.6034689522468));
#2134=CARTESIAN_POINT('Ctrl Pts',(33.3139310221441,60.5039290731358,-32.5676994779443));
#2135=CARTESIAN_POINT('Ctrl Pts',(33.2701035250606,60.3797045555652,-32.5280151053075));
#2136=CARTESIAN_POINT('Ctrl Pts',(33.2224921564051,60.2585241670827,-32.4845596643777));
#2137=CARTESIAN_POINT('Ctrl Pts',(33.1747472570961,60.137003916569,-32.4409823484928));
#2138=CARTESIAN_POINT('Ctrl Pts',(33.1231970170567,60.0185441573246,-32.3936125696996));
#2139=CARTESIAN_POINT('Ctrl Pts',(33.0679650534661,59.9035339850549,-32.3425614967878));
#2140=CARTESIAN_POINT('Ctrl Pts',(33.0132264576861,59.7895511584236,-32.2919664452526));
#2141=CARTESIAN_POINT('Ctrl Pts',(32.9548713606904,59.6789558941631,-32.2377553186815));
#2142=CARTESIAN_POINT('Ctrl Pts',(32.8929890781529,59.5721542059551,-32.1800066854967));
#2143=CARTESIAN_POINT('Ctrl Pts',(32.8325264208244,59.4678026272573,-32.1235828485557));
#2144=CARTESIAN_POINT('Ctrl Pts',(32.7686962693094,59.367072041203,-32.0637816706122));
#2145=CARTESIAN_POINT('Ctrl Pts',(32.7015562783686,59.2703759411775,-32.0006520143286));
#2146=CARTESIAN_POINT('Ctrl Pts',(32.6817634232056,59.2418699512926,-31.9820414049764));
#2147=CARTESIAN_POINT('Ctrl Pts',(32.6616827622182,59.2137148489889,-31.9631413779405));
#2148=CARTESIAN_POINT('Ctrl Pts',(32.641315386764,59.1859219259427,-31.9439528193267));
#2149=CARTESIAN_POINT('Ctrl Pts',(32.641315386764,59.1859219259427,-31.9439528193267));
#2150=CARTESIAN_POINT('Ctrl Pts',(35.6305673656418,59.1819758208289,-28.8683971736393));
#2151=CARTESIAN_POINT('Ctrl Pts',(39.513454656094,59.1803192401304,-23.5851543441749));
#2152=CARTESIAN_POINT('Ctrl Pts',(44.0009586427197,59.1931223116535,-13.8089186268144));
#2153=CARTESIAN_POINT('Ctrl Pts',(45.4949271943734,59.2158597007031,-7.36449268390616));
#2154=CARTESIAN_POINT('Ctrl Pts',(45.8875412248733,59.2487116554391,-3.06287324046274));
#2155=CARTESIAN_POINT('Ctrl Pts',(45.8875830075086,59.2487151523844,-3.06241537672642));
#2156=CARTESIAN_POINT('Ctrl Pts',(45.8876247831599,59.2487186495312,-3.06195751123641));
#2157=CARTESIAN_POINT('Ctrl Pts',(-37.7776129767381,62.3034346277229,-27.9616169706461));
#2158=CARTESIAN_POINT('Ctrl Pts',(-35.4719127664278,62.4419280300574,-31.0767390423391));
#2159=CARTESIAN_POINT('Ctrl Pts',(-27.4000814803055,62.784412114146,-39.577713829768));
#2160=CARTESIAN_POINT('Ctrl Pts',(-9.30292880693103,63.0329361123449,-48.0746597847347));
#2161=CARTESIAN_POINT('Ctrl Pts',(14.6632430727778,62.9671653062743,-46.716663312569));
#2162=CARTESIAN_POINT('Ctrl Pts',(28.2792118504088,62.6454173421734,-38.3323919017809));
#2163=CARTESIAN_POINT('Ctrl Pts',(33.684966522728,62.3760179417325,-32.7768683097702));
#2164=CARTESIAN_POINT('Ctrl Pts',(-37.7621231811807,61.6445920201487,-27.9825444979156));
#2165=CARTESIAN_POINT('Ctrl Pts',(-35.4555380337289,61.7379812882486,-31.0956484535485));
#2166=CARTESIAN_POINT('Ctrl Pts',(-27.3840257093845,61.9754081627248,-39.5868417553366));
#2167=CARTESIAN_POINT('Ctrl Pts',(-9.29787897670829,62.1546375253382,-48.0735257977921));
#2168=CARTESIAN_POINT('Ctrl Pts',(14.6521793849416,62.1070134039462,-46.716969840311));
#2169=CARTESIAN_POINT('Ctrl Pts',(28.2605988119915,61.8759995510569,-38.3460189512875));
#2170=CARTESIAN_POINT('Ctrl Pts',(33.6666394962762,61.6922580796535,-32.7957030949199));
#2171=CARTESIAN_POINT('Ctrl Pts',(-37.527639984922,60.4923544677778,-27.8656392120188));
#2172=CARTESIAN_POINT('Ctrl Pts',(-35.2029684081689,60.5072328720603,-30.9362182395255));
#2173=CARTESIAN_POINT('Ctrl Pts',(-27.116179610808,60.5614837232024,-39.2853987751959));
#2174=CARTESIAN_POINT('Ctrl Pts',(-9.19032944114398,60.6210438672356,-47.594873939022));
#2175=CARTESIAN_POINT('Ctrl Pts',(14.4801798856501,60.6043737481852,-46.2788073783927));
#2176=CARTESIAN_POINT('Ctrl Pts',(28.009292132275,60.5313329110372,-38.0922267265768));
#2177=CARTESIAN_POINT('Ctrl Pts',(33.4351717436464,60.4965653702203,-32.6345963576306));
#2178=CARTESIAN_POINT('Ctrl Pts',(-36.9704816549621,59.5306928825917,-27.5005316960746));
#2179=CARTESIAN_POINT('Ctrl Pts',(-34.6081798529787,59.5053559982352,-30.47167870743));
#2180=CARTESIAN_POINT('Ctrl Pts',(-26.4994141737965,59.4894112474615,-38.4992800671271));
#2181=CARTESIAN_POINT('Ctrl Pts',(-8.94553036009043,59.5303583977366,-46.4292081212921));
#2182=CARTESIAN_POINT('Ctrl Pts',(14.0961485204832,59.5180861068765,-45.1962918425189));
#2183=CARTESIAN_POINT('Ctrl Pts',(27.4333910617488,59.4773287363763,-37.4102102913662));
#2184=CARTESIAN_POINT('Ctrl Pts',(32.8974000284362,59.5135067242143,-32.1640403221576));
#2185=CARTESIAN_POINT('Ctrl Pts',(-36.6856477097009,59.1756922811811,-27.3071618373076));
#2186=CARTESIAN_POINT('Ctrl Pts',(-34.3062535568915,59.1441604441437,-30.2286930840797));
#2187=CARTESIAN_POINT('Ctrl Pts',(-26.1932598937952,59.1292620964718,-38.0995168257338));
#2188=CARTESIAN_POINT('Ctrl Pts',(-8.82650720452075,59.1885777398213,-45.8522607276208));
#2189=CARTESIAN_POINT('Ctrl Pts',(13.9095547773859,59.1712408340599,-44.6569258669018));
#2190=CARTESIAN_POINT('Ctrl Pts',(27.1449610708547,59.1113127588645,-37.0594955852608));
#2191=CARTESIAN_POINT('Ctrl Pts',(32.6243898801057,59.1556000291285,-31.9175834665868));
#2192=CARTESIAN_POINT('',(-37.7335764040546,62.3060740510715,-28.0210149279555));
#2193=CARTESIAN_POINT('Ctrl Pts',(33.6319111500805,62.3786562757666,-32.8313037215665));
#2194=CARTESIAN_POINT('Ctrl Pts',(28.2346981165424,62.6464683188858,-38.3597781514878));
#2195=CARTESIAN_POINT('Ctrl Pts',(14.6371297976091,62.9672369694154,-46.7181429704691));
#2196=CARTESIAN_POINT('Ctrl Pts',(-9.30292880693103,63.0329361123449,-48.0746597847347));
#2197=CARTESIAN_POINT('Ctrl Pts',(-27.3770635323196,62.7847282142843,-39.588521179607));
#2198=CARTESIAN_POINT('Ctrl Pts',(-35.4376781038173,62.4433791907783,-31.1127653314316));
#2199=CARTESIAN_POINT('Ctrl Pts',(-37.7335766498223,62.3060739431908,-28.0210151152508));
#2200=CARTESIAN_POINT('',(-36.7017602890756,59.1998824320348,-27.3241786849051));
#2201=CARTESIAN_POINT('Ctrl Pts',(-37.7335765296735,62.3060739503763,-28.0210152770481));
#2202=CARTESIAN_POINT('Ctrl Pts',(-37.7335388327817,62.3025458672437,-28.0210660792204));
#2203=CARTESIAN_POINT('Ctrl Pts',(-37.7334977470205,62.2990177975256,-28.0211143641851));
#2204=CARTESIAN_POINT('Ctrl Pts',(-37.7334532742572,62.2954897482114,-28.0211601331713));
#2205=CARTESIAN_POINT('Ctrl Pts',(-37.7317505462172,62.1604113752843,-28.0229124896843));
#2206=CARTESIAN_POINT('Ctrl Pts',(-37.7250900214505,62.0256501791263,-28.0209754141081));
#2207=CARTESIAN_POINT('Ctrl Pts',(-37.7136178372675,61.8915972978076,-28.0154493688094));
#2208=CARTESIAN_POINT('Ctrl Pts',(-37.7019370825348,61.7551072621775,-28.0098228570008));
#2209=CARTESIAN_POINT('Ctrl Pts',(-37.6852680749758,61.6193507866345,-28.0004756931241));
#2210=CARTESIAN_POINT('Ctrl Pts',(-37.6637221729014,61.4847380511576,-27.9874819222551));
#2211=CARTESIAN_POINT('Ctrl Pts',(-37.6421584747052,61.350014130517,-27.9744774190097));
#2212=CARTESIAN_POINT('Ctrl Pts',(-37.6157096645991,61.2164350667326,-27.9578202028756));
#2213=CARTESIAN_POINT('Ctrl Pts',(-37.5844465205892,61.0844208747184,-27.9375534584221));
#2214=CARTESIAN_POINT('Ctrl Pts',(-37.5535515380903,60.9539613102355,-27.9175253795122));
#2215=CARTESIAN_POINT('Ctrl Pts',(-37.5179547254101,60.8250292668499,-27.8939721574842));
#2216=CARTESIAN_POINT('Ctrl Pts',(-37.4776874256603,60.6980496937664,-27.8669067995719));
#2217=CARTESIAN_POINT('Ctrl Pts',(-37.4707968183941,60.6763207381524,-27.8622753305374));
#2218=CARTESIAN_POINT('Ctrl Pts',(-37.4637693628997,60.6546490176374,-27.8575409508513));
#2219=CARTESIAN_POINT('Ctrl Pts',(-37.4566051130201,60.6330367434123,-27.852703644271));
#2220=CARTESIAN_POINT('Ctrl Pts',(-37.429391415376,60.550941631427,-27.8343289363953));
#2221=CARTESIAN_POINT('Ctrl Pts',(-37.4002798964596,60.4699315379549,-27.8145203349753));
#2222=CARTESIAN_POINT('Ctrl Pts',(-37.369301137924,60.3901130007744,-27.7932982151206));
#2223=CARTESIAN_POINT('Ctrl Pts',(-37.3213155268504,60.2664753386258,-27.760425484332));
#2224=CARTESIAN_POINT('Ctrl Pts',(-37.2688516796477,60.1456954961487,-27.7241627476481));
#2225=CARTESIAN_POINT('Ctrl Pts',(-37.212152322673,60.0280976694847,-27.6846844156204));
#2226=CARTESIAN_POINT('Ctrl Pts',(-37.1552206975611,59.9100181049389,-27.6450443611478));
#2227=CARTESIAN_POINT('Ctrl Pts',(-37.0940184241803,59.7951460173099,-27.6021620726576));
#2228=CARTESIAN_POINT('Ctrl Pts',(-37.0287543471846,59.6838332914986,-27.5561849685149));
#2229=CARTESIAN_POINT('Ctrl Pts',(-36.9640844629264,59.5735340054893,-27.5106264600627));
#2230=CARTESIAN_POINT('Ctrl Pts',(-36.895425982747,59.4667289734399,-27.462028951399));
#2231=CARTESIAN_POINT('Ctrl Pts',(-36.8229519180653,59.3637930273455,-27.4105112894873));
#2232=CARTESIAN_POINT('Ctrl Pts',(-36.7836679507149,59.3079974491159,-27.3825865669345));
#2233=CARTESIAN_POINT('Ctrl Pts',(-36.7432624428145,59.2533392591227,-27.353803474969));
#2234=CARTESIAN_POINT('Ctrl Pts',(-36.7017598366943,59.1998831393969,-27.3241783150769));
#2235=CARTESIAN_POINT('',(-36.6856477097009,59.1756922811811,-27.3071618373076));
#2236=CARTESIAN_POINT('Ctrl Pts',(-36.6856477097009,59.1756922811811,-27.3071618373076));
#2237=CARTESIAN_POINT('Ctrl Pts',(-36.6901036712955,59.1836968358777,-27.313976767881));
#2238=CARTESIAN_POINT('Ctrl Pts',(-36.6954544875942,59.1917617229809,-27.3196774492512));
#2239=CARTESIAN_POINT('Ctrl Pts',(-36.7017598366943,59.1998831393969,-27.3241783150769));
#2240=CARTESIAN_POINT('',(32.6243898801057,59.1556000291285,-31.9175834665868));
#2241=CARTESIAN_POINT('Ctrl Pts',(-36.6856477097009,59.1756922811811,-27.3071618373076));
#2242=CARTESIAN_POINT('Ctrl Pts',(-34.3062535568915,59.1441604441437,-30.2286930840797));
#2243=CARTESIAN_POINT('Ctrl Pts',(-26.1932598937952,59.1292620964718,-38.0995168257338));
#2244=CARTESIAN_POINT('Ctrl Pts',(-8.82650720452075,59.1885777398213,-45.8522607276208));
#2245=CARTESIAN_POINT('Ctrl Pts',(13.9095547773859,59.1712408340599,-44.6569258669018));
#2246=CARTESIAN_POINT('Ctrl Pts',(27.1449610708547,59.1113127588645,-37.0594955852608));
#2247=CARTESIAN_POINT('Ctrl Pts',(32.6243898801057,59.1556000291285,-31.9175834665868));
#2248=CARTESIAN_POINT('Ctrl Pts',(32.6413147006278,59.1859232064557,-31.9439520846636));
#2249=CARTESIAN_POINT('Ctrl Pts',(32.633744759484,59.1755919057285,-31.9368202653036));
#2250=CARTESIAN_POINT('Ctrl Pts',(32.6281973851968,59.1654776364788,-31.9279253453815));
#2251=CARTESIAN_POINT('Ctrl Pts',(32.6243898801057,59.1556000291285,-31.9175834665868));
#2252=CARTESIAN_POINT('Ctrl Pts',(-7.05190114485537,60.7635275419974,46.4679540767239));
#2253=CARTESIAN_POINT('Ctrl Pts',(-9.19999686890775,60.7732728641552,46.1419625628584));
#2254=CARTESIAN_POINT('Ctrl Pts',(-13.4721899314574,60.8027168759367,45.181931717373));
#2255=CARTESIAN_POINT('Ctrl Pts',(-21.6241209328344,60.8975728713928,42.1371970638916));
#2256=CARTESIAN_POINT('Ctrl Pts',(-29.1257333321105,61.0477519891603,37.3368485741802));
#2257=CARTESIAN_POINT('Ctrl Pts',(-35.3234857310222,61.2334272378535,31.2346168495416));
#2258=CARTESIAN_POINT('Ctrl Pts',(-40.6872594987923,61.4402382898748,24.2322599410709));
#2259=CARTESIAN_POINT('Ctrl Pts',(-45.403428640246,61.7155655508629,14.3352227451118));
#2260=CARTESIAN_POINT('Ctrl Pts',(-46.8745548192158,61.9301058366766,5.56417763500209));
#2261=CARTESIAN_POINT('Ctrl Pts',(-47.0957767634344,62.1230645033583,-2.93205701289948));
#2262=CARTESIAN_POINT('Ctrl Pts',(-46.1796453412232,62.2609825115755,-11.383074355319));
#2263=CARTESIAN_POINT('Ctrl Pts',(-42.3396326921405,62.3196566714041,-21.1369620307098));
#2264=CARTESIAN_POINT('Ctrl Pts',(-38.9332760520983,62.3126352788662,-26.4104905107851));
#2265=CARTESIAN_POINT('Ctrl Pts',(-37.6925480999794,62.3058510939118,-28.0761800030572));
#2266=CARTESIAN_POINT('Ctrl Pts',(-7.05276014299141,60.5883697950409,46.4678237165636));
#2267=CARTESIAN_POINT('Ctrl Pts',(-9.20116441916991,60.5916223915322,46.1417451432026));
#2268=CARTESIAN_POINT('Ctrl Pts',(-13.4740460548012,60.6014490388018,45.1814291281667));
#2269=CARTESIAN_POINT('Ctrl Pts',(-21.627797124947,60.6331338577659,42.1355428291284));
#2270=CARTESIAN_POINT('Ctrl Pts',(-29.1318648840179,60.6833730342521,37.3324301989752));
#2271=CARTESIAN_POINT('Ctrl Pts',(-35.3316344034021,60.7465297639452,31.2256350129169));
#2272=CARTESIAN_POINT('Ctrl Pts',(-40.6961665182757,60.8183150522366,24.217872377241));
#2273=CARTESIAN_POINT('Ctrl Pts',(-45.4108348335283,60.9175562739309,14.3136348002417));
#2274=CARTESIAN_POINT('Ctrl Pts',(-46.8772896212303,61.0012886581306,5.54025577500263));
#2275=CARTESIAN_POINT('Ctrl Pts',(-47.0942093991308,61.0795576933056,-2.95526881814379));
#2276=CARTESIAN_POINT('Ctrl Pts',(-46.1754216331957,61.1405034846684,-11.395116348836));
#2277=CARTESIAN_POINT('Ctrl Pts',(-42.3378982745921,61.1674790224315,-21.1401350313933));
#2278=CARTESIAN_POINT('Ctrl Pts',(-38.9347086305192,61.1656963831379,-26.408368112456));
#2279=CARTESIAN_POINT('Ctrl Pts',(-37.6950137735952,61.1631694775473,-28.0728698119503));
#2280=CARTESIAN_POINT('Ctrl Pts',(-7.05208293396507,60.413212590547,46.4575706567311));
#2281=CARTESIAN_POINT('Ctrl Pts',(-9.20021359601576,60.4099725763691,46.1307242107796));
#2282=CARTESIAN_POINT('Ctrl Pts',(-13.4722959291181,60.4001804151068,45.167982026097));
#2283=CARTESIAN_POINT('Ctrl Pts',(-21.6219247988519,60.3687011805737,42.1133743809471));
#2284=CARTESIAN_POINT('Ctrl Pts',(-29.1137716054675,60.3189923850706,37.292713023433));
#2285=CARTESIAN_POINT('Ctrl Pts',(-35.281631988306,60.2597100540141,31.1632435723581));
#2286=CARTESIAN_POINT('Ctrl Pts',(-40.5972425711802,60.1966070984538,24.1339645906407));
#2287=CARTESIAN_POINT('Ctrl Pts',(-45.2168755660668,60.120382895476,14.2170136291098));
#2288=CARTESIAN_POINT('Ctrl Pts',(-46.5857802417851,60.0745474938798,5.47726644719829));
#2289=CARTESIAN_POINT('Ctrl Pts',(-46.7159438089794,60.0399170577286,-2.95877267989328));
#2290=CARTESIAN_POINT('Ctrl Pts',(-45.7407848432457,60.0256338052834,-11.306890138261));
#2291=CARTESIAN_POINT('Ctrl Pts',(-41.9186897432815,60.0218666042494,-20.9348300642204));
#2292=CARTESIAN_POINT('Ctrl Pts',(-38.5561629559063,60.0251275738853,-26.1485587352387));
#2293=CARTESIAN_POINT('Ctrl Pts',(-37.3324944296896,60.0267266296403,-27.7977200558951));
#2294=CARTESIAN_POINT('Ctrl Pts',(-7.04987412556149,60.2392477123455,46.4372646598772));
#2295=CARTESIAN_POINT('Ctrl Pts',(-9.19715121021536,60.2296475984216,46.1089799172899));
#2296=CARTESIAN_POINT('Ctrl Pts',(-13.4669424697933,60.2006444615315,45.1416992101042));
#2297=CARTESIAN_POINT('Ctrl Pts',(-21.6066087801987,60.1080462816625,42.0710076910572));
#2298=CARTESIAN_POINT('Ctrl Pts',(-29.0717404268396,59.9637488814378,37.2185953862149));
#2299=CARTESIAN_POINT('Ctrl Pts',(-35.1758365940946,59.7972708622041,31.0505429110984));
#2300=CARTESIAN_POINT('Ctrl Pts',(-40.3977978759736,59.6240972437406,23.98703630435));
#2301=CARTESIAN_POINT('Ctrl Pts',(-44.8443218904686,59.4256458859998,14.058498617993));
#2302=CARTESIAN_POINT('Ctrl Pts',(-46.0516592624941,59.3161231778722,5.38733870202074));
#2303=CARTESIAN_POINT('Ctrl Pts',(-46.0452891166349,59.2372076859653,-2.94100322194787));
#2304=CARTESIAN_POINT('Ctrl Pts',(-44.9874160529776,59.2026377654712,-11.1394552287168));
#2305=CARTESIAN_POINT('Ctrl Pts',(-41.1957831381588,59.1934412974159,-20.5767800024717));
#2306=CARTESIAN_POINT('Ctrl Pts',(-37.8993728370303,59.1974796784412,-25.7009002224791));
#2307=CARTESIAN_POINT('Ctrl Pts',(-36.7017602890756,59.1998824320348,-27.3241786849051));
#2308=CARTESIAN_POINT('',(-7.0519677963321,60.7635278443785,46.4679439617552));
#2309=CARTESIAN_POINT('Ctrl Pts',(-37.7335758845617,62.3060740173024,-28.0210145420588));
#2310=CARTESIAN_POINT('Ctrl Pts',(-38.9583156635383,62.3126863516921,-26.3716946924749));
#2311=CARTESIAN_POINT('Ctrl Pts',(-42.3481059395935,62.3195272029048,-21.1154394182981));
#2312=CARTESIAN_POINT('Ctrl Pts',(-46.1796453412232,62.2609825115755,-11.383074355319));
#2313=CARTESIAN_POINT('Ctrl Pts',(-47.0957767634344,62.1230645033583,-2.93205701289948));
#2314=CARTESIAN_POINT('Ctrl Pts',(-46.8745548192158,61.9301058366766,5.56417763500209));
#2315=CARTESIAN_POINT('Ctrl Pts',(-45.403428640246,61.7155655508629,14.3352227451118));
#2316=CARTESIAN_POINT('Ctrl Pts',(-40.6872594987923,61.4402382898748,24.2322599410709));
#2317=CARTESIAN_POINT('Ctrl Pts',(-35.3234857310222,61.2334272378535,31.2346168495416));
#2318=CARTESIAN_POINT('Ctrl Pts',(-29.1257333321105,61.0477519891603,37.3368485741802));
#2319=CARTESIAN_POINT('Ctrl Pts',(-21.6241209328344,60.8975728713928,42.1371970638916));
#2320=CARTESIAN_POINT('Ctrl Pts',(-13.472211009752,60.8027171212041,45.1819238446599));
#2321=CARTESIAN_POINT('Ctrl Pts',(-9.20004105501932,60.773273168687,46.1419526335086));
#2322=CARTESIAN_POINT('Ctrl Pts',(-7.05196779633978,60.7635278443786,46.467943961753));
#2323=CARTESIAN_POINT('',(-7.05406364700055,60.7231271672957,46.4674423253433));
#2324=CARTESIAN_POINT('Ctrl Pts',(-7.05196779633978,60.7635278443786,46.467943961753));
#2325=CARTESIAN_POINT('Ctrl Pts',(-7.05196779632437,60.7499368212605,46.4679439617585));
#2326=CARTESIAN_POINT('Ctrl Pts',(-7.05267913794802,60.7364700573594,46.467773686121));
#2327=CARTESIAN_POINT('Ctrl Pts',(-7.0540636275241,60.7231271758634,46.4674421499241));
#2328=CARTESIAN_POINT('',(-7.09443937823738,60.2805247597656,46.43515823073));
#2329=CARTESIAN_POINT('Ctrl Pts',(-7.09444271033455,60.2805247438698,46.4351570396001));
#2330=CARTESIAN_POINT('Ctrl Pts',(-7.08350674214272,60.4188063255837,46.4519417032101));
#2331=CARTESIAN_POINT('Ctrl Pts',(-7.0709992859391,60.5576394380778,46.4624547586919));
#2332=CARTESIAN_POINT('Ctrl Pts',(-7.05679924197114,60.6965646053056,46.4667057489778));
#2333=CARTESIAN_POINT('Ctrl Pts',(-7.05589425737566,60.7054184607267,46.4669766693167));
#2334=CARTESIAN_POINT('Ctrl Pts',(-7.05498239654189,60.7142726905544,46.4672221378474));
#2335=CARTESIAN_POINT('Ctrl Pts',(-7.0540636275241,60.7231271758634,46.4674421499241));
#2336=CARTESIAN_POINT('',(-7.09989984029774,60.2390231832736,46.4295887057657));
#2337=CARTESIAN_POINT('Ctrl Pts',(-7.09444271033455,60.2805247438698,46.4351570396001));
#2338=CARTESIAN_POINT('Ctrl Pts',(-7.09554279629048,60.2666145103049,46.4334686111735));
#2339=CARTESIAN_POINT('Ctrl Pts',(-7.09737708269218,60.2527799225234,46.4316093482549));
#2340=CARTESIAN_POINT('Ctrl Pts',(-7.09990416951261,60.2390231396157,46.4295874030415));
#2341=CARTESIAN_POINT('',(-46.0447550002089,59.2749983496279,1.12286135010801));
#2342=CARTESIAN_POINT('Ctrl Pts',(-7.09989974542716,60.2390231595536,46.4295880844462));
#2343=CARTESIAN_POINT('Ctrl Pts',(-9.23030780260309,60.2294220964966,46.1014593574691));
#2344=CARTESIAN_POINT('Ctrl Pts',(-13.4827458265941,60.2004646799508,45.1357373890848));
#2345=CARTESIAN_POINT('Ctrl Pts',(-21.6066087801987,60.1080462816625,42.0710076910572));
#2346=CARTESIAN_POINT('Ctrl Pts',(-29.0717404268396,59.9637488814378,37.2185953862149));
#2347=CARTESIAN_POINT('Ctrl Pts',(-35.1758365940946,59.7972708622041,31.0505429110984));
#2348=CARTESIAN_POINT('Ctrl Pts',(-40.3977978759736,59.6240972437406,23.98703630435));
#2349=CARTESIAN_POINT('Ctrl Pts',(-44.8443218904686,59.4256458859998,14.058498617993));
#2350=CARTESIAN_POINT('Ctrl Pts',(-46.0516592624941,59.3161231778722,5.38733870202074));
#2351=CARTESIAN_POINT('Ctrl Pts',(-46.048400889914,59.2757573713965,1.12733562476224));
#2352=CARTESIAN_POINT('Ctrl Pts',(-46.0483990153958,59.2757361321047,1.12509344705581));
#2353=CARTESIAN_POINT('Ctrl Pts',(-46.0483969813452,59.2757148992688,1.12285126069022));
#2354=CARTESIAN_POINT('Ctrl Pts',(-46.0483969813452,59.2757148992688,1.12285126069022));
#2355=CARTESIAN_POINT('Ctrl Pts',(-46.044706266145,59.2371886461275,-2.94551906740914));
#2356=CARTESIAN_POINT('Ctrl Pts',(-44.9865806457661,59.2026357392214,-11.1415345463487));
#2357=CARTESIAN_POINT('Ctrl Pts',(-41.1957831381588,59.1934412974159,-20.5767800024717));
#2358=CARTESIAN_POINT('Ctrl Pts',(-37.8993728370303,59.1974796784412,-25.7009002224791));
#2359=CARTESIAN_POINT('Ctrl Pts',(-36.7017602890756,59.1998824320348,-27.3241786849051));
#2360=CARTESIAN_POINT('Ctrl Pts',(7.07970848963041,60.7241598258906,46.4612915336736));
#2361=CARTESIAN_POINT('Ctrl Pts',(4.76534546123146,60.6307987456113,47.0174455536832));
#2362=CARTESIAN_POINT('Ctrl Pts',(3.29957183395546E-6,60.5312024064937,
47.5824844290056));
#2363=CARTESIAN_POINT('Ctrl Pts',(-4.76533898945247,60.6307985672236,47.017446581428));
#2364=CARTESIAN_POINT('Ctrl Pts',(-7.07970214177978,60.7241595698193,46.4612930590959));
#2365=CARTESIAN_POINT('Ctrl Pts',(7.08634268101892,60.5760402816919,46.4596973014097));
#2366=CARTESIAN_POINT('Ctrl Pts',(4.76736124514893,60.5435457445865,47.0175102361805));
#2367=CARTESIAN_POINT('Ctrl Pts',(3.29841897818618E-6,60.5104612855589,
47.5824234940901));
#2368=CARTESIAN_POINT('Ctrl Pts',(-4.76735476630258,60.5435456842886,47.0175112649836));
#2369=CARTESIAN_POINT('Ctrl Pts',(-7.08633632050252,60.5760401925655,46.4596988313877));
#2370=CARTESIAN_POINT('Ctrl Pts',(7.09126310201453,60.4279209730983,46.4509714817422));
#2371=CARTESIAN_POINT('Ctrl Pts',(4.7696359216155,60.4562924260677,47.0161858080627));
#2372=CARTESIAN_POINT('Ctrl Pts',(3.29714840469037E-6,60.489720381731,47.5818255088496));
#2373=CARTESIAN_POINT('Ctrl Pts',(-4.76962943586938,60.4562924838611,47.0161868430018));
#2374=CARTESIAN_POINT('Ctrl Pts',(-7.09125673424136,60.4279210509153,46.4509730320207));
#2375=CARTESIAN_POINT('Ctrl Pts',(7.09444574776893,60.2805245174499,46.435156644601));
#2376=CARTESIAN_POINT('Ctrl Pts',(4.7721781281881,60.3688703959867,47.0134437320852));
#2377=CARTESIAN_POINT('Ctrl Pts',(3.29575375936055E-6,60.4691918901889,
47.5807156558355));
#2378=CARTESIAN_POINT('Ctrl Pts',(-4.77217163570131,60.3688705721525,47.0134447783424));
#2379=CARTESIAN_POINT('Ctrl Pts',(-7.09443937823751,60.2805247597656,46.43515823073));
#2380=CARTESIAN_POINT('',(7.09226229985231,60.280607570805,46.4357002711119));
#2381=CARTESIAN_POINT('',(-7.09226229985301,60.280607570805,46.4357002711117));
#2382=CARTESIAN_POINT('Ctrl Pts',(7.09226230086019,60.2806075702134,46.4357002712877));
#2383=CARTESIAN_POINT('Ctrl Pts',(4.77068250661493,60.3689018322781,47.0136214898595));
#2384=CARTESIAN_POINT('Ctrl Pts',(1.11421247156853E-6,60.469160499771,47.5805381574633));
#2385=CARTESIAN_POINT('Ctrl Pts',(-4.77068037714875,60.3689019166968,47.013622017313));
#2386=CARTESIAN_POINT('Ctrl Pts',(-7.09226230085501,60.2806075702169,46.4357002712865));
#2387=CARTESIAN_POINT('Ctrl Pts',(-7.09226229996295,60.2806075707593,46.4357002715604));
#2388=CARTESIAN_POINT('Ctrl Pts',(-7.09298799894815,60.2805799709934,46.4355196200744));
#2389=CARTESIAN_POINT('Ctrl Pts',(-7.09371369170328,60.2805523674984,46.4353389398159));
#2390=CARTESIAN_POINT('Ctrl Pts',(-7.09443937822639,60.2805247602746,46.4351582307846));
#2391=CARTESIAN_POINT('',(-7.05196779652798,60.7230429358717,46.4679439617079));
#2392=CARTESIAN_POINT('Ctrl Pts',(-7.05406363238363,60.7231271672959,46.4674422642818));
#2393=CARTESIAN_POINT('Ctrl Pts',(-7.05336502082221,60.7230990886736,46.4676094979059));
#2394=CARTESIAN_POINT('Ctrl Pts',(-7.05266640306233,60.723071014021,46.4677767066045));
#2395=CARTESIAN_POINT('Ctrl Pts',(-7.05196777910585,60.7230429433384,46.4679438903774));
#2396=CARTESIAN_POINT('',(7.05196779652726,60.7230429358716,46.4679439617081));
#2397=CARTESIAN_POINT('Ctrl Pts',(-7.05196777714206,60.7230429873335,46.4679438908473));
#2398=CARTESIAN_POINT('Ctrl Pts',(-4.74630593736744,60.6304015688149,47.0196988683102));
#2399=CARTESIAN_POINT('Ctrl Pts',(1.12091654281242E-6,60.5315994506056,
47.5802318828044));
#2400=CARTESIAN_POINT('Ctrl Pts',(4.74630805285133,60.630401655796,47.0196983592041));
#2401=CARTESIAN_POINT('Ctrl Pts',(7.0519677771325,60.723042987357,46.4679438908152));
#2402=CARTESIAN_POINT('Ctrl Pts',(7.05406808554054,60.7231273462929,46.467441198253));
#2403=CARTESIAN_POINT('Ctrl Pts',(7.05336798961676,60.7230992079936,46.4676087873153));
#2404=CARTESIAN_POINT('Ctrl Pts',(7.05266788746814,60.723071073681,46.4677763513461));
#2405=CARTESIAN_POINT('Ctrl Pts',(7.05196777909657,60.7230429433553,46.4679438903452));
#2406=CARTESIAN_POINT('Ctrl Pts',(7.09226229996291,60.280607570759,46.4357002715632));
#2407=CARTESIAN_POINT('Ctrl Pts',(7.09299012216179,60.2805798902442,46.4355190915353));
#2408=CARTESIAN_POINT('Ctrl Pts',(7.0937179380941,60.2805522059784,46.4353378825663));
#2409=CARTESIAN_POINT('Ctrl Pts',(7.09444574775786,60.280524517962,46.4351566446559));
#2410=CARTESIAN_POINT('Origin',(0.,32.5000004842877,0.));
#2411=CARTESIAN_POINT('',(7.05196779632625,66.5000004842877,46.4679439617561));
#2412=CARTESIAN_POINT('',(7.05196779632625,32.5000004842877,46.4679439617561));
#2413=CARTESIAN_POINT('',(-7.05196779632699,66.5000004842877,46.467943961756));
#2414=CARTESIAN_POINT('Origin',(0.,66.5000004842877,0.));
#2415=CARTESIAN_POINT('',(-7.05196779632699,32.5000004842877,46.467943961756));
#2416=CARTESIAN_POINT('Ctrl Pts',(23.5059047545267,35.5000004842877,-7.15011350826998));
#2417=CARTESIAN_POINT('Ctrl Pts',(26.684596623496,43.7463112358234,-15.7840208171274));
#2418=CARTESIAN_POINT('Ctrl Pts',(29.8632884924653,51.992621987359,-24.4179281259848));
#2419=CARTESIAN_POINT('Ctrl Pts',(33.0419803614347,60.2389327388947,-33.0518354348421));
#2420=CARTESIAN_POINT('Ctrl Pts',(24.0500743837464,35.5000004842877,-4.77165906704609));
#2421=CARTESIAN_POINT('Ctrl Pts',(28.0856409456421,43.7463112358234,-13.1589407634676));
#2422=CARTESIAN_POINT('Ctrl Pts',(32.1229325059634,51.9926219873591,-21.5459217526514));
#2423=CARTESIAN_POINT('Ctrl Pts',(36.1584990678592,60.2389327388947,-29.933203449073));
#2424=CARTESIAN_POINT('Ctrl Pts',(25.4105078199015,35.5000004842878,1.17447267467));
#2425=CARTESIAN_POINT('Ctrl Pts',(31.2246673145943,43.7463112358234,-6.22706423349471));
#2426=CARTESIAN_POINT('Ctrl Pts',(37.0373156962901,51.992621987359,-13.628292478798));
#2427=CARTESIAN_POINT('Ctrl Pts',(42.851475190983,60.2389327388947,-21.0298293869627));
#2428=CARTESIAN_POINT('Ctrl Pts',(26.770953334512,35.5000004842877,7.12061617156165));
#2429=CARTESIAN_POINT('Ctrl Pts',(33.2182101944863,43.7463112358234,1.3358810218184));
#2430=CARTESIAN_POINT('Ctrl Pts',(39.6649137625713,51.9926219873591,-4.44837007406772));
#2431=CARTESIAN_POINT('Ctrl Pts',(46.1121706225456,60.2389327388947,-10.233105223811));
#2432=CARTESIAN_POINT('Ctrl Pts',(28.1644232213486,35.5000004842878,13.2110112723228));
#2433=CARTESIAN_POINT('Ctrl Pts',(34.4513982240211,43.7463112358234,9.15071724723174));
#2434=CARTESIAN_POINT('Ctrl Pts',(40.7408979223255,51.992621987359,5.08975899095133));
#2435=CARTESIAN_POINT('Ctrl Pts',(47.027872924998,60.2389327388947,1.02946496586027));
#2436=CARTESIAN_POINT('Ctrl Pts',(28.6222195980422,35.5000004842877,18.4155940795074));
#2437=CARTESIAN_POINT('Ctrl Pts',(34.541537428481,43.7463112358234,15.7681330724846));
#2438=CARTESIAN_POINT('Ctrl Pts',(40.4601840144257,51.992621987359,13.1206778184027));
#2439=CARTESIAN_POINT('Ctrl Pts',(46.3795018448645,60.2389327388947,10.4732168113799));
#2440=CARTESIAN_POINT('Ctrl Pts',(27.169114425395,35.5000004842878,26.1169693618355));
#2441=CARTESIAN_POINT('Ctrl Pts',(31.8672851545834,43.7463112358234,25.3178366992874));
#2442=CARTESIAN_POINT('Ctrl Pts',(36.5669749340545,51.992621987359,24.5190295114014));
#2443=CARTESIAN_POINT('Ctrl Pts',(41.2651456632429,60.2389327388947,23.7198968488532));
#2444=CARTESIAN_POINT('Ctrl Pts',(23.6828676709597,35.5000004842877,33.1361856633275));
#2445=CARTESIAN_POINT('Ctrl Pts',(26.6095287142357,43.7463112358234,33.7112002154605));
#2446=CARTESIAN_POINT('Ctrl Pts',(29.5359725045155,51.992621987359,34.2863603677006));
#2447=CARTESIAN_POINT('Ctrl Pts',(32.4626335477916,60.2389327388947,34.8613749198336));
#2448=CARTESIAN_POINT('Ctrl Pts',(18.4255488232101,35.5000004842878,38.9483671183309));
#2449=CARTESIAN_POINT('Ctrl Pts',(19.2040997296694,43.7463112358234,40.2667507233164));
#2450=CARTESIAN_POINT('Ctrl Pts',(19.9828442551812,51.992621987359,41.5848933034056));
#2451=CARTESIAN_POINT('Ctrl Pts',(20.7613951616406,60.2389327388947,42.9032769083911));
#2452=CARTESIAN_POINT('Ctrl Pts',(14.0022950493271,35.5000004842877,41.7289920619587));
#2453=CARTESIAN_POINT('Ctrl Pts',(13.2433308653468,43.7463112358234,43.0596664022271));
#2454=CARTESIAN_POINT('Ctrl Pts',(12.4843343830771,51.992621987359,44.3895620827886));
#2455=CARTESIAN_POINT('Ctrl Pts',(11.7253701990968,60.2389327388947,45.720236423057));
#2456=CARTESIAN_POINT('Ctrl Pts',(11.6435590750022,35.5000004842877,42.7937493247859));
#2457=CARTESIAN_POINT('Ctrl Pts',(10.1290115338821,43.7463112358234,44.0056913543092));
#2458=CARTESIAN_POINT('Ctrl Pts',(8.61446399276201,51.992621987359,45.2176333838325));
#2459=CARTESIAN_POINT('Ctrl Pts',(7.0999164516419,60.2389327388947,46.4295754133558));
#2460=CARTESIAN_POINT('',(23.5059047545267,35.5000004842877,-7.15011350826998));
#2461=CARTESIAN_POINT('',(23.5059047545266,35.5000004842877,-7.15011350826998));
#2462=CARTESIAN_POINT('',(27.5871769736745,35.5000004842877,10.6882948009092));
#2463=CARTESIAN_POINT('',(27.5871769736745,35.5000004842877,10.6882948009092));
#2464=CARTESIAN_POINT('',(11.6435590750022,35.5000004842877,42.7937493247859));
#2465=CARTESIAN_POINT('Origin',(0.,35.5000004842877,17.0000002533197));
#2466=CARTESIAN_POINT('',(11.6435590750022,35.5000004842877,42.7937493247859));
#2467=CARTESIAN_POINT('Ctrl Pts',(-23.5059047545267,35.5000004842877,-7.15011350826998));
#2468=CARTESIAN_POINT('Ctrl Pts',(-27.8996714982932,43.3928302311696,-13.8699235153271));
#2469=CARTESIAN_POINT('Ctrl Pts',(-32.2934382420598,51.2856599780515,-20.5897335223842));
#2470=CARTESIAN_POINT('Ctrl Pts',(-36.6872049858263,59.1784897249334,-27.3095435294413));
#2471=CARTESIAN_POINT('Ctrl Pts',(-19.0285895631882,35.5000004842877,-7.15011350826998));
#2472=CARTESIAN_POINT('Ctrl Pts',(-23.3816381858335,43.3928302311696,-15.7878694232428));
#2473=CARTESIAN_POINT('Ctrl Pts',(-27.7276637541566,51.2856599780515,-24.4229095851997));
#2474=CARTESIAN_POINT('Ctrl Pts',(-32.0807123768019,59.1784897249334,-33.0606655001725));
#2475=CARTESIAN_POINT('Ctrl Pts',(-10.0739591805114,35.5000004842877,-7.15011350826998));
#2476=CARTESIAN_POINT('Ctrl Pts',(-13.3883177999746,43.3928302311696,-18.8970890988559));
#2477=CARTESIAN_POINT('Ctrl Pts',(-16.7043740441077,51.2856599780515,-30.6423891218876));
#2478=CARTESIAN_POINT('Ctrl Pts',(-20.0187326635708,59.1784897249334,-42.3893647124735));
#2479=CARTESIAN_POINT('Ctrl Pts',(3.3579863935038,35.5000004842877,-7.15011350826998));
#2480=CARTESIAN_POINT('Ctrl Pts',(3.1076708877144,43.3928302311696,-20.3087573722098));
#2481=CARTESIAN_POINT('Ctrl Pts',(2.86048807840202,51.2856599780515,-33.468178687534));
#2482=CARTESIAN_POINT('Ctrl Pts',(2.61017257261262,59.1784897249334,-46.6268225514738));
#2483=CARTESIAN_POINT('Ctrl Pts',(14.5512743718498,35.5000004842878,-7.15011350826998));
#2484=CARTESIAN_POINT('Ctrl Pts',(16.6984231427152,43.3928302311696,-18.5015845402306));
#2485=CARTESIAN_POINT('Ctrl Pts',(18.842454946784,51.2856599780515,-29.8505123996447));
#2486=CARTESIAN_POINT('Ctrl Pts',(20.9896037176493,59.1784897249334,-41.2019834316054));
#2487=CARTESIAN_POINT('Ctrl Pts',(21.2672471588574,35.5000004842877,-7.15011350826998));
#2488=CARTESIAN_POINT('Ctrl Pts',(24.1614700257243,43.3928302311696,-16.2608000437421));
#2489=CARTESIAN_POINT('Ctrl Pts',(27.0599578911104,51.2856599780515,-25.3775305947411));
#2490=CARTESIAN_POINT('Ctrl Pts',(29.9541807579773,59.1784897249334,-34.4882171302132));
#2491=CARTESIAN_POINT('Ctrl Pts',(23.5059047545266,35.5000004842877,-7.15011350826998));
#2492=CARTESIAN_POINT('Ctrl Pts',(26.5483408808757,43.3928302311696,-15.4139253500054));
#2493=CARTESIAN_POINT('Ctrl Pts',(29.5907770072248,51.2856599780515,-23.6777371917409));
#2494=CARTESIAN_POINT('Ctrl Pts',(32.6332131335739,59.1784897249334,-31.9415490334763));
#2495=CARTESIAN_POINT('',(-23.5059047545267,35.5000004842877,-7.15011350826998));
#2496=CARTESIAN_POINT('',(-23.5059047545267,35.5000004842877,-7.15011350826998));
#2497=CARTESIAN_POINT('',(23.5059047545267,35.5000004842877,-7.15011350826998));
#2498=CARTESIAN_POINT('Origin',(0.,63.81662417389,0.));
#2499=CARTESIAN_POINT('',(20.3915500870958,63.81662417389,45.6528715969265));
#2500=CARTESIAN_POINT('',(19.9837193831345,60.5000004842877,44.7398148316632));
#2501=CARTESIAN_POINT('Origin',(17.9445640766443,63.81662417389,40.1745270052954));
#2502=CARTESIAN_POINT('',(49.0000003360715,60.5000004842877,-0.00621452901009987));
#2503=CARTESIAN_POINT('Origin',(0.,60.5000004842877,0.));
#2504=CARTESIAN_POINT('',(34.3951338737411,60.5000004842877,-34.8994962336536));
#2505=CARTESIAN_POINT('Origin',(0.,60.5000004842877,0.));
#2506=CARTESIAN_POINT('',(35.0970748583813,63.81662417389,-35.6117303200108));
#2507=CARTESIAN_POINT('Origin',(30.8854258753756,63.81662417389,-31.3383226816095));
#2508=CARTESIAN_POINT('Origin',(0.,63.81662417389,0.));
#2509=CARTESIAN_POINT('Origin',(0.,63.8166241738899,0.));
#2510=CARTESIAN_POINT('',(-20.4173595825026,63.8166241738899,45.6413346395434));
#2511=CARTESIAN_POINT('',(-20.0090126890101,60.5000004842877,44.7285086132593));
#2512=CARTESIAN_POINT('Origin',(-17.9672764326023,63.8166241738899,40.1643744827982));
#2513=CARTESIAN_POINT('Origin',(0.,60.5000004842877,0.));
#2514=CARTESIAN_POINT('Origin',(0.,63.8166241738899,0.));
#2515=CARTESIAN_POINT('Origin',(0.,63.8166241738899,0.));
#2516=CARTESIAN_POINT('',(-34.3951338737411,60.5000004842877,-34.8994962336536));
#2517=CARTESIAN_POINT('',(-35.0970748583813,63.8166241738899,-35.6117303200108));
#2518=CARTESIAN_POINT('Origin',(-30.8854258753756,63.8166241738899,-31.3383226816095));
#2519=CARTESIAN_POINT('Origin',(0.,63.8166241738899,0.));
#2520=CARTESIAN_POINT('Origin',(0.,60.5000004842877,0.));
#2521=CARTESIAN_POINT('Origin',(0.,63.81662417389,0.));
#2522=CARTESIAN_POINT('Origin',(0.,60.5000004842877,0.));
#2523=CARTESIAN_POINT('',(-50.,63.8166241738899,6.12323399573677E-15));
#2524=CARTESIAN_POINT('Origin',(0.,63.81662417389,0.));
#2525=CARTESIAN_POINT('Origin',(0.,63.81662417389,0.));
#2526=CARTESIAN_POINT('Origin',(0.,0.,0.));
#2527=CARTESIAN_POINT('',(-50.,0.,6.12323399573677E-15));
#2528=CARTESIAN_POINT('Origin',(-16.2201014098227,29.0000004321337,40.6629840933992));
#2529=CARTESIAN_POINT('',(-16.732230105446,29.0000004321337,39.3012022806801));
#2530=CARTESIAN_POINT('',(-14.9081365448837,29.0000004321337,41.2918510900675));
#2531=CARTESIAN_POINT('Ctrl Pts',(-16.732230105446,29.0000004321337,39.3012022806801));
#2532=CARTESIAN_POINT('Ctrl Pts',(-16.732230105446,28.8304435246715,39.3012022806801));
#2533=CARTESIAN_POINT('Ctrl Pts',(-16.7109651356471,28.6496153352757,39.3276898926756));
#2534=CARTESIAN_POINT('Ctrl Pts',(-16.6237810247562,28.3170164443491,39.434685692366));
#2535=CARTESIAN_POINT('Ctrl Pts',(-16.5577783482183,28.165241955452,39.5151140079498));
#2536=CARTESIAN_POINT('Ctrl Pts',(-16.4037121334086,27.9255706626594,39.6990145023404));
#2537=CARTESIAN_POINT('Ctrl Pts',(-16.3053546911541,27.8216818782624,39.8147446191863));
#2538=CARTESIAN_POINT('Ctrl Pts',(-16.0865488099628,27.6838955294647,40.0653638402437));
#2539=CARTESIAN_POINT('Ctrl Pts',(-15.9660136698171,27.6500004321337,40.2001785923415));
#2540=CARTESIAN_POINT('Ctrl Pts',(-15.7369118177598,27.6500004321337,40.4501993911843));
#2541=CARTESIAN_POINT('Ctrl Pts',(-15.6131154062059,27.6838955294643,40.582025738623));
#2542=CARTESIAN_POINT('Ctrl Pts',(-15.3825200561219,27.8216818782611,40.8218419018083));
#2543=CARTESIAN_POINT('Ctrl Pts',(-15.2758027432813,27.9255706626578,40.9299116086259));
#2544=CARTESIAN_POINT('Ctrl Pts',(-15.106029801234,28.1652419554507,41.0994195392084));
#2545=CARTESIAN_POINT('Ctrl Pts',(-15.0316600519947,28.3170164443483,41.1721808452414));
#2546=CARTESIAN_POINT('Ctrl Pts',(-14.9326699995986,28.6496153352757,41.2683584926925));
#2547=CARTESIAN_POINT('Ctrl Pts',(-14.9081365452092,28.8304435246716,41.2918510903657));
#2548=CARTESIAN_POINT('Ctrl Pts',(-14.9081365452092,29.0000004321337,41.2918510903657));
#2549=CARTESIAN_POINT('Ctrl Pts',(-14.9081365452092,29.0000004321337,41.2918510903657));
#2550=CARTESIAN_POINT('Ctrl Pts',(-14.9081365452092,29.1695573395957,41.2918510903657));
#2551=CARTESIAN_POINT('Ctrl Pts',(-14.9326699995986,29.3503855289917,41.2683584926925));
#2552=CARTESIAN_POINT('Ctrl Pts',(-15.0316600519947,29.682984419919,41.1721808452414));
#2553=CARTESIAN_POINT('Ctrl Pts',(-15.106029801234,29.8347589088167,41.0994195392084));
#2554=CARTESIAN_POINT('Ctrl Pts',(-15.2758027432813,30.0744302016096,40.9299116086259));
#2555=CARTESIAN_POINT('Ctrl Pts',(-15.3825200561219,30.1783189860063,40.8218419018083));
#2556=CARTESIAN_POINT('Ctrl Pts',(-15.6131154062059,30.3161053348031,40.582025738623));
#2557=CARTESIAN_POINT('Ctrl Pts',(-15.7369118177598,30.3500004321337,40.4501993911843));
#2558=CARTESIAN_POINT('Ctrl Pts',(-15.9660136698171,30.3500004321337,40.2001785923415));
#2559=CARTESIAN_POINT('Ctrl Pts',(-16.0865488099628,30.3161053348026,40.0653638402437));
#2560=CARTESIAN_POINT('Ctrl Pts',(-16.3053546911541,30.178318986005,39.8147446191863));
#2561=CARTESIAN_POINT('Ctrl Pts',(-16.4037121334086,30.074430201608,39.6990145023404));
#2562=CARTESIAN_POINT('Ctrl Pts',(-16.5577783482183,29.8347589088153,39.5151140079498));
#2563=CARTESIAN_POINT('Ctrl Pts',(-16.6237810247562,29.6829844199183,39.434685692366));
#2564=CARTESIAN_POINT('Ctrl Pts',(-16.7109651356471,29.3503855289917,39.3276898926756));
#2565=CARTESIAN_POINT('Ctrl Pts',(-16.732230105446,29.1695573395959,39.3012022806802));
#2566=CARTESIAN_POINT('Ctrl Pts',(-16.732230105446,29.0000004321337,39.3012022806802));
#2567=CARTESIAN_POINT('',(-15.7206668586991,29.0000004321337,42.0363979464507));
#2568=CARTESIAN_POINT('',(-15.3080546295416,29.0000004321337,41.6583084980929));
#2569=CARTESIAN_POINT('',(-17.5447604189518,29.0000004321337,40.0457491367797));
#2570=CARTESIAN_POINT('Ctrl Pts',(-17.5447604189518,29.0000004321337,40.0457491367797));
#2571=CARTESIAN_POINT('Ctrl Pts',(-17.5447604189518,29.1695527791942,40.0457491367797));
#2572=CARTESIAN_POINT('Ctrl Pts',(-17.5234167217484,29.3503790113429,40.0721621934523));
#2573=CARTESIAN_POINT('Ctrl Pts',(-17.4359452450708,29.6829791624557,40.1788928844893));
#2574=CARTESIAN_POINT('Ctrl Pts',(-17.3697379845705,29.8347565068979,40.2591346769624));
#2575=CARTESIAN_POINT('Ctrl Pts',(-17.2152857226533,30.0744326149497,40.4426879554905));
#2576=CARTESIAN_POINT('Ctrl Pts',(-17.1167227419178,30.1783220861269,40.5582335972715));
#2577=CARTESIAN_POINT('Ctrl Pts',(-16.8976289119829,30.3161071110952,40.8085906484587));
#2578=CARTESIAN_POINT('Ctrl Pts',(-16.7770156702691,30.3500004321337,40.9433311710806));
#2579=CARTESIAN_POINT('Ctrl Pts',(-16.54791995829,30.3500004321337,41.1933452691998));
#2580=CARTESIAN_POINT('Ctrl Pts',(-16.4242043007446,30.3161071110956,41.3252429514796));
#2581=CARTESIAN_POINT('Ctrl Pts',(-16.1938952192779,30.178322086128,41.5653231180633));
#2582=CARTESIAN_POINT('Ctrl Pts',(-16.0873795933762,30.0744326149511,41.6735815031629));
#2583=CARTESIAN_POINT('Ctrl Pts',(-15.9179861921498,29.8347565068991,41.8434437499681));
#2584=CARTESIAN_POINT('Ctrl Pts',(-15.8438200869104,29.6829791624564,41.9163926048983));
#2585=CARTESIAN_POINT('Ctrl Pts',(-15.7451191799262,29.3503790113429,42.0128334188794));
#2586=CARTESIAN_POINT('Ctrl Pts',(-15.7206668586991,29.169552779194,42.0363979464507));
#2587=CARTESIAN_POINT('Ctrl Pts',(-15.7206668586991,29.0000004321337,42.0363979464507));
#2588=CARTESIAN_POINT('Ctrl Pts',(-15.7206668586991,29.0000004321337,42.0363979464507));
#2589=CARTESIAN_POINT('Ctrl Pts',(-15.7206668586991,28.8304480850733,42.0363979464507));
#2590=CARTESIAN_POINT('Ctrl Pts',(-15.7451191799262,28.6496218529245,42.0128334188793));
#2591=CARTESIAN_POINT('Ctrl Pts',(-15.8438200869104,28.3170217018109,41.9163926048982));
#2592=CARTESIAN_POINT('Ctrl Pts',(-15.9179861921498,28.1652443573682,41.8434437499681));
#2593=CARTESIAN_POINT('Ctrl Pts',(-16.0873795933762,27.9255682493162,41.6735815031629));
#2594=CARTESIAN_POINT('Ctrl Pts',(-16.1938952192779,27.8216787781393,41.5653231180633));
#2595=CARTESIAN_POINT('Ctrl Pts',(-16.4242043007446,27.6838937531717,41.3252429514796));
#2596=CARTESIAN_POINT('Ctrl Pts',(-16.54791995829,27.6500004321337,41.1933452691998));
#2597=CARTESIAN_POINT('Ctrl Pts',(-16.7770156702691,27.6500004321337,40.9433311710806));
#2598=CARTESIAN_POINT('Ctrl Pts',(-16.8976289119829,27.6838937531722,40.8085906484587));
#2599=CARTESIAN_POINT('Ctrl Pts',(-17.1167227419178,27.8216787781405,40.5582335972715));
#2600=CARTESIAN_POINT('Ctrl Pts',(-17.2152857226533,27.9255682493177,40.4426879554905));
#2601=CARTESIAN_POINT('Ctrl Pts',(-17.3697379845705,28.1652443573695,40.2591346769624));
#2602=CARTESIAN_POINT('Ctrl Pts',(-17.4359452450708,28.3170217018116,40.1788928844893));
#2603=CARTESIAN_POINT('Ctrl Pts',(-17.5234167217484,28.6496218529245,40.0721621934523));
#2604=CARTESIAN_POINT('Ctrl Pts',(-17.5447604189518,28.8304480850732,40.0457491367796));
#2605=CARTESIAN_POINT('Ctrl Pts',(-17.5447604189518,29.0000004321337,40.0457491367796));
#2606=CARTESIAN_POINT('Origin',(0.,29.0000004321337,47.7999995258547));
#2607=CARTESIAN_POINT('',(-1.35,29.0000004321337,47.2575739508503));
#2608=CARTESIAN_POINT('',(1.35,29.0000004321337,47.2575739508503));
#2609=CARTESIAN_POINT('Ctrl Pts',(-1.35,29.0000004321337,47.2575739508503));
#2610=CARTESIAN_POINT('Ctrl Pts',(-1.35,28.8304435246715,47.2575739508503));
#2611=CARTESIAN_POINT('Ctrl Pts',(-1.31610487860821,28.6496153352757,47.2597905418314));
#2612=CARTESIAN_POINT('Ctrl Pts',(-1.17831856878482,28.3170164443487,47.2677969872457));
#2613=CARTESIAN_POINT('Ctrl Pts',(-1.07442983252135,28.1652419554514,47.2734712920719));
#2614=CARTESIAN_POINT('Ctrl Pts',(-0.834758539728596,27.9255706626586,47.2841231366714));
#2615=CARTESIAN_POINT('Ctrl Pts',(-0.68298402255829,27.8216818782617,47.289792557233));
#2616=CARTESIAN_POINT('Ctrl Pts',(-0.350385040002355,27.6838955294645,47.2977878314022));
#2617=CARTESIAN_POINT('Ctrl Pts',(-0.169556818257233,27.6500004321337,47.2999995306135));
#2618=CARTESIAN_POINT('Ctrl Pts',(0.169556818257233,27.6500004321337,47.2999995306135));
#2619=CARTESIAN_POINT('Ctrl Pts',(0.350385040002357,27.6838955294645,47.2977878314022));
#2620=CARTESIAN_POINT('Ctrl Pts',(0.682984022558292,27.8216818782617,47.289792557233));
#2621=CARTESIAN_POINT('Ctrl Pts',(0.834758539728596,27.9255706626586,47.2841231366714));
#2622=CARTESIAN_POINT('Ctrl Pts',(1.07442983252135,28.1652419554514,47.2734712920719));
#2623=CARTESIAN_POINT('Ctrl Pts',(1.17831856878482,28.3170164443487,47.2677969872457));
#2624=CARTESIAN_POINT('Ctrl Pts',(1.31610487860821,28.6496153352757,47.2597905418313));
#2625=CARTESIAN_POINT('Ctrl Pts',(1.35,28.8304435246715,47.2575739508503));
#2626=CARTESIAN_POINT('Ctrl Pts',(1.35,29.0000004321337,47.2575739508503));
#2627=CARTESIAN_POINT('Ctrl Pts',(1.35,29.0000004321337,47.2575739508503));
#2628=CARTESIAN_POINT('Ctrl Pts',(1.35,29.1695573395958,47.2575739508503));
#2629=CARTESIAN_POINT('Ctrl Pts',(1.31610487860821,29.3503855289917,47.2597905418314));
#2630=CARTESIAN_POINT('Ctrl Pts',(1.17831856878482,29.6829844199187,47.2677969872457));
#2631=CARTESIAN_POINT('Ctrl Pts',(1.07442983252135,29.834758908816,47.2734712920719));
#2632=CARTESIAN_POINT('Ctrl Pts',(0.834758539728596,30.0744302016088,47.2841231366714));
#2633=CARTESIAN_POINT('Ctrl Pts',(0.682984022558291,30.1783189860056,47.289792557233));
#2634=CARTESIAN_POINT('Ctrl Pts',(0.350385040002357,30.3161053348028,47.2977878314022));
#2635=CARTESIAN_POINT('Ctrl Pts',(0.169556818257233,30.3500004321337,47.2999995306135));
#2636=CARTESIAN_POINT('Ctrl Pts',(-0.169556818257233,30.3500004321337,47.2999995306135));
#2637=CARTESIAN_POINT('Ctrl Pts',(-0.350385040002357,30.3161053348028,47.2977878314022));
#2638=CARTESIAN_POINT('Ctrl Pts',(-0.682984022558292,30.1783189860056,47.289792557233));
#2639=CARTESIAN_POINT('Ctrl Pts',(-0.834758539728596,30.0744302016088,47.2841231366714));
#2640=CARTESIAN_POINT('Ctrl Pts',(-1.07442983252135,29.834758908816,47.2734712920719));
#2641=CARTESIAN_POINT('Ctrl Pts',(-1.17831856878482,29.6829844199187,47.2677969872457));
#2642=CARTESIAN_POINT('Ctrl Pts',(-1.31610487860821,29.3503855289917,47.2597905418314));
#2643=CARTESIAN_POINT('Ctrl Pts',(-1.35,29.1695573395958,47.2575739508503));
#2644=CARTESIAN_POINT('Ctrl Pts',(-1.35,29.0000004321337,47.2575739508503));
#2645=CARTESIAN_POINT('',(1.35,29.0000004321337,48.3596427015504));
#2646=CARTESIAN_POINT('',(1.35,29.0000004321337,47.7999995258547));
#2647=CARTESIAN_POINT('',(-1.35,29.0000004321337,48.3596427015504));
#2648=CARTESIAN_POINT('Ctrl Pts',(-1.35,29.0000004321337,48.3596427015504));
#2649=CARTESIAN_POINT('Ctrl Pts',(-1.35,29.1695527791941,48.3596427015504));
#2650=CARTESIAN_POINT('Ctrl Pts',(-1.31610665909449,29.3503790113429,48.3617508797545));
#2651=CARTESIAN_POINT('Ctrl Pts',(-1.17832166636158,29.6829791624561,48.369366352078));
#2652=CARTESIAN_POINT('Ctrl Pts',(-1.07443223443886,29.8347565068985,48.3747638085991));
#2653=CARTESIAN_POINT('Ctrl Pts',(-0.834756126386965,30.0744326149504,48.3848964537805));
#2654=CARTESIAN_POINT('Ctrl Pts',(-0.682978758716235,30.1783220861275,48.3902897059321));
#2655=CARTESIAN_POINT('Ctrl Pts',(-0.350378532712476,30.3161071110954,48.397895562624));
#2656=CARTESIAN_POINT('Ctrl Pts',(-0.169552274023072,30.3500004321337,48.3999995306135));
#2657=CARTESIAN_POINT('Ctrl Pts',(0.169552274023072,30.3500004321337,48.3999995306135));
#2658=CARTESIAN_POINT('Ctrl Pts',(0.350378532712477,30.3161071110954,48.397895562624));
#2659=CARTESIAN_POINT('Ctrl Pts',(0.682978758716236,30.1783220861275,48.3902897059321));
#2660=CARTESIAN_POINT('Ctrl Pts',(0.834756126386964,30.0744326149504,48.3848964537805));
#2661=CARTESIAN_POINT('Ctrl Pts',(1.07443223443886,29.8347565068985,48.3747638085991));
#2662=CARTESIAN_POINT('Ctrl Pts',(1.17832166636158,29.6829791624561,48.369366352078));
#2663=CARTESIAN_POINT('Ctrl Pts',(1.31610665909449,29.3503790113429,48.3617508797545));
#2664=CARTESIAN_POINT('Ctrl Pts',(1.35,29.1695527791941,48.3596427015504));
#2665=CARTESIAN_POINT('Ctrl Pts',(1.35,29.0000004321337,48.3596427015504));
#2666=CARTESIAN_POINT('Ctrl Pts',(1.35,29.0000004321337,48.3596427015504));
#2667=CARTESIAN_POINT('Ctrl Pts',(1.35,28.8304480850733,48.3596427015504));
#2668=CARTESIAN_POINT('Ctrl Pts',(1.31610665909449,28.6496218529245,48.3617508797545));
#2669=CARTESIAN_POINT('Ctrl Pts',(1.17832166636158,28.3170217018113,48.369366352078));
#2670=CARTESIAN_POINT('Ctrl Pts',(1.07443223443886,28.1652443573689,48.3747638085991));
#2671=CARTESIAN_POINT('Ctrl Pts',(0.834756126386964,27.925568249317,48.3848964537805));
#2672=CARTESIAN_POINT('Ctrl Pts',(0.682978758716235,27.8216787781399,48.3902897059321));
#2673=CARTESIAN_POINT('Ctrl Pts',(0.350378532712476,27.683893753172,48.397895562624));
#2674=CARTESIAN_POINT('Ctrl Pts',(0.169552274023072,27.6500004321337,48.3999995306135));
#2675=CARTESIAN_POINT('Ctrl Pts',(-0.169552274023072,27.6500004321337,48.3999995306135));
#2676=CARTESIAN_POINT('Ctrl Pts',(-0.350378532712476,27.683893753172,48.397895562624));
#2677=CARTESIAN_POINT('Ctrl Pts',(-0.682978758716235,27.8216787781399,48.3902897059321));
#2678=CARTESIAN_POINT('Ctrl Pts',(-0.834756126386964,27.925568249317,48.3848964537805));
#2679=CARTESIAN_POINT('Ctrl Pts',(-1.07443223443886,28.1652443573689,48.3747638085991));
#2680=CARTESIAN_POINT('Ctrl Pts',(-1.17832166636158,28.3170217018113,48.369366352078));
#2681=CARTESIAN_POINT('Ctrl Pts',(-1.31610665909449,28.6496218529245,48.3617508797545));
#2682=CARTESIAN_POINT('Ctrl Pts',(-1.35,28.8304480850733,48.3596427015504));
#2683=CARTESIAN_POINT('Ctrl Pts',(-1.35,29.0000004321337,48.3596427015504));
#2684=CARTESIAN_POINT('Origin',(16.2201014098227,29.0000004321337,40.6629840933992));
#2685=CARTESIAN_POINT('',(14.9081365452092,29.0000004321337,41.2918510903657));
#2686=CARTESIAN_POINT('',(16.732230105446,29.0000004321337,39.3012022806801));
#2687=CARTESIAN_POINT('Ctrl Pts',(14.9081365452092,29.0000004321337,41.2918510903657));
#2688=CARTESIAN_POINT('Ctrl Pts',(14.9081365452092,28.8304435246716,41.2918510903657));
#2689=CARTESIAN_POINT('Ctrl Pts',(14.9326699995986,28.6496153352757,41.2683584926925));
#2690=CARTESIAN_POINT('Ctrl Pts',(15.0316600519947,28.3170164443483,41.1721808452414));
#2691=CARTESIAN_POINT('Ctrl Pts',(15.106029801234,28.1652419554507,41.0994195392084));
#2692=CARTESIAN_POINT('Ctrl Pts',(15.2758027432813,27.9255706626578,40.9299116086258));
#2693=CARTESIAN_POINT('Ctrl Pts',(15.3825200561219,27.8216818782611,40.8218419018083));
#2694=CARTESIAN_POINT('Ctrl Pts',(15.6131154062059,27.6838955294643,40.582025738623));
#2695=CARTESIAN_POINT('Ctrl Pts',(15.7369118177598,27.6500004321337,40.4501993911843));
#2696=CARTESIAN_POINT('Ctrl Pts',(15.9660136698171,27.6500004321337,40.2001785923415));
#2697=CARTESIAN_POINT('Ctrl Pts',(16.0865488099628,27.6838955294647,40.0653638402437));
#2698=CARTESIAN_POINT('Ctrl Pts',(16.3053546911541,27.8216818782624,39.8147446191863));
#2699=CARTESIAN_POINT('Ctrl Pts',(16.4037121334086,27.9255706626594,39.6990145023404));
#2700=CARTESIAN_POINT('Ctrl Pts',(16.5577783482183,28.165241955452,39.5151140079498));
#2701=CARTESIAN_POINT('Ctrl Pts',(16.6237810247562,28.3170164443491,39.434685692366));
#2702=CARTESIAN_POINT('Ctrl Pts',(16.7109651356471,28.6496153352757,39.3276898926756));
#2703=CARTESIAN_POINT('Ctrl Pts',(16.732230105446,28.8304435246715,39.3012022806801));
#2704=CARTESIAN_POINT('Ctrl Pts',(16.732230105446,29.0000004321337,39.3012022806801));
#2705=CARTESIAN_POINT('Ctrl Pts',(16.732230105446,29.0000004321337,39.3012022806801));
#2706=CARTESIAN_POINT('Ctrl Pts',(16.732230105446,29.1695573395959,39.3012022806801));
#2707=CARTESIAN_POINT('Ctrl Pts',(16.7109651356471,29.3503855289917,39.3276898926756));
#2708=CARTESIAN_POINT('Ctrl Pts',(16.6237810247562,29.6829844199183,39.434685692366));
#2709=CARTESIAN_POINT('Ctrl Pts',(16.5577783482183,29.8347589088153,39.5151140079498));
#2710=CARTESIAN_POINT('Ctrl Pts',(16.4037121334086,30.074430201608,39.6990145023404));
#2711=CARTESIAN_POINT('Ctrl Pts',(16.3053546911541,30.178318986005,39.8147446191863));
#2712=CARTESIAN_POINT('Ctrl Pts',(16.0865488099628,30.3161053348026,40.0653638402437));
#2713=CARTESIAN_POINT('Ctrl Pts',(15.9660136698171,30.3500004321337,40.2001785923415));
#2714=CARTESIAN_POINT('Ctrl Pts',(15.7369118177598,30.3500004321337,40.4501993911843));
#2715=CARTESIAN_POINT('Ctrl Pts',(15.6131154062059,30.3161053348031,40.582025738623));
#2716=CARTESIAN_POINT('Ctrl Pts',(15.3825200561219,30.1783189860063,40.8218419018083));
#2717=CARTESIAN_POINT('Ctrl Pts',(15.2758027432813,30.0744302016096,40.9299116086258));
#2718=CARTESIAN_POINT('Ctrl Pts',(15.106029801234,29.8347589088167,41.0994195392084));
#2719=CARTESIAN_POINT('Ctrl Pts',(15.0316600519947,29.682984419919,41.1721808452414));
#2720=CARTESIAN_POINT('Ctrl Pts',(14.9326699995986,29.3503855289917,41.2683584926925));
#2721=CARTESIAN_POINT('Ctrl Pts',(14.9081365452092,29.1695573395957,41.2918510903657));
#2722=CARTESIAN_POINT('Ctrl Pts',(14.9081365452092,29.0000004321337,41.2918510903657));
#2723=CARTESIAN_POINT('',(17.5447604189518,29.0000004321337,40.0457491367796));
#2724=CARTESIAN_POINT('',(17.1321481901039,29.0000004321337,39.6676596887055));
#2725=CARTESIAN_POINT('',(15.7206668586991,29.0000004321337,42.0363979464507));
#2726=CARTESIAN_POINT('Ctrl Pts',(15.7206668586991,29.0000004321337,42.0363979464507));
#2727=CARTESIAN_POINT('Ctrl Pts',(15.7206668586991,29.169552779194,42.0363979464507));
#2728=CARTESIAN_POINT('Ctrl Pts',(15.7451191799262,29.3503790113429,42.0128334188793));
#2729=CARTESIAN_POINT('Ctrl Pts',(15.8438200869104,29.6829791624564,41.9163926048982));
#2730=CARTESIAN_POINT('Ctrl Pts',(15.9179861921498,29.8347565068991,41.8434437499681));
#2731=CARTESIAN_POINT('Ctrl Pts',(16.0873795933762,30.0744326149511,41.6735815031628));
#2732=CARTESIAN_POINT('Ctrl Pts',(16.1938952192779,30.178322086128,41.5653231180633));
#2733=CARTESIAN_POINT('Ctrl Pts',(16.4242043007446,30.3161071110956,41.3252429514796));
#2734=CARTESIAN_POINT('Ctrl Pts',(16.54791995829,30.3500004321337,41.1933452691998));
#2735=CARTESIAN_POINT('Ctrl Pts',(16.7770156702691,30.3500004321337,40.9433311710805));
#2736=CARTESIAN_POINT('Ctrl Pts',(16.8976289119829,30.3161071110952,40.8085906484587));
#2737=CARTESIAN_POINT('Ctrl Pts',(17.1167227419178,30.1783220861269,40.5582335972715));
#2738=CARTESIAN_POINT('Ctrl Pts',(17.2152857226533,30.0744326149497,40.4426879554905));
#2739=CARTESIAN_POINT('Ctrl Pts',(17.3697379845705,29.8347565068979,40.2591346769624));
#2740=CARTESIAN_POINT('Ctrl Pts',(17.4359452450708,29.6829791624557,40.1788928844893));
#2741=CARTESIAN_POINT('Ctrl Pts',(17.5234167217484,29.3503790113429,40.0721621934523));
#2742=CARTESIAN_POINT('Ctrl Pts',(17.5447604189518,29.1695527791942,40.0457491367797));
#2743=CARTESIAN_POINT('Ctrl Pts',(17.5447604189518,29.0000004321337,40.0457491367797));
#2744=CARTESIAN_POINT('Ctrl Pts',(17.5447604189518,29.0000004321337,40.0457491367796));
#2745=CARTESIAN_POINT('Ctrl Pts',(17.5447604189518,28.8304480850732,40.0457491367796));
#2746=CARTESIAN_POINT('Ctrl Pts',(17.5234167217484,28.6496218529245,40.0721621934523));
#2747=CARTESIAN_POINT('Ctrl Pts',(17.4359452450708,28.3170217018116,40.1788928844893));
#2748=CARTESIAN_POINT('Ctrl Pts',(17.3697379845705,28.1652443573695,40.2591346769624));
#2749=CARTESIAN_POINT('Ctrl Pts',(17.2152857226533,27.9255682493177,40.4426879554905));
#2750=CARTESIAN_POINT('Ctrl Pts',(17.1167227419178,27.8216787781405,40.5582335972715));
#2751=CARTESIAN_POINT('Ctrl Pts',(16.8976289119829,27.6838937531722,40.8085906484587));
#2752=CARTESIAN_POINT('Ctrl Pts',(16.7770156702691,27.6500004321337,40.9433311710805));
#2753=CARTESIAN_POINT('Ctrl Pts',(16.54791995829,27.6500004321337,41.1933452691998));
#2754=CARTESIAN_POINT('Ctrl Pts',(16.4242043007446,27.6838937531717,41.3252429514796));
#2755=CARTESIAN_POINT('Ctrl Pts',(16.1938952192779,27.8216787781393,41.5653231180633));
#2756=CARTESIAN_POINT('Ctrl Pts',(16.0873795933762,27.9255682493162,41.6735815031628));
#2757=CARTESIAN_POINT('Ctrl Pts',(15.9179861921498,28.1652443573682,41.8434437499681));
#2758=CARTESIAN_POINT('Ctrl Pts',(15.8438200869104,28.3170217018109,41.9163926048982));
#2759=CARTESIAN_POINT('Ctrl Pts',(15.7451191799262,28.6496218529245,42.0128334188793));
#2760=CARTESIAN_POINT('Ctrl Pts',(15.7206668586991,28.8304480850733,42.0363979464507));
#2761=CARTESIAN_POINT('Ctrl Pts',(15.7206668586991,29.0000004321337,42.0363979464507));
#2762=CARTESIAN_POINT('Ctrl Pts',(25.7808668301818,37.3312458418861,-11.0362510113453));
#2763=CARTESIAN_POINT('Ctrl Pts',(23.339667798892,37.3467419708844,-11.2421904853418));
#2764=CARTESIAN_POINT('Ctrl Pts',(16.0020817577068,37.3181041476591,-11.7171968282008));
#2765=CARTESIAN_POINT('Ctrl Pts',(3.69882099212708,37.249711855376,-12.0262978427586));
#2766=CARTESIAN_POINT('Ctrl Pts',(-11.0903165494249,37.2737615455317,-11.9096224050422));
#2767=CARTESIAN_POINT('Ctrl Pts',(-20.8984687676022,37.3622380998827,-11.4481299593383));
#2768=CARTESIAN_POINT('Ctrl Pts',(-25.7808668301818,37.3312458418861,-11.0362510113453));
#2769=CARTESIAN_POINT('Ctrl Pts',(25.8275860260645,36.6940863363757,-10.3579726795324));
#2770=CARTESIAN_POINT('Ctrl Pts',(23.3788742658169,36.7042964498465,-10.4943113383014));
#2771=CARTESIAN_POINT('Ctrl Pts',(16.0224311966218,36.6853083432237,-10.814454288293));
#2772=CARTESIAN_POINT('Ctrl Pts',(3.70256873679928,36.6413593352623,-11.0277188667814));
#2773=CARTESIAN_POINT('Ctrl Pts',(-11.1024461495517,36.656433155459,-10.9473364125745));
#2774=CARTESIAN_POINT('Ctrl Pts',(-20.9301625055693,36.7145065633174,-10.6306499970704));
#2775=CARTESIAN_POINT('Ctrl Pts',(-25.8275860260645,36.6940863363757,-10.3579726795324));
#2776=CARTESIAN_POINT('Ctrl Pts',(25.9298928415012,35.2988191725824,-9.43743555561796));
#2777=CARTESIAN_POINT('Ctrl Pts',(23.467923450677,35.2533920397323,-9.47104616702069));
#2778=CARTESIAN_POINT('Ctrl Pts',(16.0740404969187,35.1366185270538,-9.55068581270756));
#2779=CARTESIAN_POINT('Ctrl Pts',(3.71258913824981,35.0511287067085,-9.60530411016331));
#2780=CARTESIAN_POINT('Ctrl Pts',(-11.1344473086818,35.0831398757999,-9.58448439068292));
#2781=CARTESIAN_POINT('Ctrl Pts',(-21.0059540598528,35.2079649068823,-9.50465677842342));
#2782=CARTESIAN_POINT('Ctrl Pts',(-25.9298928415013,35.2988191725824,-9.43743555561796));
#2783=CARTESIAN_POINT('Ctrl Pts',(26.049157398717,33.6722811968171,-9.15011350826998));
#2784=CARTESIAN_POINT('Ctrl Pts',(23.5740019049191,33.5312789000895,-9.15005733443845));
#2785=CARTESIAN_POINT('Ctrl Pts',(16.1393890831885,33.2110514113583,-9.15010656994935));
#2786=CARTESIAN_POINT('Ctrl Pts',(3.72567544736943,33.0035482059444,-9.15001341622685));
#2787=CARTESIAN_POINT('Ctrl Pts',(-11.1758776091658,33.0826356927085,-9.15012751035229));
#2788=CARTESIAN_POINT('Ctrl Pts',(-21.0988464111212,33.390276603362,-9.15000116060693));
#2789=CARTESIAN_POINT('Ctrl Pts',(-26.049157398717,33.6722811968171,-9.15011350826998));
#2790=CARTESIAN_POINT('Ctrl Pts',(26.1002617760824,32.9753162941398,-9.15011350826998));
#2791=CARTESIAN_POINT('Ctrl Pts',(23.6194534131441,32.793413064488,-9.15011350826998));
#2792=CARTESIAN_POINT('Ctrl Pts',(16.1673842420488,32.3860698436401,-9.15011350826998));
#2793=CARTESIAN_POINT('Ctrl Pts',(3.73128106697844,32.1264105675082,-9.15011350826998));
#2794=CARTESIAN_POINT('Ctrl Pts',(-11.1936249890197,32.225584949451,-9.15011350826998));
#2795=CARTESIAN_POINT('Ctrl Pts',(-21.1386450502058,32.6115098348363,-9.15011350826998));
#2796=CARTESIAN_POINT('Ctrl Pts',(-26.1002617760824,32.9753162941398,-9.15011350826998));
#2797=CARTESIAN_POINT('',(-25.7808668301818,37.3312458418861,-11.0362510113453));
#2798=CARTESIAN_POINT('',(-24.964555075246,35.5000004842878,-9.74211564422949));
#2799=CARTESIAN_POINT('Ctrl Pts',(-24.9645550752451,35.5000004842865,-9.7421156442303));
#2800=CARTESIAN_POINT('Ctrl Pts',(-25.0375029220994,35.6518924032911,-9.8125294505992));
#2801=CARTESIAN_POINT('Ctrl Pts',(-25.1090340203993,35.801349733437,-9.88913752912561));
#2802=CARTESIAN_POINT('Ctrl Pts',(-25.1783558288941,35.9479034920808,-9.97188225146734));
#2803=CARTESIAN_POINT('Ctrl Pts',(-25.2754451900483,36.1531608434168,-10.0877712105911));
#2804=CARTESIAN_POINT('Ctrl Pts',(-25.3686504302112,36.3536741499636,-10.2162522056541));
#2805=CARTESIAN_POINT('Ctrl Pts',(-25.4555172762188,36.547653636165,-10.3573082300573));
#2806=CARTESIAN_POINT('Ctrl Pts',(-25.5402534824805,36.7368752610855,-10.494904481419));
#2807=CARTESIAN_POINT('Ctrl Pts',(-25.6189542905401,36.919879653417,-10.644469350709));
#2808=CARTESIAN_POINT('Ctrl Pts',(-25.689348371536,37.0950055307703,-10.8060159691415));
#2809=CARTESIAN_POINT('Ctrl Pts',(-25.7216917738254,37.175469209284,-10.8802404947626));
#2810=CARTESIAN_POINT('Ctrl Pts',(-25.7522820477184,37.2542696916015,-10.9569945744389));
#2811=CARTESIAN_POINT('Ctrl Pts',(-25.7809030516775,37.3312458418861,-11.0362789411812));
#2812=CARTESIAN_POINT('',(25.7808668301818,37.3312458418861,-11.0362510113453));
#2813=CARTESIAN_POINT('Ctrl Pts',(-25.7808668301818,37.3312458418861,-11.0362510113453));
#2814=CARTESIAN_POINT('Ctrl Pts',(-20.8984687676022,37.3622380998827,-11.4481299593383));
#2815=CARTESIAN_POINT('Ctrl Pts',(-11.0903165494249,37.2737615455317,-11.9096224050422));
#2816=CARTESIAN_POINT('Ctrl Pts',(3.69882099212708,37.249711855376,-12.0262978427586));
#2817=CARTESIAN_POINT('Ctrl Pts',(16.0020817577068,37.3181041476591,-11.7171968282008));
#2818=CARTESIAN_POINT('Ctrl Pts',(23.339667798892,37.3467419708844,-11.2421904853418));
#2819=CARTESIAN_POINT('Ctrl Pts',(25.7808668301818,37.3312458418861,-11.0362510113453));
#2820=CARTESIAN_POINT('',(24.964555075246,35.5000004842878,-9.74211564422949));
#2821=CARTESIAN_POINT('Ctrl Pts',(25.7808453479393,37.3312458418861,-11.0362495116236));
#2822=CARTESIAN_POINT('Ctrl Pts',(25.7246842086564,37.1801909898152,-10.8806671086183));
#2823=CARTESIAN_POINT('Ctrl Pts',(25.660933763847,37.0220861894489,-10.7347866062184));
#2824=CARTESIAN_POINT('Ctrl Pts',(25.5911931454877,36.8580750253472,-10.5985909039799));
#2825=CARTESIAN_POINT('Ctrl Pts',(25.5018298633151,36.647916637282,-10.4240743129867));
#2826=CARTESIAN_POINT('Ctrl Pts',(25.4026340960868,36.4280605921106,-10.2654547046536));
#2827=CARTESIAN_POINT('Ctrl Pts',(25.2970471243677,36.2009128489088,-10.1227057153047));
#2828=CARTESIAN_POINT('Ctrl Pts',(25.2150435409752,36.0244997119583,-10.0118404403405));
#2829=CARTESIAN_POINT('Ctrl Pts',(25.1291878472668,35.8436883882402,-9.91054750453917));
#2830=CARTESIAN_POINT('Ctrl Pts',(25.0410863502437,35.6596059603015,-9.81884836725926));
#2831=CARTESIAN_POINT('Ctrl Pts',(25.0157492645885,35.6066657447331,-9.79247663721743));
#2832=CARTESIAN_POINT('Ctrl Pts',(24.9902262720941,35.55345498316,-9.76689865704649));
#2833=CARTESIAN_POINT('Ctrl Pts',(24.964555075246,35.5000004842877,-9.74211564422949));
#2834=CARTESIAN_POINT('',(25.1,32.9044243987337,-9.15011350826998));
#2835=CARTESIAN_POINT('Ctrl Pts',(24.9645478573697,35.499799829978,-9.7424596606324));
#2836=CARTESIAN_POINT('Ctrl Pts',(24.9813832798334,35.3475193372459,-9.66872163142901));
#2837=CARTESIAN_POINT('Ctrl Pts',(24.9967115166931,35.1921673900641,-9.60155596475297));
#2838=CARTESIAN_POINT('Ctrl Pts',(25.0105005700095,35.0341220936975,-9.54121419147244));
#2839=CARTESIAN_POINT('Ctrl Pts',(25.0115125872702,35.0225227065443,-9.53678553964995));
#2840=CARTESIAN_POINT('Ctrl Pts',(25.0125163140148,35.0109088012195,-9.5323936656062));
#2841=CARTESIAN_POINT('Ctrl Pts',(25.0135117377269,34.9992805224741,-9.52803867886349));
#2842=CARTESIAN_POINT('Ctrl Pts',(25.0271103841123,34.8404247017661,-9.46854449160401));
#2843=CARTESIAN_POINT('Ctrl Pts',(25.0391594356867,34.6788876055236,-9.41593032389601));
#2844=CARTESIAN_POINT('Ctrl Pts',(25.0496200703971,34.5151322600965,-9.37026727811997));
#2845=CARTESIAN_POINT('Ctrl Pts',(25.0550734493852,34.4297626831387,-9.34646204055452));
#2846=CARTESIAN_POINT('Ctrl Pts',(25.0600951351574,34.3437899895002,-9.32454679596147));
#2847=CARTESIAN_POINT('Ctrl Pts',(25.0646796308613,34.2572787709501,-9.30453714681822));
#2848=CARTESIAN_POINT('Ctrl Pts',(25.0734269821324,34.0922128473596,-9.26635815371296));
#2849=CARTESIAN_POINT('Ctrl Pts',(25.0805575444114,33.9256732606469,-9.23522593613729));
#2850=CARTESIAN_POINT('Ctrl Pts',(25.086062403231,33.7581274400919,-9.21116345378905));
#2851=CARTESIAN_POINT('Ctrl Pts',(25.0915807615879,33.5901707477739,-9.18704196313782));
#2852=CARTESIAN_POINT('Ctrl Pts',(25.0954654664093,33.4212021417848,-9.17002482541051));
#2853=CARTESIAN_POINT('Ctrl Pts',(25.0977085392199,33.2516819948663,-9.16018616444349));
#2854=CARTESIAN_POINT('Ctrl Pts',(25.0992373448166,33.1361425669241,-9.15348045258261));
#2855=CARTESIAN_POINT('Ctrl Pts',(25.1000035766001,33.020346717115,-9.15011044655227));
#2856=CARTESIAN_POINT('Ctrl Pts',(25.1000048548798,32.9044400656981,-9.15011350826998));
#2857=CARTESIAN_POINT('',(-25.1,32.9044243987337,-9.15011350826998));
#2858=CARTESIAN_POINT('Ctrl Pts',(25.0999989554292,32.9044396619566,-9.15011350826998));
#2859=CARTESIAN_POINT('Ctrl Pts',(22.9518409428215,32.757425940111,-9.15011350826998));
#2860=CARTESIAN_POINT('Ctrl Pts',(15.8331579478712,32.3790913748715,-9.15011350826998));
#2861=CARTESIAN_POINT('Ctrl Pts',(3.73128106697844,32.1264105675082,-9.15011350826998));
#2862=CARTESIAN_POINT('Ctrl Pts',(-10.8593589979511,32.2233637881958,-9.15011350826998));
#2863=CARTESIAN_POINT('Ctrl Pts',(-20.4704379102407,32.5859406480003,-9.15011350826998));
#2864=CARTESIAN_POINT('Ctrl Pts',(-25.1000105398593,32.9042705233891,-9.15011350826998));
#2865=CARTESIAN_POINT('Ctrl Pts',(-25.1000291899917,32.9042718057748,-9.15011350826998));
#2866=CARTESIAN_POINT('Ctrl Pts',(-25.1000240426145,33.0729080503138,-9.1501087200219));
#2867=CARTESIAN_POINT('Ctrl Pts',(-25.0983998970601,33.2411443197336,-9.15724075894212));
#2868=CARTESIAN_POINT('Ctrl Pts',(-25.0951739719398,33.4085355541697,-9.17136130208666));
#2869=CARTESIAN_POINT('Ctrl Pts',(-25.091906110818,33.5781028214626,-9.18566540780508));
#2870=CARTESIAN_POINT('Ctrl Pts',(-25.0869945216051,33.7468036527108,-9.20714090355228));
#2871=CARTESIAN_POINT('Ctrl Pts',(-25.0804571684578,33.9141791046444,-9.23568655528856));
#2872=CARTESIAN_POINT('Ctrl Pts',(-25.073929008547,34.0813191827106,-9.26419206433746));
#2873=CARTESIAN_POINT('Ctrl Pts',(-25.0657796210946,34.2471383420643,-9.29974797961944));
#2874=CARTESIAN_POINT('Ctrl Pts',(-25.0560274523631,34.4111723263622,-9.34230478910436));
#2875=CARTESIAN_POINT('Ctrl Pts',(-25.0464065349022,34.5729986305577,-9.38428884031648));
#2876=CARTESIAN_POINT('Ctrl Pts',(-25.0352256591738,34.7330881655755,-9.43308680852778));
#2877=CARTESIAN_POINT('Ctrl Pts',(-25.0225035389844,34.8909776712493,-9.48869857478025));
#2878=CARTESIAN_POINT('Ctrl Pts',(-25.019584759402,34.9272015599223,-9.50145733554169));
#2879=CARTESIAN_POINT('Ctrl Pts',(-25.0165848599896,34.963309550047,-9.51457494051959));
#2880=CARTESIAN_POINT('Ctrl Pts',(-25.0135040767932,34.9992958571984,-9.52805173040978));
#2881=CARTESIAN_POINT('Ctrl Pts',(-25.0097913368421,35.0426639852803,-9.54429299538963));
#2882=CARTESIAN_POINT('Ctrl Pts',(-25.0059611263294,35.0858553934683,-9.56105591262811));
#2883=CARTESIAN_POINT('Ctrl Pts',(-25.002013722354,35.1288618813642,-9.57833653298236));
#2884=CARTESIAN_POINT('Ctrl Pts',(-24.9904762074033,35.2545617084337,-9.62884451669501));
#2885=CARTESIAN_POINT('Ctrl Pts',(-24.977973939197,35.3782873067849,-9.6836148162348));
#2886=CARTESIAN_POINT('Ctrl Pts',(-24.964532557341,35.499863615786,-9.74248153601025));
#2887=CARTESIAN_POINT('Origin',(16.9573823306828,32.5000004842877,-9.15011350826998));
#2888=CARTESIAN_POINT('',(25.1,32.5000004842877,-9.15011350826998));
#2889=CARTESIAN_POINT('',(25.1,32.5000004842877,-9.15011350826998));
#2890=CARTESIAN_POINT('',(25.1,27.0000004842877,-9.15011350826998));
#2891=CARTESIAN_POINT('',(25.1,32.5000004842877,-9.15011350826998));
#2892=CARTESIAN_POINT('',(16.9573823306828,27.0000004842877,-9.15011350826998));
#2893=CARTESIAN_POINT('',(-25.1,27.0000004842877,-9.15011350826998));
#2894=CARTESIAN_POINT('',(16.9573823306828,30.5000004842877,-9.15011350826998));
#2895=CARTESIAN_POINT('',(16.9573823306828,32.5000004842877,-9.15011350826998));
#2896=CARTESIAN_POINT('',(-16.9573823306828,30.5000004842877,-9.15011350826998));
#2897=CARTESIAN_POINT('',(-25.1,30.5000004842877,-9.15011350826998));
#2898=CARTESIAN_POINT('',(-16.9573823306828,27.0000004842877,-9.15011350826998));
#2899=CARTESIAN_POINT('',(-16.9573823306828,32.5000004842877,-9.15011350826998));
#2900=CARTESIAN_POINT('',(-25.1,27.0000004842877,-9.15011350826998));
#2901=CARTESIAN_POINT('',(-25.1,27.0000004842877,-9.15011350826998));
#2902=CARTESIAN_POINT('',(-25.1,32.5000004842877,-9.15011350826998));
#2903=CARTESIAN_POINT('',(-25.1,32.5000004842877,-9.15011350826998));
#2904=CARTESIAN_POINT('',(-25.1,32.5000004842877,-9.15011350826998));
#2905=CARTESIAN_POINT('Origin',(23.281657906042,30.5000004842877,11.15011350827));
#2906=CARTESIAN_POINT('',(18.0345433101609,28.5000004842877,9.15011350826997));
#2907=CARTESIAN_POINT('',(18.3578572111299,32.5000004842877,13.15011350827));
#2908=CARTESIAN_POINT('',(18.2042161715804,30.5991723530001,11.2492853769823));
#2909=CARTESIAN_POINT('',(25.1,28.5000004842877,9.15011350826997));
#2910=CARTESIAN_POINT('',(23.281657906042,28.5000004842877,9.15011350826997));
#2911=CARTESIAN_POINT('',(25.1,32.5000004842877,13.15011350827));
#2912=CARTESIAN_POINT('',(25.1,25.9249437301527,6.57505675413498));
#2913=CARTESIAN_POINT('',(23.281657906042,32.5000004842877,13.15011350827));
#2914=CARTESIAN_POINT('Origin',(18.0345433101609,32.5000004842877,9.15011350826997));
#2915=CARTESIAN_POINT('',(20.0472190981816,32.5000004842877,34.050691949075));
#2916=CARTESIAN_POINT('',(18.3888376623194,32.5000004842877,13.5333998575007));
#2917=CARTESIAN_POINT('',(20.0472190981816,27.0000004842877,34.050691949075));
#2918=CARTESIAN_POINT('',(20.0472190981816,32.5000004842877,34.050691949075));
#2919=CARTESIAN_POINT('',(18.0345433101609,27.0000004842877,9.15011350826997));
#2920=CARTESIAN_POINT('',(18.0345433101609,27.0000004842877,9.15011350826997));
#2921=CARTESIAN_POINT('',(18.0345433101609,32.5000004842877,9.15011350826997));
#2922=CARTESIAN_POINT('Origin',(21.463315812084,32.5000004842877,17.6968178979923));
#2923=CARTESIAN_POINT('',(25.1,32.5000004842877,4.27335219486114));
#2924=CARTESIAN_POINT('',(29.5368008378566,32.5000004842877,10.2422378670862));
#2925=CARTESIAN_POINT('',(25.1,32.5000004842877,-9.15011350826998));
#2926=CARTESIAN_POINT('',(12.6266323468743,32.5000004842877,44.5437493042545));
#2927=CARTESIAN_POINT('Origin',(0.,32.5000004842877,17.0000002533197));
#2928=CARTESIAN_POINT('',(19.1383552948282,32.5000004842877,37.8201225170442));
#2929=CARTESIAN_POINT('Origin',(-4.44089209850063E-15,32.5000004842877,
25.7999995306135));
#2930=CARTESIAN_POINT('Origin',(13.8526864761321,32.5000004842877,34.5513865757537));
#2931=CARTESIAN_POINT('Origin',(-19.7489295615411,30.5000004842877,11.15011350827));
#2932=CARTESIAN_POINT('',(-18.3578572139044,32.5000004842877,13.15011350827));
#2933=CARTESIAN_POINT('',(-18.0345433109982,28.5000004842877,9.15011350826997));
#2934=CARTESIAN_POINT('',(-18.7032721903555,36.7734322587482,17.4235452827305));
#2935=CARTESIAN_POINT('',(-25.1,32.5000004842877,13.15011350827));
#2936=CARTESIAN_POINT('',(-19.7489295615411,32.5000004842877,13.15011350827));
#2937=CARTESIAN_POINT('',(-25.1,28.5000004842877,9.15011350826997));
#2938=CARTESIAN_POINT('',(-25.1,30.5000004842877,11.15011350827));
#2939=CARTESIAN_POINT('',(-19.7489295615411,28.5000004842877,9.15011350826997));
#2940=CARTESIAN_POINT('Origin',(-18.0345433109982,32.5000004842877,9.15011350826997));
#2941=CARTESIAN_POINT('',(-25.1,27.0000004842877,9.15011350826997));
#2942=CARTESIAN_POINT('',(-25.1,32.5000004842877,9.15011350826997));
#2943=CARTESIAN_POINT('',(-18.0345433109982,27.0000004842877,9.15011350826997));
#2944=CARTESIAN_POINT('',(-25.1,27.0000004842877,9.15011350826997));
#2945=CARTESIAN_POINT('',(-18.0345433109982,32.5000004842877,9.15011350826997));
#2946=CARTESIAN_POINT('Ctrl Pts',(11.6467432528004,35.5000004842877,42.7915671923494));
#2947=CARTESIAN_POINT('Ctrl Pts',(10.1208263754856,43.8063600333096,44.0128877745503));
#2948=CARTESIAN_POINT('Ctrl Pts',(8.59490949817083,52.1127195823315,45.2342083567512));
#2949=CARTESIAN_POINT('Ctrl Pts',(7.06899262085606,60.4190791313534,46.4555289389521));
#2950=CARTESIAN_POINT('Ctrl Pts',(8.7295890658006,35.5000004842877,44.7911087603313));
#2951=CARTESIAN_POINT('Ctrl Pts',(7.51468970379053,43.8063600333096,45.5032632143343));
#2952=CARTESIAN_POINT('Ctrl Pts',(6.30261659416013,52.1127195823315,46.2218784321576));
#2953=CARTESIAN_POINT('Ctrl Pts',(5.08771723215006,60.4190791313534,46.9340328861605));
#2954=CARTESIAN_POINT('Ctrl Pts',(2.99473570668062,35.5000004842878,46.8374867383894));
#2955=CARTESIAN_POINT('Ctrl Pts',(2.56439428299011,43.8063600333096,47.0234599177939));
#2956=CARTESIAN_POINT('Ctrl Pts',(2.1336830129958,52.1127195823315,47.209204321383));
#2957=CARTESIAN_POINT('Ctrl Pts',(1.7033415893053,60.4190791313534,47.3951775007875));
#2958=CARTESIAN_POINT('Ctrl Pts',(-5.35195464676004,35.5000004842877,46.1123772080902));
#2959=CARTESIAN_POINT('Ctrl Pts',(-4.58905728788735,43.8063600333096,46.4853954984636));
#2960=CARTESIAN_POINT('Ctrl Pts',(-3.82555186585584,52.1127195823315,46.8604235105848));
#2961=CARTESIAN_POINT('Ctrl Pts',(-3.06265450698315,60.4190791313534,47.2334418009582));
#2962=CARTESIAN_POINT('Ctrl Pts',(-9.7019637777901,35.5000004842877,44.1246002078492));
#2963=CARTESIAN_POINT('Ctrl Pts',(-8.38396435670571,43.8063600333096,45.0073414701312));
#2964=CARTESIAN_POINT('Ctrl Pts',(-7.06613540473051,52.1127195823315,45.8917915472824));
#2965=CARTESIAN_POINT('Ctrl Pts',(-5.74813598364613,60.4190791313534,46.7745328095644));
#2966=CARTESIAN_POINT('Ctrl Pts',(-11.6467339644797,35.5000004842877,42.7915735589558));
#2967=CARTESIAN_POINT('Ctrl Pts',(-10.1208180804557,43.8063600333096,44.0128925268119));
#2968=CARTESIAN_POINT('Ctrl Pts',(-8.59490219643176,52.1127195823315,45.2342114946681));
#2969=CARTESIAN_POINT('Ctrl Pts',(-7.06898631240778,60.4190791313534,46.4555304625243));
#2970=CARTESIAN_POINT('',(-11.6435590750023,35.5000004842877,42.7937493247858));
#2971=CARTESIAN_POINT('Origin',(-4.44089209850063E-15,35.5000004842877,
25.7999995306135));
#2972=CARTESIAN_POINT('',(-11.6435590750023,35.5000004842877,42.7937493247858));
#2973=CARTESIAN_POINT('Ctrl Pts',(-11.6435590750023,35.5000004842877,42.7937493247858));
#2974=CARTESIAN_POINT('Ctrl Pts',(-10.1290059967675,43.7463413839497,44.0056957851125));
#2975=CARTESIAN_POINT('Ctrl Pts',(-8.61445291853261,51.9926822836117,45.2176422454391));
#2976=CARTESIAN_POINT('Ctrl Pts',(-7.09989984029774,60.2390231832736,46.4295887057657));
#2977=CARTESIAN_POINT('Ctrl Pts',(-14.0022950493272,35.5000004842877,41.7289920619586));
#2978=CARTESIAN_POINT('Ctrl Pts',(-13.146652766232,43.7463413839497,43.0720130938725));
#2979=CARTESIAN_POINT('Ctrl Pts',(-12.2926860635982,51.9926822836116,44.420985091145));
#2980=CARTESIAN_POINT('Ctrl Pts',(-11.4370437805029,60.2390231832736,45.7640061230588));
#2981=CARTESIAN_POINT('Ctrl Pts',(-20.6489069318123,35.5000004842877,37.5688278796157));
#2982=CARTESIAN_POINT('Ctrl Pts',(-21.8265963544261,43.7463413839497,39.0304046320151));
#2983=CARTESIAN_POINT('Ctrl Pts',(-23.0026539219031,51.9926822836117,40.4880342760039));
#2984=CARTESIAN_POINT('Ctrl Pts',(-24.1803433445169,60.2390231832736,41.9496110284033));
#2985=CARTESIAN_POINT('Ctrl Pts',(-28.2109058628107,35.5000004842877,26.4696049776757));
#2986=CARTESIAN_POINT('Ctrl Pts',(-32.610160063587,43.7463413839497,26.6430380781932));
#2987=CARTESIAN_POINT('Ctrl Pts',(-37.0111326362364,51.9926822836116,26.8189243597021));
#2988=CARTESIAN_POINT('Ctrl Pts',(-41.4103868370126,60.2390231832736,26.9923574602196));
#2989=CARTESIAN_POINT('Ctrl Pts',(-28.7470905541478,35.5000004842877,15.731393475218));
#2990=CARTESIAN_POINT('Ctrl Pts',(-34.7317754994135,43.7463413839497,13.6573654843222));
#2991=CARTESIAN_POINT('Ctrl Pts',(-40.7131269135445,51.9926822836117,11.5831319611956));
#2992=CARTESIAN_POINT('Ctrl Pts',(-46.6978118588101,60.2390231832736,9.50910397029981));
#2993=CARTESIAN_POINT('Ctrl Pts',(-26.7706699008549,35.5000004842878,7.12097189317994));
#2994=CARTESIAN_POINT('Ctrl Pts',(-33.4690819040865,43.7463413839497,2.9238259527309));
#2995=CARTESIAN_POINT('Ctrl Pts',(-40.1720216330434,51.9926822836116,-1.27312846146142));
#2996=CARTESIAN_POINT('Ctrl Pts',(-46.870433636275,60.2390231832736,-5.47027440191046));
#2997=CARTESIAN_POINT('Ctrl Pts',(-25.4117541645119,35.5000004842878,1.17391042615737));
#2998=CARTESIAN_POINT('Ctrl Pts',(-31.9156707362148,43.7463413839497,-4.49628723753123));
#2999=CARTESIAN_POINT('Ctrl Pts',(-38.4154420383265,51.9926822836117,-10.166134487109));
#3000=CARTESIAN_POINT('Ctrl Pts',(-44.9193586100294,60.2390231832736,-15.8363321507977));
#3001=CARTESIAN_POINT('Ctrl Pts',(-24.0500743837464,35.5000004842877,-4.7716590670461));
#3002=CARTESIAN_POINT('Ctrl Pts',(-29.2892524712118,43.7463413839497,-11.485566176668));
#3003=CARTESIAN_POINT('Ctrl Pts',(-34.5320721920157,51.9926822836117,-18.1992829993224));
#3004=CARTESIAN_POINT('Ctrl Pts',(-39.7712502794811,60.2390231832736,-24.9131901089443));
#3005=CARTESIAN_POINT('Ctrl Pts',(-23.5059047545267,35.5000004842877,-7.15011350826998));
#3006=CARTESIAN_POINT('Ctrl Pts',(-28.0964634723313,43.7463413839497,-14.1708964056895));
#3007=CARTESIAN_POINT('Ctrl Pts',(-32.687022190136,51.9926822836117,-21.1916793031091));
#3008=CARTESIAN_POINT('Ctrl Pts',(-37.2775809079407,60.2390231832736,-28.2124622005287));
#3009=CARTESIAN_POINT('',(-27.5871769736745,35.5000004842877,10.6882948009091));
#3010=CARTESIAN_POINT('Origin',(0.,35.5000004842877,17.0000002533197));
#3011=CARTESIAN_POINT('',(-23.5059047545267,35.5000004842877,-7.15011350826998));
#3012=CARTESIAN_POINT('Ctrl Pts',(12.6266323468742,35.5000004842877,44.5437493042546));
#3013=CARTESIAN_POINT('Ctrl Pts',(15.0789946922943,43.8333338176211,44.6091044800575));
#3014=CARTESIAN_POINT('Ctrl Pts',(17.5313570377144,52.1666671509544,44.6744596558603));
#3015=CARTESIAN_POINT('Ctrl Pts',(19.9837193831345,60.5000004842877,44.7398148316632));
#3016=CARTESIAN_POINT('Ctrl Pts',(15.1347325557632,35.5000004842877,43.3939835563821));
#3017=CARTESIAN_POINT('Ctrl Pts',(18.0554280124209,43.8333338176211,43.2590561975776));
#3018=CARTESIAN_POINT('Ctrl Pts',(20.9777702236662,52.1666671509544,43.1261611613877));
#3019=CARTESIAN_POINT('Ctrl Pts',(23.8984656803239,60.5000004842877,42.9912338025832));
#3020=CARTESIAN_POINT('Ctrl Pts',(22.1969249351099,35.5000004842877,38.921918178903));
#3021=CARTESIAN_POINT('Ctrl Pts',(26.4536889703949,43.8333338176211,38.0188295618575));
#3022=CARTESIAN_POINT('Ctrl Pts',(30.7091646460456,52.1666671509544,37.1144405159017));
#3023=CARTESIAN_POINT('Ctrl Pts',(34.9659286813305,60.5000004842878,36.2113518988562));
#3024=CARTESIAN_POINT('Ctrl Pts',(30.2152587869609,35.5000004842877,27.0643021273712));
#3025=CARTESIAN_POINT('Ctrl Pts',(36.1291927506165,43.8333338176211,24.1198529351743));
#3026=CARTESIAN_POINT('Ctrl Pts',(42.0441551724214,52.1666671509544,21.1761608817621));
#3027=CARTESIAN_POINT('Ctrl Pts',(47.9580891360771,60.5000004842877,18.2317116895652));
#3028=CARTESIAN_POINT('Ctrl Pts',(30.7733845058533,35.5000004842877,15.6189137943805));
#3029=CARTESIAN_POINT('Ctrl Pts',(37.0988375623953,43.8333338176211,10.6017387036593));
#3030=CARTESIAN_POINT('Ctrl Pts',(43.4228447123331,52.1666671509544,5.58487899124564));
#3031=CARTESIAN_POINT('Ctrl Pts',(49.7482977688751,60.5000004842878,0.567703900524414));
#3032=CARTESIAN_POINT('Ctrl Pts',(28.6220638509099,35.5000004842877,6.24576819180702));
#3033=CARTESIAN_POINT('Ctrl Pts',(34.8594756153592,43.8333338176211,-0.563239716065543));
#3034=CARTESIAN_POINT('Ctrl Pts',(41.0994458140648,52.1666671509544,-7.37277143874491));
#3035=CARTESIAN_POINT('Ctrl Pts',(47.336857578514,60.5000004842877,-14.1817793466175));
#3036=CARTESIAN_POINT('Ctrl Pts',(27.0996263697106,35.5000004842877,-0.416695549726937));
#3037=CARTESIAN_POINT('Ctrl Pts',(32.5853229349199,43.8333338176211,-8.3847496658811));
#3038=CARTESIAN_POINT('Ctrl Pts',(38.0682879013282,52.1666671509544,-16.3519513613307));
#3039=CARTESIAN_POINT('Ctrl Pts',(43.5539844665375,60.5000004842878,-24.3200054774849));
#3040=CARTESIAN_POINT('Ctrl Pts',(25.5741878435919,35.5000004842877,-7.07753517606365));
#3041=CARTESIAN_POINT('Ctrl Pts',(29.3148569555996,43.8333338176211,-15.5957887723258));
#3042=CARTESIAN_POINT('Ctrl Pts',(33.0581624873662,52.1666671509544,-24.1143776885211));
#3043=CARTESIAN_POINT('Ctrl Pts',(36.7988315993739,60.5000004842877,-32.6326312847833));
#3044=CARTESIAN_POINT('Ctrl Pts',(24.9645550752435,35.5000004842877,-9.74211564424055));
#3045=CARTESIAN_POINT('Ctrl Pts',(27.8819186821912,43.8333338176211,-18.3465502874473));
#3046=CARTESIAN_POINT('Ctrl Pts',(30.7992822891388,52.1666671509544,-26.9509849306541));
#3047=CARTESIAN_POINT('Ctrl Pts',(33.7166458960865,60.5000004842877,-35.5554195738609));
#3048=CARTESIAN_POINT('',(12.6266323468742,35.5000004842877,44.5437493042546));
#3049=CARTESIAN_POINT('',(29.5368008378566,35.5000004842877,10.2422378670862));
#3050=CARTESIAN_POINT('Origin',(0.,35.5000004842877,17.0000002533197));
#3051=CARTESIAN_POINT('',(25.1,35.5000004842877,-9.15011350826998));
#3052=CARTESIAN_POINT('',(29.5368008378566,35.5000004842877,10.2422378670862));
#3053=CARTESIAN_POINT('Ctrl Pts',(24.964555075246,35.5000004842877,-9.74211564422948));
#3054=CARTESIAN_POINT('Ctrl Pts',(25.0097033834973,35.5000004842877,-9.54478159890964));
#3055=CARTESIAN_POINT('Ctrl Pts',(25.0548516917487,35.5000004842877,-9.34744755358981));
#3056=CARTESIAN_POINT('Ctrl Pts',(25.1,35.5000004842878,-9.15011350826997));
#3057=CARTESIAN_POINT('',(25.1,35.5000004842877,-9.15011350826998));
#3058=CARTESIAN_POINT('',(12.6266323468742,35.5000004842877,44.5437493042546));
#3059=CARTESIAN_POINT('Ctrl Pts',(25.7557708652702,37.2637482532217,-10.9667301616029));
#3060=CARTESIAN_POINT('Ctrl Pts',(28.6355585347605,45.0091656635771,-18.9443188522865));
#3061=CARTESIAN_POINT('Ctrl Pts',(31.5153462042508,52.7545830739324,-26.92190754297));
#3062=CARTESIAN_POINT('Ctrl Pts',(34.3951338737411,60.5000004842877,-34.8994962336536));
#3063=CARTESIAN_POINT('Ctrl Pts',(20.9471899561071,37.2637482532217,-11.3263806217082));
#3064=CARTESIAN_POINT('Ctrl Pts',(23.7071692653344,45.0091656635771,-20.8842515486652));
#3065=CARTESIAN_POINT('Ctrl Pts',(26.4625854130504,52.7545830739324,-30.4394412535128));
#3066=CARTESIAN_POINT('Ctrl Pts',(29.2225647222776,60.5000004842877,-39.9973121804698));
#3067=CARTESIAN_POINT('Ctrl Pts',(11.1677808232717,37.2637482532217,-11.8805640107598));
#3068=CARTESIAN_POINT('Ctrl Pts',(12.9707360584144,45.0091656635771,-23.8715754445193));
#3069=CARTESIAN_POINT('Ctrl Pts',(14.7747189553586,52.7545830739324,-35.8614969206292));
#3070=CARTESIAN_POINT('Ctrl Pts',(16.5776741905013,60.5000004842878,-47.8525083543888));
#3071=CARTESIAN_POINT('Ctrl Pts',(-3.729195718331,37.2637482532217,-12.0554775075421));
#3072=CARTESIAN_POINT('Ctrl Pts',(-4.3586892386472,45.0091656635771,-24.8142192714091));
#3073=CARTESIAN_POINT('Ctrl Pts',(-4.98997858417384,52.7545830739324,-37.5730538767091));
#3074=CARTESIAN_POINT('Ctrl Pts',(-5.61947210449004,60.5000004842878,-50.331795640576));
#3075=CARTESIAN_POINT('Ctrl Pts',(-16.0787768488386,37.2637482532217,-11.625581811921));
#3076=CARTESIAN_POINT('Ctrl Pts',(-18.4536955129962,45.0091656635771,-22.4968436171465));
#3077=CARTESIAN_POINT('Ctrl Pts',(-20.8269936495246,52.7545830739324,-33.3670364658119));
#3078=CARTESIAN_POINT('Ctrl Pts',(-23.2019123136822,60.5000004842878,-44.2382982710374));
#3079=CARTESIAN_POINT('Ctrl Pts',(-23.3514804106886,37.2637482532217,-11.1465553916556));
#3080=CARTESIAN_POINT('Ctrl Pts',(-26.1697097982788,45.0091656635771,-19.9127280037129));
#3081=CARTESIAN_POINT('Ctrl Pts',(-28.9906199104192,52.7545830739324,-28.6822315950043));
#3082=CARTESIAN_POINT('Ctrl Pts',(-31.8088492980094,60.5000004842877,-37.4484042070617));
#3083=CARTESIAN_POINT('Ctrl Pts',(-25.7557708652702,37.2637482532217,-10.9667301616029));
#3084=CARTESIAN_POINT('Ctrl Pts',(-28.6355585347605,45.0091656635771,-18.9443188522865));
#3085=CARTESIAN_POINT('Ctrl Pts',(-31.5153462042508,52.7545830739324,-26.92190754297));
#3086=CARTESIAN_POINT('Ctrl Pts',(-34.3951338737411,60.5000004842877,-34.8994962336536));
#3087=CARTESIAN_POINT('',(-25.1,35.5000004842877,-9.15011350826998));
#3088=CARTESIAN_POINT('Ctrl Pts',(-24.9645550752455,35.5000004842877,-9.74211564423159));
#3089=CARTESIAN_POINT('Ctrl Pts',(-27.8819850925643,43.8333338176211,-18.3464873111756));
#3090=CARTESIAN_POINT('Ctrl Pts',(-30.799415109883,52.1666671509544,-26.9508589781196));
#3091=CARTESIAN_POINT('Ctrl Pts',(-33.7168451272018,60.5000004842877,-35.5552306450636));
#3092=CARTESIAN_POINT('Ctrl Pts',(-25.8790042277678,35.5000004842877,-5.74524494196804));
#3093=CARTESIAN_POINT('Ctrl Pts',(-30.0337688377441,43.8333338176211,-14.2223479376534));
#3094=CARTESIAN_POINT('Ctrl Pts',(-34.1839894111473,52.1666671509544,-22.6951948560556));
#3095=CARTESIAN_POINT('Ctrl Pts',(-38.3387540211237,60.5000004842877,-31.1722978517409));
#3096=CARTESIAN_POINT('Ctrl Pts',(-27.4046843106853,35.5000004842878,0.916271827923213));
#3097=CARTESIAN_POINT('Ctrl Pts',(-33.135424216547,43.8333338176211,-6.83792756017248));
#3098=CARTESIAN_POINT('Ctrl Pts',(-38.8660614290876,52.1666671509544,-14.5929119746164));
#3099=CARTESIAN_POINT('Ctrl Pts',(-44.5968013349493,60.5000004842878,-22.3471113627121));
#3100=CARTESIAN_POINT('Ctrl Pts',(-28.9271775757987,35.5000004842877,7.57764453414354));
#3101=CARTESIAN_POINT('Ctrl Pts',(-35.1756853890558,43.8333338176211,1.0208368091316));
#3102=CARTESIAN_POINT('Ctrl Pts',(-41.4240393015765,52.1666671509544,-5.53457060220501));
#3103=CARTESIAN_POINT('Ctrl Pts',(-47.6725471148335,60.5000004842878,-12.091378327217));
#3104=CARTESIAN_POINT('Ctrl Pts',(-30.7761289657441,35.5000004842877,15.6217646874663));
#3105=CARTESIAN_POINT('Ctrl Pts',(-37.1022260290874,43.8333338176211,10.6011153946932));
#3106=CARTESIAN_POINT('Ctrl Pts',(-43.4265051247482,52.1666671509544,5.5803845203729));
#3107=CARTESIAN_POINT('Ctrl Pts',(-49.7526021880915,60.5000004842877,0.559735227599803));
#3108=CARTESIAN_POINT('Ctrl Pts',(-30.3477318357885,35.5000004842877,24.1947602261803));
#3109=CARTESIAN_POINT('Ctrl Pts',(-36.3650441666472,43.8333338176211,20.7262231353049));
#3110=CARTESIAN_POINT('Ctrl Pts',(-42.382056893773,52.1666671509544,17.2577652004361));
#3111=CARTESIAN_POINT('Ctrl Pts',(-48.3993692246317,60.5000004842877,13.7892281095607));
#3112=CARTESIAN_POINT('Ctrl Pts',(-25.4106916373742,35.5000004842877,34.1862406316833));
#3113=CARTESIAN_POINT('Ctrl Pts',(-30.3346600228706,43.8333338176211,32.461771466995));
#3114=CARTESIAN_POINT('Ctrl Pts',(-35.2589218734757,52.1666671509544,30.7375414104508));
#3115=CARTESIAN_POINT('Ctrl Pts',(-40.1828902589721,60.5000004842878,29.0130722457625));
#3116=CARTESIAN_POINT('Ctrl Pts',(-19.8358035958974,35.5000004842877,40.4051682584562));
#3117=CARTESIAN_POINT('Ctrl Pts',(-23.6528478868895,43.8333338176211,39.7519380421813));
#3118=CARTESIAN_POINT('Ctrl Pts',(-27.4690942447421,52.1666671509544,39.0985217083627));
#3119=CARTESIAN_POINT('Ctrl Pts',(-31.2861385357342,60.5000004842878,38.4452914920877));
#3120=CARTESIAN_POINT('Ctrl Pts',(-15.1347325557635,35.5000004842877,43.3939835563819));
#3121=CARTESIAN_POINT('Ctrl Pts',(-18.063507127658,43.8333338176211,43.2554096459405));
#3122=CARTESIAN_POINT('Ctrl Pts',(-20.9928564443069,52.1666671509544,43.1167977012638));
#3123=CARTESIAN_POINT('Ctrl Pts',(-23.9216310162014,60.5000004842877,42.9782237908224));
#3124=CARTESIAN_POINT('Ctrl Pts',(-12.6266323468745,35.5000004842877,44.5437493042544));
#3125=CARTESIAN_POINT('Ctrl Pts',(-15.0874257942531,43.8333338176211,44.6053357405893));
#3126=CARTESIAN_POINT('Ctrl Pts',(-17.5482192416316,52.1666671509544,44.6669221769243));
#3127=CARTESIAN_POINT('Ctrl Pts',(-20.0090126890101,60.5000004842877,44.7285086132593));
#3128=CARTESIAN_POINT('',(-25.1,35.5000004842877,-9.15011350826998));
#3129=CARTESIAN_POINT('',(-29.5368008378566,35.5000004842877,10.2422378670862));
#3130=CARTESIAN_POINT('',(-25.1,35.5000004842877,-9.15011350826998));
#3131=CARTESIAN_POINT('',(-12.6266323468745,35.5000004842877,44.5437493042544));
#3132=CARTESIAN_POINT('Origin',(0.,35.5000004842877,17.0000002533197));
#3133=CARTESIAN_POINT('',(-12.6266323468745,35.5000004842877,44.5437493042544));
#3134=CARTESIAN_POINT('Ctrl Pts',(-25.1,35.5000004842877,-9.15011350826998));
#3135=CARTESIAN_POINT('Ctrl Pts',(-25.0548516917487,35.5000004842877,-9.34744755358981));
#3136=CARTESIAN_POINT('Ctrl Pts',(-25.0097033834973,35.5000004842877,-9.54478159890965));
#3137=CARTESIAN_POINT('Ctrl Pts',(-24.964555075246,35.5000004842877,-9.74211564422949));
#3138=CARTESIAN_POINT('Ctrl Pts',(-12.6266323468745,35.5000004842877,44.5437493042544));
#3139=CARTESIAN_POINT('Ctrl Pts',(-15.0874257942531,43.8333338176211,44.6053357405894));
#3140=CARTESIAN_POINT('Ctrl Pts',(-17.5482192416316,52.1666671509544,44.6669221769243));
#3141=CARTESIAN_POINT('Ctrl Pts',(-20.0090126890101,60.5000004842877,44.7285086132593));
#3142=CARTESIAN_POINT('Ctrl Pts',(-10.5101303422247,35.5000004842877,45.9695201877154));
#3143=CARTESIAN_POINT('Ctrl Pts',(-12.4826070745807,43.8333338176211,46.0896288523106));
#3144=CARTESIAN_POINT('Ctrl Pts',(-14.4551884091758,52.1666671509544,46.2104929033128));
#3145=CARTESIAN_POINT('Ctrl Pts',(-16.4276651415319,60.5000004842877,46.330601567908));
#3146=CARTESIAN_POINT('Ctrl Pts',(-5.79129129519205,35.5000004842877,48.0933174145921));
#3147=CARTESIAN_POINT('Ctrl Pts',(-6.82065162088183,43.8333338176211,48.2846720184857));
#3148=CARTESIAN_POINT('Ctrl Pts',(-7.84964094474265,52.1666671509544,48.4768964019632));
#3149=CARTESIAN_POINT('Ctrl Pts',(-8.87900127043244,60.5000004842878,48.6682510058567));
#3150=CARTESIAN_POINT('Ctrl Pts',(3.24006275320296,35.5000004842877,48.8673418749817));
#3151=CARTESIAN_POINT('Ctrl Pts',(3.80286850067372,43.8333338176211,49.0805089057435));
#3152=CARTESIAN_POINT('Ctrl Pts',(4.36535980034974,52.1666671509544,49.2933909991272));
#3153=CARTESIAN_POINT('Ctrl Pts',(4.9281655478205,60.5000004842877,49.506558029889));
#3154=CARTESIAN_POINT('Ctrl Pts',(9.45187933989944,35.5000004842877,46.6824056294461));
#3155=CARTESIAN_POINT('Ctrl Pts',(11.1707691921945,43.8333338176211,46.8339018732955));
#3156=CARTESIAN_POINT('Ctrl Pts',(12.891450300579,52.1666671509544,46.9884202216876));
#3157=CARTESIAN_POINT('Ctrl Pts',(14.6103401528741,60.5000004842877,47.139916465537));
#3158=CARTESIAN_POINT('Ctrl Pts',(12.6266323468742,35.5000004842877,44.5437493042546));
#3159=CARTESIAN_POINT('Ctrl Pts',(15.0789946922943,43.8333338176211,44.6091044800575));
#3160=CARTESIAN_POINT('Ctrl Pts',(17.5313570377144,52.1666671509544,44.6744596558603));
#3161=CARTESIAN_POINT('Ctrl Pts',(19.9837193831345,60.5000004842877,44.7398148316632));
#3162=CARTESIAN_POINT('Origin',(-4.44089209850063E-15,35.5000004842877,
25.7999995306135));
#3163=CARTESIAN_POINT('Origin',(0.,32.5000004842877,17.0000002533197));
#3164=CARTESIAN_POINT('Origin',(0.,66.5000004842877,17.0000002533197));
#3165=CARTESIAN_POINT('Origin',(0.,66.5000004842877,0.));
#3166=CARTESIAN_POINT('Origin',(0.,34.5000004842877,17.0000002533197));
#3167=CARTESIAN_POINT('',(-27.5871769736745,34.5000004842877,10.6882948009091));
#3168=CARTESIAN_POINT('',(-11.6435590750023,34.5000004842877,42.7937493247858));
#3169=CARTESIAN_POINT('Origin',(0.,34.5000004842877,17.0000002533197));
#3170=CARTESIAN_POINT('',(-27.5871769736745,34.5000004842877,10.6882948009091));
#3171=CARTESIAN_POINT('',(-11.6435590750023,34.5000004842877,42.7937493247858));
#3172=CARTESIAN_POINT('Origin',(-4.44089209850063E-15,34.5000004842877,
25.7999995306135));
#3173=CARTESIAN_POINT('',(11.6435590750022,34.5000004842877,42.7937493247859));
#3174=CARTESIAN_POINT('Origin',(-4.44089209850063E-15,34.5000004842877,
25.7999995306135));
#3175=CARTESIAN_POINT('',(11.6435590750022,34.5000004842877,42.7937493247859));
#3176=CARTESIAN_POINT('Origin',(0.,34.5000004842877,17.0000002533197));
#3177=CARTESIAN_POINT('',(27.5871769736745,34.5000004842877,10.6882948009092));
#3178=CARTESIAN_POINT('Origin',(0.,34.5000004842877,17.0000002533197));
#3179=CARTESIAN_POINT('',(27.5871769736745,34.5000004842877,10.6882948009092));
#3180=CARTESIAN_POINT('Origin',(23.5059047545267,34.5000004842877,-7.15011350826998));
#3181=CARTESIAN_POINT('',(23.5059047545267,34.5000004842877,-7.15011350826998));
#3182=CARTESIAN_POINT('',(25.8318863306676,34.5000004842877,3.01627747152443));
#3183=CARTESIAN_POINT('',(23.5059047545267,34.5000004842877,-7.15011350826998));
#3184=CARTESIAN_POINT('Origin',(-23.5059047545267,34.5000004842877,-7.15011350826998));
#3185=CARTESIAN_POINT('',(-23.5059047545267,34.5000004842877,-7.15011350826998));
#3186=CARTESIAN_POINT('',(-11.7529523772633,34.5000004842877,-7.15011350826998));
#3187=CARTESIAN_POINT('',(-23.5059047545267,34.5000004842877,-7.15011350826998));
#3188=CARTESIAN_POINT('Origin',(-27.5871769736745,34.5000004842877,10.6882948009091));
#3189=CARTESIAN_POINT('',(-27.8725224402415,34.5000004842877,11.935481626114));
#3190=CARTESIAN_POINT('Origin',(29.5368008378566,32.5000004842877,10.2422378670862));
#3191=CARTESIAN_POINT('',(29.5368008378566,32.5000004842877,10.2422378670862));
#3192=CARTESIAN_POINT('Origin',(0.,32.5000004842877,17.0000002533197));
#3193=CARTESIAN_POINT('',(12.6266323468743,32.5000004842877,44.5437493042545));
#3194=CARTESIAN_POINT('Origin',(25.1,32.5000004842877,-9.15011350826998));
#3195=CARTESIAN_POINT('',(25.1,27.0000004842877,9.15011350826997));
#3196=CARTESIAN_POINT('',(25.1,32.5000004842877,9.15011350826997));
#3197=CARTESIAN_POINT('',(25.1,27.0000004842877,9.15011350826997));
#3198=CARTESIAN_POINT('Origin',(25.1,32.5000004842877,9.15011350826997));
#3199=CARTESIAN_POINT('',(25.1,27.0000004842877,9.15011350826997));
#3200=CARTESIAN_POINT('Origin',(13.8526864761321,32.5000004842877,34.5513865757537));
#3201=CARTESIAN_POINT('',(19.1383552948282,27.0000004842877,37.8201225170442));
#3202=CARTESIAN_POINT('',(19.1383552948282,32.5000004842877,37.8201225170442));
#3203=CARTESIAN_POINT('Origin',(13.8526864761321,27.0000004842877,34.5513865757537));
#3204=CARTESIAN_POINT('Origin',(-4.44089209850063E-15,32.5000004842877,
25.7999995306135));
#3205=CARTESIAN_POINT('',(-12.6266323468743,32.5000004842877,44.5437493042545));
#3206=CARTESIAN_POINT('',(-12.6266323468743,32.5000004842877,44.5437493042545));
#3207=CARTESIAN_POINT('',(-19.0747183272367,32.5000004842877,37.9208543163363));
#3208=CARTESIAN_POINT('Origin',(-4.44089209850063E-15,32.5000004842877,
25.7999995306135));
#3209=CARTESIAN_POINT('',(-19.0747183272367,27.0000004842877,37.9208543163363));
#3210=CARTESIAN_POINT('',(-19.0747183272367,32.5000004842877,37.9208543163363));
#3211=CARTESIAN_POINT('Origin',(-4.44089209850063E-15,27.0000004842877,
25.7999995306135));
#3212=CARTESIAN_POINT('Origin',(0.,32.5000004842877,17.0000002533197));
#3213=CARTESIAN_POINT('',(-29.5368008378566,32.5000004842877,10.2422378670862));
#3214=CARTESIAN_POINT('Origin',(0.,32.5000004842877,17.0000002533197));
#3215=CARTESIAN_POINT('',(-29.5368008378566,32.5000004842877,10.2422378670862));
#3216=CARTESIAN_POINT('Origin',(-25.1,32.5000004842877,-9.15011350826998));
#3217=CARTESIAN_POINT('',(-25.1,32.5000004842877,-9.15011350826998));
#3218=CARTESIAN_POINT('Origin',(-21.463315812084,32.5000004842877,17.6968178979923));
#3219=CARTESIAN_POINT('',(-20.0472191580182,32.5000004842877,34.0506925298133));
#3220=CARTESIAN_POINT('',(-19.3951755888259,32.5000004842877,25.9836893687227));
#3221=CARTESIAN_POINT('Origin',(-13.8526865205554,32.5000004842877,34.551386565494));
#3222=CARTESIAN_POINT('',(-25.1,32.5000004842877,13.4234657031311));
#3223=CARTESIAN_POINT('Origin',(-13.8526865205554,32.5000004842877,34.551386565494));
#3224=CARTESIAN_POINT('',(-20.0472191580182,27.0000004842877,34.0506925298133));
#3225=CARTESIAN_POINT('',(-20.0472191580182,32.5000004842877,34.0506925298133));
#3226=CARTESIAN_POINT('Origin',(-13.8526865205554,27.0000004842877,34.551386565494));
#3227=CARTESIAN_POINT('Origin',(-20.0472191580182,32.5000004842877,34.0506925298133));
#3228=CARTESIAN_POINT('',(-18.0345433109982,27.0000004842877,9.15011350826997));
#3229=CARTESIAN_POINT('Origin',(-4.44089209850063E-15,32.5000004842877,
25.7999995306135));
#3230=CARTESIAN_POINT('',(15.2999996647239,32.5000004842877,25.7999995306135));
#3231=CARTESIAN_POINT('',(-15.2999996647239,32.5000004842877,25.7999995306135));
#3232=CARTESIAN_POINT('Origin',(-4.44089209850063E-15,32.5000004842877,
25.7999995306135));
#3233=CARTESIAN_POINT('',(-15.2999996647239,34.5000004842877,25.7999995306135));
#3234=CARTESIAN_POINT('',(-15.2999996647239,32.5000004842877,25.7999995306135));
#3235=CARTESIAN_POINT('',(15.2999996647239,34.5000004842877,25.7999995306135));
#3236=CARTESIAN_POINT('Origin',(-4.44089209850063E-15,34.5000004842877,
25.7999995306135));
#3237=CARTESIAN_POINT('',(15.2999996647239,32.5000004842877,25.7999995306135));
#3238=CARTESIAN_POINT('Origin',(15.3,32.5000004842877,1.00000001490116));
#3239=CARTESIAN_POINT('',(15.3,32.5000004842877,1.00000001490116));
#3240=CARTESIAN_POINT('',(15.3,32.5000004842877,1.00000001490116));
#3241=CARTESIAN_POINT('',(15.3,34.5000004842877,1.00000001490116));
#3242=CARTESIAN_POINT('',(15.3,34.5000004842877,1.00000001490116));
#3243=CARTESIAN_POINT('',(15.3,32.5000004842877,1.00000001490116));
#3244=CARTESIAN_POINT('Origin',(-15.3,32.5000004842877,1.00000001490116));
#3245=CARTESIAN_POINT('',(-15.3,32.5000004842877,1.00000001490116));
#3246=CARTESIAN_POINT('',(-15.3,32.5000004842877,1.00000001490116));
#3247=CARTESIAN_POINT('',(-15.3,34.5000004842877,1.00000001490116));
#3248=CARTESIAN_POINT('',(-15.3,34.5000004842877,1.00000001490116));
#3249=CARTESIAN_POINT('',(-15.3,32.5000004842877,1.00000001490116));
#3250=CARTESIAN_POINT('Origin',(-15.2999996647239,32.5000004842877,25.7999995306135));
#3251=CARTESIAN_POINT('',(-15.3,32.5000004842877,1.00000001490116));
#3252=CARTESIAN_POINT('',(-15.3,34.5000004842877,1.00000001490116));
#3253=CARTESIAN_POINT('Origin',(0.,32.5000004842877,19.4749435960423));
#3254=CARTESIAN_POINT('',(-24.,32.5000004842877,-7.75011350826998));
#3255=CARTESIAN_POINT('',(-24.,32.5000004842877,8.05011350826997));
#3256=CARTESIAN_POINT('',(-24.,32.5000004842877,5.71241504388616));
#3257=CARTESIAN_POINT('',(24.,32.5000004842877,-7.75011350826998));
#3258=CARTESIAN_POINT('',(12.,32.5000004842877,-7.75011350826998));
#3259=CARTESIAN_POINT('',(24.,32.5000004842877,8.05011350826997));
#3260=CARTESIAN_POINT('',(24.,32.5000004842877,13.7625285521561));
#3261=CARTESIAN_POINT('',(16.8420445539229,32.5000004842877,8.05011350826997));
#3262=CARTESIAN_POINT('',(8.42102227696147,32.5000004842877,8.05011350826997));
#3263=CARTESIAN_POINT('',(18.9507948699772,32.5000004842877,34.1393142476594));
#3264=CARTESIAN_POINT('',(18.3004890471061,32.5000004842877,26.0938102229701));
#3265=CARTESIAN_POINT('',(18.2047354016898,32.5000004842877,37.238426387243));
#3266=CARTESIAN_POINT('Origin',(13.8526864761321,32.5000004842877,34.5513865757537));
#3267=CARTESIAN_POINT('',(-18.1484268952487,32.5000004842877,37.3275578682588));
#3268=CARTESIAN_POINT('Origin',(-4.44089209850063E-15,32.5000004842877,
25.7999995306135));
#3269=CARTESIAN_POINT('',(-18.9507949223608,32.5000004842877,34.1393147361909));
#3270=CARTESIAN_POINT('Origin',(-13.8526865205554,32.5000004842877,34.551386565494));
#3271=CARTESIAN_POINT('',(-16.8420445541846,32.5000004842877,8.05011350826997));
#3272=CARTESIAN_POINT('',(-17.2461138914018,32.5000004842877,13.0492098488243));
#3273=CARTESIAN_POINT('',(-12.,32.5000004842877,8.05011350826997));
#3274=CARTESIAN_POINT('Origin',(13.8526864761321,32.5000004842877,34.5513865757537));
#3275=CARTESIAN_POINT('',(18.9507948699772,27.0000004842877,34.1393142476594));
#3276=CARTESIAN_POINT('',(18.9507948699772,32.5000004842877,34.1393142476594));
#3277=CARTESIAN_POINT('',(18.2047354016898,27.0000004842877,37.238426387243));
#3278=CARTESIAN_POINT('Origin',(13.8526864761321,27.0000004842877,34.5513865757537));
#3279=CARTESIAN_POINT('',(18.2047354016898,32.5000004842877,37.238426387243));
#3280=CARTESIAN_POINT('Origin',(18.9507948699772,32.5000004842877,34.1393142476594));
#3281=CARTESIAN_POINT('',(16.8420445539229,27.0000004842877,8.05011350826997));
#3282=CARTESIAN_POINT('',(16.8420445539229,32.5000004842877,8.05011350826997));
#3283=CARTESIAN_POINT('',(16.8420445539229,27.0000004842877,8.05011350826997));
#3284=CARTESIAN_POINT('Origin',(16.8420445539229,32.5000004842877,8.05011350826997));
#3285=CARTESIAN_POINT('',(24.,27.0000004842877,8.05011350826997));
#3286=CARTESIAN_POINT('',(24.,32.5000004842877,8.05011350826997));
#3287=CARTESIAN_POINT('',(24.,27.0000004842877,8.05011350826997));
#3288=CARTESIAN_POINT('Origin',(24.,32.5000004842877,8.05011350826997));
#3289=CARTESIAN_POINT('',(24.,27.0000004842877,-7.75011350826998));
#3290=CARTESIAN_POINT('',(24.,32.5000004842877,-7.75011350826998));
#3291=CARTESIAN_POINT('',(24.,27.0000004842877,8.05011350826997));
#3292=CARTESIAN_POINT('Origin',(24.,32.5000004842877,-7.75011350826998));
#3293=CARTESIAN_POINT('',(-24.,27.0000004842877,-7.75011350826998));
#3294=CARTESIAN_POINT('',(-24.,32.5000004842877,-7.75011350826998));
#3295=CARTESIAN_POINT('',(-16.9573823306828,27.0000004842877,-7.75011350826998));
#3296=CARTESIAN_POINT('',(12.,27.0000004842877,-7.75011350826998));
#3297=CARTESIAN_POINT('',(-16.9573823306828,30.5000004842877,-7.75011350826998));
#3298=CARTESIAN_POINT('',(-16.9573823306828,32.5000004842877,-7.75011350826998));
#3299=CARTESIAN_POINT('',(16.9573823306828,30.5000004842877,-7.75011350826998));
#3300=CARTESIAN_POINT('',(12.,30.5000004842877,-7.75011350826998));
#3301=CARTESIAN_POINT('',(16.9573823306828,27.0000004842877,-7.75011350826998));
#3302=CARTESIAN_POINT('',(16.9573823306828,32.5000004842877,-7.75011350826998));
#3303=CARTESIAN_POINT('',(12.,27.0000004842877,-7.75011350826998));
#3304=CARTESIAN_POINT('Origin',(-24.,32.5000004842877,-8.05011350826998));
#3305=CARTESIAN_POINT('',(-24.,27.0000004842877,8.05011350826997));
#3306=CARTESIAN_POINT('',(-24.,32.5000004842877,8.05011350826997));
#3307=CARTESIAN_POINT('',(-24.,27.0000004842877,-8.05011350826998));
#3308=CARTESIAN_POINT('Origin',(-24.,32.5000004842877,8.05011350826997));
#3309=CARTESIAN_POINT('',(-16.8420445541846,27.0000004842877,8.05011350826997));
#3310=CARTESIAN_POINT('',(-16.8420445541846,32.5000004842877,8.05011350826997));
#3311=CARTESIAN_POINT('',(-24.,27.0000004842877,8.05011350826997));
#3312=CARTESIAN_POINT('Origin',(-16.8420445541846,32.5000004842877,8.05011350826997));
#3313=CARTESIAN_POINT('',(-18.9507949223608,27.0000004842877,34.1393147361909));
#3314=CARTESIAN_POINT('',(-18.9507949223608,32.5000004842877,34.1393147361909));
#3315=CARTESIAN_POINT('',(-16.8420445541846,27.0000004842877,8.05011350826997));
#3316=CARTESIAN_POINT('Origin',(-13.8526865205554,32.5000004842877,34.551386565494));
#3317=CARTESIAN_POINT('',(-18.1484268952487,27.0000004842877,37.3275578682588));
#3318=CARTESIAN_POINT('',(-18.1484268952487,32.5000004842877,37.3275578682588));
#3319=CARTESIAN_POINT('Origin',(-13.8526865205554,27.0000004842877,34.551386565494));
#3320=CARTESIAN_POINT('Origin',(-4.44089209850063E-15,32.5000004842877,
25.7999995306135));
#3321=CARTESIAN_POINT('Origin',(-4.44089209850063E-15,27.0000004842877,
25.7999995306135));
#3322=CARTESIAN_POINT('Origin',(2.22044604925031E-15,30.5000004842877,-8.60011350826998));
#3323=CARTESIAN_POINT('',(-16.9573823306828,30.5000004842877,-8.87511350826998));
#3324=CARTESIAN_POINT('',(16.9573823306828,30.5000004842877,-8.32511350826998));
#3325=CARTESIAN_POINT('Origin',(0.,34.5000004842877,19.6249430111718));
#3326=CARTESIAN_POINT('Origin',(16.9573823306828,32.5000004842877,-8.05011350826998));
#3327=CARTESIAN_POINT('',(16.9573823306828,27.0000004842877,-9.15011350826998));
#3328=CARTESIAN_POINT('Origin',(-16.9573823306828,32.5000004842877,-9.15011350826998));
#3329=CARTESIAN_POINT('',(-16.9573823306828,27.0000004842877,-9.15011350826998));
#3330=CARTESIAN_POINT('Origin',(-25.1,32.5000004842877,9.15011350826997));
#3331=CARTESIAN_POINT('',(-25.1,27.0000004842877,-9.15011350826998));
#3332=CARTESIAN_POINT('Origin',(0.,27.0000004842877,19.6249430111718));
#3333=CARTESIAN_POINT('',(0.,0.,0.));
#3334=UNCERTAINTY_MEASURE_WITH_UNIT(LENGTH_MEASURE(0.01),#3340,
'DISTANCE_ACCURACY_VALUE',
'Maximum model space distance between geometric entities at asserted c
onnectivities');
#3335=UNCERTAINTY_MEASURE_WITH_UNIT(LENGTH_MEASURE(0.01),#3340,
'DISTANCE_ACCURACY_VALUE',
'Maximum model space distance between geometric entities at asserted c
onnectivities');
#3336=UNCERTAINTY_MEASURE_WITH_UNIT(LENGTH_MEASURE(0.01),#3340,
'DISTANCE_ACCURACY_VALUE',
'Maximum model space distance between geometric entities at asserted c
onnectivities');
#3337=(
GEOMETRIC_REPRESENTATION_CONTEXT(3)
GLOBAL_UNCERTAINTY_ASSIGNED_CONTEXT((#3334))
GLOBAL_UNIT_ASSIGNED_CONTEXT((#3340,#3342,#3343))
REPRESENTATION_CONTEXT('','3D')
);
#3338=(
GEOMETRIC_REPRESENTATION_CONTEXT(3)
GLOBAL_UNCERTAINTY_ASSIGNED_CONTEXT((#3335))
GLOBAL_UNIT_ASSIGNED_CONTEXT((#3340,#3342,#3343))
REPRESENTATION_CONTEXT('','3D')
);
#3339=(
GEOMETRIC_REPRESENTATION_CONTEXT(3)
GLOBAL_UNCERTAINTY_ASSIGNED_CONTEXT((#3336))
GLOBAL_UNIT_ASSIGNED_CONTEXT((#3340,#3342,#3343))
REPRESENTATION_CONTEXT('','3D')
);
#3340=(
LENGTH_UNIT()
NAMED_UNIT(*)
SI_UNIT(.MILLI.,.METRE.)
);
#3341=(
LENGTH_UNIT()
NAMED_UNIT(*)
SI_UNIT($,.METRE.)
);
#3342=(
NAMED_UNIT(*)
PLANE_ANGLE_UNIT()
SI_UNIT($,.RADIAN.)
);
#3343=(
NAMED_UNIT(*)
SI_UNIT($,.STERADIAN.)
SOLID_ANGLE_UNIT()
);
#3344=SHAPE_DEFINITION_REPRESENTATION(#3346,#3349);
#3345=SHAPE_DEFINITION_REPRESENTATION(#3347,#3350);
#3346=PRODUCT_DEFINITION_SHAPE('',$,#3352);
#3347=PRODUCT_DEFINITION_SHAPE('',$,#3353);
#3348=PRODUCT_DEFINITION_SHAPE($,$,#14);
#3349=SHAPE_REPRESENTATION('',(#1396,#1499),#3337);
#3350=SHAPE_REPRESENTATION('',(#1397),#3338);
#3351=PRODUCT_DEFINITION_CONTEXT('part definition',#3359,'design');
#3352=PRODUCT_DEFINITION('version-4','version-4 v38',#3354,#3351);
#3353=PRODUCT_DEFINITION('trichter','trichter',#3355,#3351);
#3354=PRODUCT_DEFINITION_FORMATION('',$,#3361);
#3355=PRODUCT_DEFINITION_FORMATION('',$,#3362);
#3356=PRODUCT_RELATED_PRODUCT_CATEGORY('version-4 v38','version-4 v38',
(#3361));
#3357=PRODUCT_RELATED_PRODUCT_CATEGORY('trichter','trichter',(#3362));
#3358=APPLICATION_PROTOCOL_DEFINITION('international standard',
'automotive_design',2009,#3359);
#3359=APPLICATION_CONTEXT(
'Core Data for Automotive Mechanical Design Process');
#3360=PRODUCT_CONTEXT('part definition',#3359,'mechanical');
#3361=PRODUCT('version-4','version-4 v38',$,(#3360));
#3362=PRODUCT('trichter','trichter',$,(#3360));
#3363=PRESENTATION_STYLE_ASSIGNMENT((#3366));
#3364=PRESENTATION_STYLE_ASSIGNMENT((#3367));
#3365=PRESENTATION_STYLE_ASSIGNMENT((#3368));
#3366=SURFACE_STYLE_USAGE(.BOTH.,#3369);
#3367=SURFACE_STYLE_USAGE(.BOTH.,#3370);
#3368=SURFACE_STYLE_USAGE(.BOTH.,#3371);
#3369=SURFACE_SIDE_STYLE('',(#3372));
#3370=SURFACE_SIDE_STYLE('',(#3373));
#3371=SURFACE_SIDE_STYLE('',(#3374));
#3372=SURFACE_STYLE_FILL_AREA(#3375);
#3373=SURFACE_STYLE_FILL_AREA(#3376);
#3374=SURFACE_STYLE_FILL_AREA(#3377);
#3375=FILL_AREA_STYLE('Stahl - satiniert',(#3378));
#3376=FILL_AREA_STYLE('PEEK',(#3379));
#3377=FILL_AREA_STYLE('ABS (Wei\X\DF)',(#3380));
#3378=FILL_AREA_STYLE_COLOUR('Stahl - satiniert',#3381);
#3379=FILL_AREA_STYLE_COLOUR('PEEK',#3382);
#3380=FILL_AREA_STYLE_COLOUR('ABS (Wei\X\DF)',#3383);
#3381=COLOUR_RGB('Stahl - satiniert',0.627450980392157,0.627450980392157,
0.627450980392157);
#3382=COLOUR_RGB('PEEK',0.6,0.509803921568627,0.368627450980392);
#3383=COLOUR_RGB('ABS (Wei\X\DF)',0.964705882352941,0.964705882352941,0.952941176470588);
ENDSEC;
END-ISO-10303-21;
